example_id,customer_message,predicted_intent,retrieved_grounding_examples,drafted_reply,historical_spotify_reply,my_acceptable_reply_note,my_disagree_with_reply_note
E001,"@SpotifyCares Look, I know the geoip databases get @112074 wrong, but you KNOW MY BILLING ADDRESS. Stop using guesswork to market to me and USE MY PROVIDED INFORMATION. I have a right to rectification that you're making impossible. #DataProtection #GDPR https://t.co/OgDINBn6Uk

@SpotifyCares What more info do you need? The original tweet had it all.

@SpotifyCares Do you think it only affects me? That all other users get their correct location from your database but mine and mine alone is pulled from IP?

@SpotifyCares I've told you what's happening. I keep getting this with you - I don't work for you, I've given you more information about your bug than you'd get from a non-technical person and certainly enough to diagnose the issue. You have my username, why do you need my ip and email??

@SpotifyCares Is this the way your support works, DM PII or you refuse to help?",Account Access & Security,"[{""rank"": 1, ""similarity"": 0.572, ""customer_message"": ""Hey @115888 - I still don’t have access to my Spotify account after submitting information 10 months ago... can we fix this?"", ""spotify_reply"": ""@364803 Hi Cheyanne, help's here. Can you DM us your account's email address? We'll check backstage and see what we can suggest /NY https://t.co/ldFdZRiNAt""}, {""rank"": 2, ""similarity"": 0.56, ""customer_message"": ""@SpotifyCares ... and when I log into my spotify account on your website, it has a very old e-mail address of mine listed.  Service is running fine, but as stated in 1st tweet... something isn't in sync"", ""spotify_reply"": ""@236883 Hey there! We're here to help. Can you DM us your account's email address? We'll take a look under the hood /AN https://t.co/ldFdZRiNAt""}, {""rank"": 3, ""similarity"": 0.555, ""customer_message"": ""OK, it just happened again and I updated my account , @SpotifyCares can you help? Someone is hijacking my account.\n\n@SpotifyCares OK, I did all those steps, fingers crossed and Thanks!"", ""spotify_reply"": ""@135881 Hi there! We’re sorry to hear that. We'd suggest checking out https://t.co/iVpg60w61i for what to do next. Let us know if we can help with anything else /GN\n\n@135881 No worries! You know where to find us if you'll ever need our help again. We'll be right here for you 💚 /GN""}]",Hey! We'd love to help you get back into your account. Please drop us a DM with your account details and we'll take a closer look /SC https://t.co/ldFdZRiNAt,"@496327 Hi Matthew! Sorry to hear that. We'll help you out, just send us more info regarding your concern over DM and we'll start from there /SF https://t.co/ldFdZRiNAt

@496327 Got it. We need you to send us your IP address, email address and other info that we prefer you send us over DM. We'll be waiting /SF

@496327 We understand. We just want to take a closer look at your case and see what's specifically happening. Hope you DM us the info /SF https://t.co/ldFdZRiNAt

@496327 1: As the info we're requesting is private, it's better to get it through a DM. However, if you wish to stop receiving notifications...

@496327 2: through email, follow these steps: https://t.co/NikHCtXdso. Let's us know how you get on /SF","The customer has a GDPR/privacy concern that needs individual investigation, and the reply should address the concern without asking for unnecessary personal information publicly.",The historical reply kept asking for IP and email information without directly addressing the GDPR/right-to-rectification concern.
E002,I really wish there was a way to view your previous @115888 Discover Weekly playlists. I always forget to save songs before monday rolls in,Playlist & Library Management,"[{""rank"": 1, ""similarity"": 0.795, ""customer_message"": ""Damnit @SpotifyCares make it so we can go back and save a weekly playlist. Sometimes forget to save songs than by Monday they are gone.\n\n@SpotifyCares Ya, those 5 songs I really wanted to save from last week but can’t find now. Ha"", ""spotify_reply"": ""@682353 Hey there! We'll gladly let the right folks know it's something you'd like to see. Let us know if anything else comes up /BH\n\n@682353 We understand! Fingers crossed you'll find them again soon. If you need us again, just give us a shout. We're here around the clock 🙂 /BH""}, {""rank"": 2, ""similarity"": 0.591, ""customer_message"": ""@115888 you were the best app ever UNTIL.... you took away where you hold down and you can listen to a little of the song. Now idk what to really add to my playlists.. BRING IT BACK PLEASE!!!!!! #SpotifyMusic"", ""spotify_reply"": ""@760225 Hey! We have more info about this here: https://t.co/pXBCq8GlsI. Give us a shout if you have any questions /AK""}, {""rank"": 3, ""similarity"": 0.585, ""customer_message"": ""&gt; @115888 : Never thought about adding new songs at the top of the list ?? bottom is too far #SaveMyFinger by #UX @83467 @83468 https://t.co/8xzqxhKKGD"", ""spotify_reply"": ""@207311 Hey, thanks for the feedback. For now, you can follow the steps here: https://t.co/5hjtm5AdqM. Hope this helps /NY""}]",Hey! Discover Weekly refreshes every Monday and previous weeks aren't archived automatically. A good tip is to save your favorites or use IFTTT to automatically archive each week! /SC,"@737369 Hey, we hear you! We're passing on all feedback around this – thanks for sharing your thoughts 💚 /JP",Acknowledge the request for access to previous Discover Weekly playlists and explain whether they can be recovered or viewed.,
E003,"Hey @SpotifyCares did you take ""You shook me all night long"" off spotify just to piss me off? Why remove the greatest song ever made?

@SpotifyCares AC/DC....

@SpotifyCares Well done, guys. 👍🏼 https://t.co/s9HZ9EqjEX",Other / Unclear,"[{""rank"": 1, ""similarity"": 0.508, ""customer_message"": ""@SpotifyCares Thx spot"", ""spotify_reply"": ""@229355 Hey! We've just sent you a bit more info over DM. We'll carry on helping out there /SP\n\n@229355 No worries, we're always happy to help! Give us a shout if you need us again /SP""}, {""rank"": 2, ""similarity"": 0.499, ""customer_message"": ""@SpotifyCares https://t.co/777rIXhISF"", ""spotify_reply"": ""@499051 Hey Cora! Could you send us a DM with your account's email address? We'll take a look backstage /CH https://t.co/ldFdZRiNAt""}, {""rank"": 3, ""similarity"": 0.479, ""customer_message"": ""Also.... WTH? @SpotifyCares https://t.co/ZrXcentOEe"", ""spotify_reply"": ""@603559 Hey! There's more info here: https://t.co/pXBCq8GlsI. Also, It's best to try a reinstall: https://t.co/3FU57oyTNJ. Keep us in the loop /KL""}]",Hey there! Thanks for reaching out to Spotify Support. How can we help you out today? Feel free to let us know what's on your mind /SC,"@116394 Hey Dustin, we're sorry to hear that! Can you let us know the name of the artist of that track? We'll check it out /NS

@116394 Thanks. Sometimes content gets temporarily removed because of licensing changes. Hopefully we'll have it available again soon! /NS

@116394 Sorry about that. We’d love to have all of their stuff available, but we have some info about content here: https://t.co/MEjmIRL2eB /JQ",Explain that the track may be unavailable because of licensing and provide any relevant information about its availability.,
E004,"very confused atm. i'm listening to an FFDP album on @115888 and this song is on: https://t.co/385PHThNfV except it's very clearly Bad Company. the track labeled as Bad Company (https://t.co/No1xPvx7Of) is actually War is the Answer. pls fix @SpotifyCares

@SpotifyCares Still wrong on my end! https://t.co/iZFfqUcg6E Easy to tell since the official lengths of the songs are 4:22 for Bad Company and ~3:20 for War Is The Answer: https://t.co/46wLgDhPfI

@SpotifyCares I'm on an MSI laptop running Windows 10 and spotify version 1.0.67.582.g19436fa3

@SpotifyCares I didn't get a chance to reinstall but I checked on two other devices (my phone &amp; PC) and think I figured it out. If you search directly for the album, it's correct (https://t.co/FkL35W5T66 -&gt; https://t.co/8L81ukNYXK), but the artist page is wrong (https://t.co/itNnTnIsy7).",Playback & Technical Errors,"[{""rank"": 1, ""similarity"": 0.537, ""customer_message"": ""@115888 @123765 why doesn't it allow me to preview songs off my timeline? The song shows that its loading but nothing plays\n\n@SpotifyCares Samsung 7 edge\n\n@SpotifyCares No it did not\n\n@SpotifyCares No error message, it just doesn't load... I'll send  a pic\n\n@SpotifyCares  https://t.co/Q6FcGeawVg\n\n@SpotifyCares It happens with every track i try to preview\n\n@SpotifyCares And reinstalling it did nothing\n\n@SpotifyCares For spotify or twitter?"", ""spotify_reply"": ""@363423 Hey! Don’t worry, we can help. Can you let us know the device/OS you’re using? We'll see what we can suggest /CO\n\n@363423 Thanks. Have you tried logging out &gt; restarting your device &gt; then logging back in? Does that help at all? /CO\n\n@363423 Hmm. Are you getting any error messages? Can you send us a screenshot or a clip of what happens when you select a track to play? /CO\n\n@363423 Got it. Does this happen with any track? It's not ideal, but the exact steps here should help out: https://t.co/EqisDMwZAT /CO\n\n@363423 Alright, thanks for trying that. Could you send us a DM with your account's email address or username? We'll take a look backstage /CO https://t.co/ldFdZRiNAt\n\n@363423 Oops! Our apologies for the confusion. We're asking for your Spotify account details. We'll be waiting /CO https://t.co/ldFdZRiNAt""}, {""rank"": 2, ""similarity"": 0.533, ""customer_message"": ""@SpotifyCares My song on Spotify seems to have a few audible glitches, and it only happens on @115888 https://t.co/3jKDyLrMp7\n\n@SpotifyCares 9 seconds to 2:37. Any device. But it's not present on other streaming services"", ""spotify_reply"": ""@487884 Hey, help's here! Can you let us know at which point of the track you're getting the glitches? Does this happen with any device? /CO\n\n@487884 Hmm. We'd like to share more info with you in private. Could you send us a DM? /CO https://t.co/ldFdZRiNAt""}, {""rank"": 3, ""similarity"": 0.515, ""customer_message"": ""@SpotifyCares sent a reply in dm, can we fix the issue so I can stream soon? ☹️"", ""spotify_reply"": ""@305513 Hey Tony, we've just sent a DM your way. Let's carry on chatting there 🙂 /DH""}]","Hey! Thanks for reporting this. Could you try restarting your device and testing on a fresh connection? If the issue continues, let us know your Spotify version /SC","@766862 Hey there! We've checked it out, and everything seems to be fine on our end. Could you try logging out and logging back in again? That should fix the issue. Let us know how it goes 🙂 /KA

@766862 Hmm. Can you tell us your device, operating system, and the version of Spotify you're using? It'd also be great if you could try reinstalling the app by following the steps here: https://t.co/EqisDMwZAT /KA

@766862 Thanks! Just to check, have you already tried reinstalling the app? If so, can you let us know how it went? Also, if you have any other devices, we suggest checking the tracks over there to see if you stumble across the same issue. Keep us posted /KA

@766862 Hmm, that's odd! Can you DM us your account's email address or username? We'll take a look backstage /GT https://t.co/ldFdZRiNAt","The issue persists across devices and appears to be a deeper track/metadata problem, so further investigation is needed.",The historical reply spent too much time on generic troubleshooting before recognizing that the problem persisted across devices.
E005,@115888 can y'all please update your roku app,Feature Requests & Device Support,"[{""rank"": 1, ""similarity"": 0.564, ""customer_message"": ""@115888 you should have frequencies of radio stations"", ""spotify_reply"": ""@496732 We can see how that’d be useful! Suggest it in our Community where you can get support from other fans: https://t.co/WgY7GXI7jf /JN""}, {""rank"": 2, ""similarity"": 0.56, ""customer_message"": ""@116130 Any chance of an apple tv app anytime soon?"", ""spotify_reply"": ""@520153 Hey Jonathan! We don't have any info on this right now, but we'll let the right team know it's something you'd like to see /GU""}, {""rank"": 3, ""similarity"": 0.54, ""customer_message"": ""Hey @115888 when’re you releasing the #iPhoneX version of your app?"", ""spotify_reply"": ""@707889 Hey, we’re working on it as we speak. Stay tuned! /MA""}]",Hey! Thanks for sharing this suggestion with us. We love hearing your ideas and we'll make sure to pass this feedback along to our product team /SC,@348909 Hey there! Can you tell us what's happening exactly? We'll see what we can suggest /CH,Acknowledge the Roku app request and provide relevant update or support information.,
E006,please please please please get rid of the 3k offline download limit my plants are dying @115888 @SpotifyCares,Feature Requests & Device Support,"[{""rank"": 1, ""similarity"": 0.505, ""customer_message"": ""@115888 please put the lyrics back in the desktop app i need it\n\n@SpotifyCares ITS BEEN OVER A YEAR AGO COME ON\n\n@SpotifyCares thanks bae"", ""spotify_reply"": ""@451866 Hi, we hear you! Any updates will be posted at https://t.co/osebD49Qxe. We'd recommend voting to support the idea, too /RB\n\n@451866 We understand how you feel. Don't worry, we'll let the right team know it's something you'd like to see /RB\n\n@451866 You're welcome! Let us know if you ever need us again. We'd be... https://t.co/LgAM6ky9Vv /RB""}, {""rank"": 2, ""similarity"": 0.494, ""customer_message"": ""In desperate need of this Spotify iPhone X update"", ""spotify_reply"": ""@529915 We don't have anything to share yet, but we'll be sure to post updates on this. Give us a shout if you need anything else /CO""}, {""rank"": 3, ""similarity"": 0.457, ""customer_message"": ""@115888 Please bring Spotify to #BlackBerry10"", ""spotify_reply"": ""@254216 Hey there! We hear you loud and clear. We can’t make any promises but we’ll pass your feedback onto the right folks /NQ""}]","Hey! The current offline limit is 3,333 songs per device on up to 3 devices. You can add your vote to the request to increase this limit on the Spotify Community Idea Exchange! /SC","@200758 Hi Claudia, we hear you! We’d love to see your vote, and hear your feedback on this idea: https://t.co/Z9OErWpTNz /GT",Acknowledge the request to remove or increase the offline download limit and provide the relevant feedback option.,
E007,"@SpotifyCares Can't join the Premium of Family Plan.The error message is either: 4 @ Undefine - Oops something went wrong, please try again

@SpotifyCares Tried Solution: -Clear Cookies, Open in Incognito, Change Devices. Exactly same address. None of these help.",Account Access & Security,"[{""rank"": 1, ""similarity"": 0.702, ""customer_message"": ""So annoyed at @SpotifyCares. I pay for Spotify premium but it says it's 'unable' to log me in with an email and password I know is correct 😡"", ""spotify_reply"": ""@201245 Hey Charlie! Can you DM us your account's email address and username? We'll take a look backstage /SU https://t.co/ldFdZRiNAt""}, {""rank"": 2, ""similarity"": 0.671, ""customer_message"": ""@SpotifyCares how do I get onto an account that has premium but I have no access to? Or cancel it?"", ""spotify_reply"": ""@777590 Hey Abbie! We've just sent you a bit more info over DM. We'll carry on helping out there /DD""}, {""rank"": 3, ""similarity"": 0.63, ""customer_message"": ""@SpotifyCares ... and when I log into my spotify account on your website, it has a very old e-mail address of mine listed.  Service is running fine, but as stated in 1st tweet... something isn't in sync"", ""spotify_reply"": ""@236883 Hey there! We're here to help. Can you DM us your account's email address? We'll take a look under the hood /AN https://t.co/ldFdZRiNAt""}]",Hey! We'd love to help you get back into your account. Please drop us a DM with your account details and we'll take a closer look /SC https://t.co/ldFdZRiNAt,"@593569 Hey Mirza, help's here! Can you DM us your account's username and email address? We'll get this sorted /TY https://t.co/ldFdZRiNAt","The customer already tried several fixes, so the Family Plan issue needs account-level investigation.",
E008,Got to love having my @115888 account hacked ...😑 some random person playing Swedish pop music is brilliant https://t.co/oZtfSaZ5Kt,Account Access & Security,"[{""rank"": 1, ""similarity"": 0.656, ""customer_message"": ""I'm pissed because someone hacked my @115888 and now all my playlists are gone. #trash"", ""spotify_reply"": ""@653045 Hey! We’re sorry to hear that. Can you DM us your account's email address or username? We'll take a look backstage /KM https://t.co/ldFdZRiNAt""}, {""rank"": 2, ""similarity"": 0.601, ""customer_message"": ""@115888 hello I believe my account has been compromised"", ""spotify_reply"": ""@233791 Hey Fred, help's here! Could you DM us your account's email address and username? We'll take a look backstage /CG https://t.co/ldFdZRiNAt""}, {""rank"": 3, ""similarity"": 0.549, ""customer_message"": ""@115888 someone is hacking my account; Why can't I readily find a support phone # or email to fix it? It's shitty and you know it."", ""spotify_reply"": ""@364275 1: Hi JoAnne! Sorry to hear that. We don't have phone support right now, but we'll be glad to help you via Twitter. You can also get... /AU\n\n@364275 2: in touch with our Email team at https://t.co/XGIC7aZtMa. Let us know how you'd like to proceed /AU""}]",Hey there! We take account security very seriously. Please send us a DM right away with your account's email address or username so our team can help secure and recover your account /SC https://t.co/ldFdZRiNAt,@769073 @116130 Hey Greg! We're here to help. Can you DM us your account's email address? We'll take a look under the hood /AN https://t.co/ldFdZRiNAt,"The account appears compromised, so the reply should focus on securing and recovering the account.",
E009,"@115888 my account has been hacked! How has this happened. Please sort ASAP, I have emailed the email mailto:__email__

@115888 Please don’t tell me I will have lost all of my playlists??? I can’t login at all

@SpotifyCares",Account Access & Security,"[{""rank"": 1, ""similarity"": 0.804, ""customer_message"": ""@SpotifyCares my account has been hijacked and they also changed my email. I just reset my password tho and I hope it won’t happen again. I’m a premium user so please take this as a serious matter now that I know some ppl are complaining the same."", ""spotify_reply"": ""@442196 Hey there! We're sorry to hear that. Could you send us your account's username or email address via DM? We'll take a look backstage /LP https://t.co/ldFdZR1cbT""}, {""rank"": 2, ""similarity"": 0.783, ""customer_message"": ""I'm pissed because someone hacked my @115888 and now all my playlists are gone. #trash"", ""spotify_reply"": ""@653045 Hey! We’re sorry to hear that. Can you DM us your account's email address or username? We'll take a look backstage /KM https://t.co/ldFdZRiNAt""}, {""rank"": 3, ""similarity"": 0.777, ""customer_message"": ""@SpotifyCares You guys deleted all my playlists when I asked you to disconnect all the extra devices that were using all my accounts.. I've been building those for five years. Please fix!\n\n@SpotifyCares and you downgraded my account in the process.. no email response, just completely reset my account.. ridiculous!!!"", ""spotify_reply"": ""@709746 Hey Nathan! Help's here. Could you DM us your account's username or email address? We'll take a look backstage /TM https://t.co/ldFdZRiNAt""}]",Hey there! We take account security very seriously. Please send us a DM right away with your account's email address or username so our team can help secure and recover your account /SC https://t.co/ldFdZRiNAt,@779264 Hey! That doesn't sound good. Could you DM us your account's email address? We'll take a look backstage /AU https://t.co/ldFdZRiNAt,"The customer cannot access a hacked account, so recovery and account security should be handled by support.",
E010,@115888 why oh why is reputation not streaming😫,Content Availability & Licensing,"[{""rank"": 1, ""similarity"": 0.719, ""customer_message"": ""When is #reputation coming to @115888? 😭"", ""spotify_reply"": ""@393512 Hi! Taylor Swift's 'Reputation' isn't available to stream just yet – stay tuned! For now, check out the singles: https://t.co/3h0TnPWP0c /NH""}, {""rank"": 2, ""similarity"": 0.708, ""customer_message"": ""Why isn’t #reputation on @115888 or @116380 yet? Like Come on! It released 2 days ago and it still isn’t there 😭😭"", ""spotify_reply"": ""@280370 Hi! Taylor Swift's 'Reputation' isn't available to stream just yet – stay tuned! For now, check out the singles: https://t.co/3h0TnPWP0c /JU""}, {""rank"": 3, ""similarity"": 0.6, ""customer_message"": ""@115888 where is 'Reputation'?! https://t.co/fc04Wpbakl\n\n@SpotifyCares I already have heard them.. I want to listen to the album\n\n@SpotifyCares I hope so"", ""spotify_reply"": ""@665442 Taylor Swift's 'Reputation' isn't available to stream just yet – stay tuned! For now, check out the singles: https://t.co/3h0TnPWP0c /DF\n\n@665442 Fingers crossed we'll be able to have it soon! Don't worry, we'll pass your feedback on to the team /KM\n\n@665442 We'll do our best to have it available to you and other listeners. If there's anything else, just let us know! /KM""}]","Hey! We don't have Taylor Swift's Reputation album available to stream right now, but we hope to have it on Spotify soon. In the meantime, you can enjoy her available singles and playlists /SC","@653034 Hi! Taylor Swift's 'Reputation' isn't available to stream just yet – stay tuned! For now, check out the singles: https://t.co/3h0TnPWP0c /CO",Explain why the album is not yet available and provide relevant availability information.,
E011,"@115888 next update: make a sleep timer option. also, try and get comparability with Siri.",Feature Requests & Device Support,"[{""rank"": 1, ""similarity"": 0.563, ""customer_message"": ""@115888 when are you guys gonna put in a sleep timer on the app?"", ""spotify_reply"": ""@366456 Hey there! A sleep timer is a great idea. Help make it happen by adding support here: https://t.co/pMmX7wXq24 /RS""}, {""rank"": 2, ""similarity"": 0.54, ""customer_message"": ""When is @115888 going to put a sleep timer in their settings? \nBecause I could use that right now."", ""spotify_reply"": ""@205918 Hey Lauren! A sleep timer is a great idea. Help make it happen by adding support here: https://t.co/pMmX7wXq24 /RA""}, {""rank"": 3, ""similarity"": 0.421, ""customer_message"": ""When is @115888 going to be updated for the iPhone X? It’s about time."", ""spotify_reply"": ""@703401 Hey Cibelly! We understand - we’re working on it as we speak. Stay tuned 🎶 /FR""}]",Hey! A sleep timer is a popular idea. Be sure to add your support to the official idea on the Spotify Community so our team knows you want it! /SC,"@478733 1: Hi there. A sleep timer is a great idea! Help make it happen by adding support here: https://t.co/pMmX7wXq24...

@478733 2: We don't have more info to share about Siri integration at the moment. Watch this space for updates: https://t.co/3KnTWglNFC /MG",Acknowledge the sleep timer and Siri requests and provide any available information or feedback option.,
E012,"@SpotifyCares hi how do I download Spotify to my tv?!

@SpotifyCares Thank you! 🙂",Other / Unclear,"[{""rank"": 1, ""similarity"": 0.674, ""customer_message"": ""@SpotifyCares please help. My username is Austinbullard22 https://t.co/UbhGY64Dub"", ""spotify_reply"": ""@466178 Hey James! Sorry for the delay. We've just sent you a bit more info over DM. We'll carry on helping out there /KB""}, {""rank"": 2, ""similarity"": 0.659, ""customer_message"": ""@SpotifyCares I need help on my Spotify account. I DM’d you guys earlier"", ""spotify_reply"": ""@502630 Hi Anthony! We've replied to your DM. Let's carry on chatting there 🙂 /RI""}, {""rank"": 3, ""similarity"": 0.636, ""customer_message"": ""@SpotifyCares hi there\n\n@SpotifyCares Need some help please\n\n@SpotifyCares I'd rather chat in the main room"", ""spotify_reply"": ""@329940 Hi Jay. We've just sent a DM your way. Let's carry on chatting there /JU""}]",Hey there! Thanks for reaching out to Spotify Support. How can we help you out today? Feel free to let us know what's on your mind /SC,"@135632 Hi! We have more info on that here: https://t.co/I5ZicdxVMi. Let us know if you need anything else /SV

@135632 Any time! https://t.co/SABr6eaySK /SV",Give clear steps for getting Spotify onto a compatible TV.,
E013,"@115888 your Mac based app is terrible, slow and constantly crashes. Latest updates have done nothing to improve it",Feature Requests & Device Support,"[{""rank"": 1, ""similarity"": 0.597, ""customer_message"": ""@115888 please tell me you’re going to release an AppleWatch app soon!? Want to run w/o phone!"", ""spotify_reply"": ""@541189 Hey there! Check out the official idea and add your vote to let our devs know it's something you'd like to see: https://t.co/SEK4E3YGDs /DD""}, {""rank"": 2, ""similarity"": 0.561, ""customer_message"": ""Hey @115888 when’re you releasing the #iPhoneX version of your app?"", ""spotify_reply"": ""@707889 Hey, we’re working on it as we speak. Stay tuned! /MA""}, {""rank"": 3, ""similarity"": 0.506, ""customer_message"": ""When is @115888 going to be updated for the iPhone X? It’s about time."", ""spotify_reply"": ""@703401 Hey Cibelly! We understand - we’re working on it as we speak. Stay tuned 🎶 /FR""}]",Hey! Thanks for sharing this suggestion with us. We love hearing your ideas and we'll make sure to pass this feedback along to our product team /SC,"@541522 Hey Chris, help's here. Can you let us know the exact OS X and Spotify versions you're using? We'll see what we can suggest /AY","The Mac app has persistent crashing and performance problems, so further technical investigation is appropriate.",The response only asked for OS and version information and did not yet address the repeated crashing problem.
E014,"@SpotifyCares Hey, Add ""Miss You"" by @3212 on ""Today's Top Hits"" playlist! @115888",Other / Unclear,"[{""rank"": 1, ""similarity"": 0.715, ""customer_message"": ""@SpotifyCares Thx spot"", ""spotify_reply"": ""@229355 Hey! We've just sent you a bit more info over DM. We'll carry on helping out there /SP\n\n@229355 No worries, we're always happy to help! Give us a shout if you need us again /SP""}, {""rank"": 2, ""similarity"": 0.694, ""customer_message"": ""@SpotifyCares https://t.co/777rIXhISF"", ""spotify_reply"": ""@499051 Hey Cora! Could you send us a DM with your account's email address? We'll take a look backstage /CH https://t.co/ldFdZRiNAt""}, {""rank"": 3, ""similarity"": 0.652, ""customer_message"": ""@SpotifyCares please help. My username is Austinbullard22 https://t.co/UbhGY64Dub"", ""spotify_reply"": ""@466178 Hey James! Sorry for the delay. We've just sent you a bit more info over DM. We'll carry on helping out there /KB""}]",Hey there! Thanks for reaching out to Spotify Support. How can we help you out today? Feel free to let us know what's on your mind /SC,@260318 Hey! We've just sent a DM your way. Check your Messages /MV,Acknowledge the request to add the song to Today’s Top Hits and explain whether the request can be accommodated.,
E015,stop playing and bring back the touch preview option @115888,Playlist & Library Management,"[{""rank"": 1, ""similarity"": 0.473, ""customer_message"": ""When you want to create a playlist on @115888 and it isn’t working 🙄😫"", ""spotify_reply"": ""@807659 Hi there, thanks for bearing with us. Spotify should be working perfectly again! /JS""}, {""rank"": 2, ""similarity"": 0.426, ""customer_message"": ""@115888 @116130 why is there no option for a ‘clear all’ in the recently played section? It’s very tedious doing it one by one 😴 #iphone"", ""spotify_reply"": ""@537031 Hey Kirk, the cavalry's arrived! We can see how that’d be useful! You can vote for the official idea here: https://t.co/KKJ7MP4h4F /PX""}, {""rank"": 3, ""similarity"": 0.389, ""customer_message"": ""@115888 hey can you guys make an update where i can upload pictures + descriptions on playlists on the app"", ""spotify_reply"": ""@479479 Hey Miranda! We'll gladly let the right folks know it's something you'd like to see. Give us a shout if you need us 🙂 /BH""}]",Hey! We're here to help with your music collection. Let us know what device you're using and what specifically you'd like to adjust in your playlists! /SC,@804369 Hey there! We have more info about this here: https://t.co/pXBCq8GlsI /KL,Acknowledge the request to bring back the touch preview feature and provide the relevant information or feedback path.,The historical response was quite vague and did not directly explain what happened to the feature.
E016,But also woke up to realise @115888 has deleted my whole library 🤔  #winsomelosesome #startinganewsonglist #mysundaysorted,Account Access & Security,"[{""rank"": 1, ""similarity"": 0.637, ""customer_message"": ""I'm pissed because someone hacked my @115888 and now all my playlists are gone. #trash"", ""spotify_reply"": ""@653045 Hey! We’re sorry to hear that. Can you DM us your account's email address or username? We'll take a look backstage /KM https://t.co/ldFdZRiNAt""}, {""rank"": 2, ""similarity"": 0.452, ""customer_message"": ""@SpotifyCares You guys deleted all my playlists when I asked you to disconnect all the extra devices that were using all my accounts.. I've been building those for five years. Please fix!\n\n@SpotifyCares and you downgraded my account in the process.. no email response, just completely reset my account.. ridiculous!!!"", ""spotify_reply"": ""@709746 Hey Nathan! Help's here. Could you DM us your account's username or email address? We'll take a look backstage /TM https://t.co/ldFdZRiNAt""}, {""rank"": 3, ""similarity"": 0.421, ""customer_message"": ""@115888 hello I believe my account has been compromised"", ""spotify_reply"": ""@233791 Hey Fred, help's here! Could you DM us your account's email address and username? We'll take a look backstage /CG https://t.co/ldFdZRiNAt""}]",Hey! We'd love to help you get back into your account. Please drop us a DM with your account details and we'll take a closer look /SC https://t.co/ldFdZRiNAt,"@579120 Hi Lisa-Marie! This shouldn't be happening. Did everything under Library disappear, or were your offline songs desynced? We'll help /SC","The customer says their entire library disappeared, so the issue needs account-specific investigation.",The reply asked whether everything disappeared but did not immediately move toward account recovery despite the major data-loss concern.
E017,soo apperently @115888 doesnt let me download the app since im not in the country lmao is it my email?,Account Access & Security,"[{""rank"": 1, ""similarity"": 0.531, ""customer_message"": ""@115888 someone is hacking my account; Why can't I readily find a support phone # or email to fix it? It's shitty and you know it."", ""spotify_reply"": ""@364275 1: Hi JoAnne! Sorry to hear that. We don't have phone support right now, but we'll be glad to help you via Twitter. You can also get... /AU\n\n@364275 2: in touch with our Email team at https://t.co/XGIC7aZtMa. Let us know how you'd like to proceed /AU""}, {""rank"": 2, ""similarity"": 0.513, ""customer_message"": ""@115888 hello I believe my account has been compromised"", ""spotify_reply"": ""@233791 Hey Fred, help's here! Could you DM us your account's email address and username? We'll take a look backstage /CG https://t.co/ldFdZRiNAt""}, {""rank"": 3, ""similarity"": 0.464, ""customer_message"": ""So annoyed at @SpotifyCares. I pay for Spotify premium but it says it's 'unable' to log me in with an email and password I know is correct 😡"", ""spotify_reply"": ""@201245 Hey Charlie! Can you DM us your account's email address and username? We'll take a look backstage /SU https://t.co/ldFdZRiNAt""}]",Hey! We'd love to help you get back into your account. Please drop us a DM with your account details and we'll take a closer look /SC https://t.co/ldFdZRiNAt,@664234 Hi there! We've just sent a DM your way. Let's carry on chatting there /AU,Explain whether the app is available in the customer's country and what they can do next.,
E018,"@115888 the last version of Spotify on IPhone crashes often. It is getting annoying. When will there be an update with bug fixes?

@SpotifyCares Spotify version 8.4.28.1104 IOS version 11.0.3 (IPhone 6)

@SpotifyCares Yes, at random moments",Playback & Technical Errors,"[{""rank"": 1, ""similarity"": 0.659, ""customer_message"": ""@115888 See if you ever want to make an IOS app that works? That’d be great.\n\n@SpotifyCares IOS11 on an iPhone 6s, playing a playlist on shuffle it’ll just stop and won’t play anything else again even if I close and open again.\n\n@SpotifyCares Even tried reinstalling two or three times\n\n@SpotifyCares No none at all, really strange and really frustrating when you’re on the speaker at a party. Not a premium account if that helps at all\n\n@SpotifyCares Seems to be most of the ones I listened to, specifically Eminem relapse and bugzy malone king of the north and it happens on both"", ""spotify_reply"": ""@349085 Hey, help's here! What’s happening exactly? Can you let us know the device, iOS and Spotify version you’re using? /YM\n\n@349085 That's odd. Are you getting any specific error messages? We'll see what we can suggest /YM\n\n@349085 Hmm. Is this happening to all playlists or albums? Also, does the issue occur while on 3G/4G, WiFi, or both? /YM\n\n@349085 Can you send us the links to these albums or playlists via DM? Just tap the three dots &gt; Share &gt; Copy Link. We'll take a look backstage /YM https://t.co/ldFdZRiNAt""}, {""rank"": 2, ""similarity"": 0.649, ""customer_message"": ""How is it that every update to the @115888 android app makes it progressively worse?\n\n@SpotifyCares it's very slow and unresponsive. Takes a while for the app to load. Sony Z2 running Android 5.1.1.\n\n@SpotifyCares i never had any problems with older versions of the app.\n\n@SpotifyCares I appreciate that the phone is 3 years old but the app used to work flawlessly. Each version now seems slower/ worse.\n\n@SpotifyCares 8.4.17.640.... Apparently 😉 https://t.co/alDUpdvlyt\n\n@SpotifyCares No, restarting doesn't help. Tbh i don't think there is much you can do. It's more that i wanted to provide some feedback​."", ""spotify_reply"": ""@392151 Hey! Can you let us know what's happening exactly? We'll keep an eye out for your message /RC\n\n@392151 Can you let us know the Spotify version that you're using? We'll see what we can suggest /RC\n\n@392151 Got it. Does logging out and restarting your device help? Let us know how it goes /RC\n\n@392151 Hmm. We've just released a new version of the app. Could you try if upgrading helps? Just follow the steps here: https://t.co/EqisDMwZAT /RC""}, {""rank"": 3, ""similarity"": 0.649, ""customer_message"": ""@115888 wtf is going on with your app? I can’t play most songs\n\n@SpotifyCares When I click certain songs nothing happens. Same thing happened to my friend\n\n@SpotifyCares iPhone 8, and I’m running the most up to date iOS and Spotify\n\n@SpotifyCares Tried both. Neither worked"", ""spotify_reply"": ""@440991 Hi! We're here to help. Just to check, are you getting a specific error message? If so, can you send us a screenshot? We'll take a look /DD\n\n@440991 Hmm. Can you let us know the device, operating system, and Spotify version you're running? We'll see what we can suggest /DD\n\n@440991 Thanks. Does logging out and back in to your account help? If not, can you check if restarting your phone does the trick? /DD\n\n@440991 Thanks for trying! Can you DM us your account's email address or username? We'll have a look under the hood /DD https://t.co/ldFdZRiNAt""}]",Hey there! That doesn't sound right. Could you let us know what device and Spotify version you're running? We'll see what troubleshooting steps we can suggest /SC,"@812745 Hey, help's here! Can you let us know the device, OS, and Spotify version you're using? We'll see what we can suggest /JN

@812745 Thanks! Does the app crash whenever you play your music? /JN

@812745 Got it. Does turning your device off, then back on again help? /JN","The app repeatedly crashes even after the customer provided device and version details, so deeper troubleshooting is needed.",The historical reply kept using basic troubleshooting instead of addressing the repeated crashes more directly.
E019,"Dear @115888 today’s New Music Friday was eh. No depth. May I make a suggestion? @188031

@SpotifyCares I’ll be waiting till next Friday hoping for some ear porn. Thanks for chatting",Other / Unclear,"[{""rank"": 1, ""similarity"": 0.52, ""customer_message"": ""@SpotifyCares Thx spot"", ""spotify_reply"": ""@229355 Hey! We've just sent you a bit more info over DM. We'll carry on helping out there /SP\n\n@229355 No worries, we're always happy to help! Give us a shout if you need us again /SP""}, {""rank"": 2, ""similarity"": 0.51, ""customer_message"": ""@SpotifyCares hi there\n\n@SpotifyCares Need some help please\n\n@SpotifyCares I'd rather chat in the main room"", ""spotify_reply"": ""@329940 Hi Jay. We've just sent a DM your way. Let's carry on chatting there /JU""}, {""rank"": 3, ""similarity"": 0.509, ""customer_message"": ""@SpotifyCares https://t.co/777rIXhISF"", ""spotify_reply"": ""@499051 Hey Cora! Could you send us a DM with your account's email address? We'll take a look backstage /CH https://t.co/ldFdZRiNAt""}]","Hey! While we don't offer phone support, our Twitter team is here 24/7, and you can also reach our live chat team directly at https://t.co/manM05TIUL /SC","@188030 1: Hey Vanessa! Our Curation team are independent &amp; use taste, data, research, and trends to create playlists, but we’ll...

@188030 2: pass on your suggestion. Let us know how you get on /MQ

@188030 No worries! If you ever need us again, just shout 🙂 /MQ",Acknowledge the feedback about New Music Friday and explain that the suggestion can be passed to the curation team.,
E020,"@SpotifyCares My student discount was terminated, but I am definitely still a student. Help",Subscription & Billing Issues,"[{""rank"": 1, ""similarity"": 0.766, ""customer_message"": ""@SpotifyCares - I'm trying to update my payment info for premium, but it'll only let me do so for the student discount, and keeps telling me I'm not a student. I know I'm not a student I just want spotify and i lost my old debit card plz help i am gonna die if it goes away\n\n@SpotifyCares Just did! Thanks!"", ""spotify_reply"": ""@203960 Hi Sarah. Don't worry, help's here! Can you DM us your account's email address or username? We'll see what we can do /XF""}, {""rank"": 2, ""similarity"": 0.729, ""customer_message"": ""@SpotifyCares Hi. I accidently subsribed via Student plan. Money was taken out of my card but i cancelled the verification proccess. Can you help ?"", ""spotify_reply"": ""@222238 Hey there, we've just sent you a DM 🙂 /VK""}, {""rank"": 3, ""similarity"": 0.691, ""customer_message"": ""Hey @SpotifyCares my student account reverted to a regular premium account. I reauthorized as a student, now I can't access Hulu. Help."", ""spotify_reply"": ""@241231 Hey Lougi! Could you send us a DM with your account's email address or username? We'll take a look backstage /LO https://t.co/ldFdZR1cbT""}]",Hi there! Sorry for the confusion with your Student discount. Please DM us your account email so we can verify your student status backstage and get your billing sorted /SC https://t.co/ldFdZRiNAt,"@330446 Hi Gavin, help's here! Can you DM us your account's username and email address? We'll check it out 🔍 /TR https://t.co/ldFdZRiNAt",The student's discount has changed unexpectedly and needs account-level verification.,
E021,@115888 can you PLEASE add @15883's Bastard and Goblin mixtapes??? Pleaaasseeeeeeee,Content Availability & Licensing,"[{""rank"": 1, ""similarity"": 0.555, ""customer_message"": ""3\n@115888 Hello, I really hope u guys put \""Mic Drop Remix\"" by @133324, @134388 &amp; @4985 in one of most popular playlists"", ""spotify_reply"": ""@772945 Hey there! Thanks for the feedback. Our Curation team are independent &amp; use taste, data, research, and trends to create playlists, but we’ll pass on your suggestion /NQ""}, {""rank"": 2, ""similarity"": 0.533, ""customer_message"": ""@115888 It would be great to have Tool's music in Spotify"", ""spotify_reply"": ""@719570 Hey, we'd love to have them on Spotify! Hopefully we will in the future. Check this out: https://t.co/MEjmIRL2eB /AR""}, {""rank"": 3, ""similarity"": 0.507, ""customer_message"": ""@115888 Please add DNA by @133324 on Spotify‘s Playlist Pop Brandneu"", ""spotify_reply"": ""@547032 Hey! Our Curation team are independent &amp; use taste, data, research, and trends to create playlists, but we’ll pass on your suggestion /RV""}]","Hey! We're always working with artists and labels to bring as much music to Spotify as possible, but availability can vary due to licensing. We hope to have it available soon! /SC","@798418 Hey there! We’ve got some info about mixtapes here: https://t.co/MEjmIRL2eB. If there's anything else you need, just give us a shout 🙂 /KC",Explain the availability of the requested mixtapes and provide the relevant content information.,
E022,@115888 Can u implement a system where Spotify premium members can use their downloaded music for alarms? I need motivation in the mornings,Feature Requests & Device Support,"[{""rank"": 1, ""similarity"": 0.568, ""customer_message"": ""this is cool! :o https://t.co/kaADuDNdzv\n\ncan't seem to find a way of using my Google Home to control my PC's playback though.\n\n@SpotifyCares, is that a thing you can do?\n\n@SpotifyCares No problem, thank you! Would be a nice feature to have, especially if you're tidying your room (like I am now...) :P\n\n@SpotifyCares Spotify, I love you. :P"", ""spotify_reply"": ""@555484 Hey! We're afraid this isn't possible right now, but we'll be sure to pass on your feedback /JP\n\n@555484 No worries at all! Have a... https://t.co/FQulrDtFky /JP""}, {""rank"": 2, ""similarity"": 0.544, ""customer_message"": ""Why don’t Spotify do a ‘recently added’ like iTunes? Why’s Spotify shuffle so poor? Cmon guys @SpotifyCares"", ""spotify_reply"": ""@472404 Hey there! We can see how that’d be handy. Thanks for taking the time to reach out – your feedback's been noted 📝 /MQ""}, {""rank"": 3, ""similarity"": 0.535, ""customer_message"": ""How do I setup @115888 w GoogleHome so after playing a specific song it continues to play songs by that artist.\n\n@SpotifyCares LInk provided does not help. Want others songs to play after requesting a specific song, currently it plays the requested song and stops.\n\n@SpotifyCares It's set up on Google Home. The app is also on my smartphone, but a rarely open it.\n\n@SpotifyCares I have never used another device for playback, just my cluster of Google Homes and Chromecast."", ""spotify_reply"": ""@219902 Hi there! Check out more info about Spotify on Google Home here: https://t.co/6tXVssl5I5. Let us know if you're getting the same issue /JM\n\n@219902 Hmm, that's odd. Could you let us know the device, operating system, and Spotify version you're rocking? We'll see what we can suggest /JM\n\n@219902 Just to check, does the issue only happen when using Google Home and not any other devices? Keep us posted /JM\n\n@219902 Got it. Send us a DM with your account's username or email address. We'll take a look under the hood /JM https://t.co/ldFdZRiNAt""}]",Hey! Thanks for sharing this suggestion with us. We love hearing your ideas and we'll make sure to pass this feedback along to our product team /SC,@521982 Hi! We've just sent you a DM. Check your inbox /RH,Acknowledge the request to use downloaded music as an alarm and provide a feedback option.,
E023,"@SpotifyCares could you please charge me again, cause at the first time, my limit credit card limit was exceeded...",Subscription & Billing Issues,"[{""rank"": 1, ""similarity"": 0.777, ""customer_message"": ""@SpotifyCares thank u for not accepting my credit card :) i even had to make a second account and try again and nothing works. i am so annoyed right now. help."", ""spotify_reply"": ""@274492 Hey there! Can you DM us your account's username and email address? We'll take a look backstage /SY https://t.co/ldFdZRiNAt""}, {""rank"": 2, ""similarity"": 0.743, ""customer_message"": ""@SpotifyCares for some reason I’ve been charged 3 times this month can you please help ?"", ""spotify_reply"": ""@801263 Hey! Don't worry, we can help. Can you DM us your account's email address? We'll check under the hood /NY https://t.co/ldFdZRiNAt""}, {""rank"": 3, ""similarity"": 0.726, ""customer_message"": ""@SpotifyCares I need help! I’m being charge Monthly for an account I made which I forgot the username to."", ""spotify_reply"": ""@713014 Hey Matthew! We've just sent you a bit more info over DM. We'll carry on helping out there /KB""}]",Hi! Help's here. Can you DM us your account's email address so we can take a look backstage at your subscription? /SC https://t.co/ldFdZRiNAt,@276198 Hey! The cavalry's here. Could you DM us your account's email address? We'll take a look backstage /AU https://t.co/ldFdZRiNAt,The failed card transaction is account-specific and should be checked by support.,
E024,"Hi @115888 is there a way to block artists? I really don't want R Kelly in my life, thanks. Knowing him that momma rolling that body that got every man in here wishin is probably underage.",Feature Requests & Device Support,"[{""rank"": 1, ""similarity"": 0.617, ""customer_message"": ""@115888 why can't I block explicit songs??"", ""spotify_reply"": ""@563001 Hi! It's not possible right now. To help make it happen, we’d recommend showing your support for the idea here: https://t.co/CdI1SY9KZE /PB""}, {""rank"": 2, ""similarity"": 0.541, ""customer_message"": ""@SpotifyCares  is there a way to block explicit songs from random playlists. I can’t listen to these at work."", ""spotify_reply"": ""@682735 Hey there, we hear you! To help make it happen, we’d recommend showing your support for the idea here: https://t.co/CdI1SY9KZE /KL""}, {""rank"": 3, ""similarity"": 0.416, ""customer_message"": ""@SpotifyCares Just signed up and am surprised to find no parental controls for explicit lyrics. Is this right, or am I missing something? Bit odd when you promote a family plan.\n\n@SpotifyCares I've voted for that, as have over 1600 others. The thread has been running for over 5 years! It can't be that hard to implement? Surely protecting children from explicit lyrics should be a priority for spotify rather than an afterthought?"", ""spotify_reply"": ""@740680 Hey Andrew! We can see how that’d be useful. You can vote for the official idea here: https://t.co/3jHA9etigY /LS\n\n@740680 We hear you loud and clear! We can’t make any promises, but we’ll pass your feedback onto the right folks. If you need us for anything else, we're just a tweet away /LS""}]","Hey! While there isn't a direct 'block artist' button right now, you can tap 'Don't play this artist' in your Release Radar and Daily Mixes. Thanks for the feedback! /SC","@642963 Hey Najaf! We can’t make any promises, but we’ll make sure to pass your feedback onto the right folks /FR",Acknowledge the request to block artists and explain the current limitation or feedback option.,
E025,@SpotifyCares I signed up for a student account but I was charged $9.99,Subscription & Billing Issues,"[{""rank"": 1, ""similarity"": 0.795, ""customer_message"": ""@SpotifyCares Not sure if I have a student acc or a regular premium acc. But my acc was charged when I should have a month free. https://t.co/0syFLHTDkk"", ""spotify_reply"": ""@584936 Hey Hanna, we're here to help! Can you DM us your account's username or email address? We'll take a look backstage /JP https://t.co/ldFdZRiNAt""}, {""rank"": 2, ""similarity"": 0.764, ""customer_message"": ""@SpotifyCares I need help! I’m being charge Monthly for an account I made which I forgot the username to."", ""spotify_reply"": ""@713014 Hey Matthew! We've just sent you a bit more info over DM. We'll carry on helping out there /KB""}, {""rank"": 3, ""similarity"": 0.731, ""customer_message"": ""@117153 I paid the premium Spotify account using Itunes, and my account is still free."", ""spotify_reply"": ""@562153 Hey Daniel, help's here! Can you DM us your account's username and email address? We'll take a look backstage /MQ https://t.co/ldFdZRiNAt""}]",Hi there! Sorry for the confusion with your Student discount. Please DM us your account email so we can verify your student status backstage and get your billing sorted /SC https://t.co/ldFdZRiNAt,"@153878 Hi Hailey, help's here! Can you DM us with your account's username and email address? We'll check it out backstage /WW https://t.co/ldFdZRiNAt","The student account was charged the wrong amount, so support needs to check the account and billing details.",
E026,@115888 f you join a family spotify account can you transfer your playlists from your old premium account. I WANT MY PLAYLISTS BACK PLS,Account Access & Security,"[{""rank"": 1, ""similarity"": 0.67, ""customer_message"": ""@SpotifyCares You guys deleted all my playlists when I asked you to disconnect all the extra devices that were using all my accounts.. I've been building those for five years. Please fix!\n\n@SpotifyCares and you downgraded my account in the process.. no email response, just completely reset my account.. ridiculous!!!"", ""spotify_reply"": ""@709746 Hey Nathan! Help's here. Could you DM us your account's username or email address? We'll take a look backstage /TM https://t.co/ldFdZRiNAt""}, {""rank"": 2, ""similarity"": 0.635, ""customer_message"": ""Hey @115888 - I still don’t have access to my Spotify account after submitting information 10 months ago... can we fix this?"", ""spotify_reply"": ""@364803 Hi Cheyanne, help's here. Can you DM us your account's email address? We'll check backstage and see what we can suggest /NY https://t.co/ldFdZRiNAt""}, {""rank"": 3, ""similarity"": 0.628, ""customer_message"": ""@SpotifyCares how do I get onto an account that has premium but I have no access to? Or cancel it?"", ""spotify_reply"": ""@777590 Hey Abbie! We've just sent you a bit more info over DM. We'll carry on helping out there /DD""}]",Hey! We'd love to help you get back into your account. Please drop us a DM with your account details and we'll take a closer look /SC https://t.co/ldFdZRiNAt,"@583139 Hey there, help's here! Could you DM us your account's username or email address? We'll see what we can suggest /RE https://t.co/ldFdZRiNAt",Transferring playlists from an old account requires account-specific investigation.,
E027,"My @115888 keeps pausing and turning itself off? (Nobody else is logged in / it’s not synced to anything, I’ve only had it a few days) 🤔

@SpotifyCares Ill have to let you know in a few days, cant tell so soon, it happens over a spread-out time period. Thnx for the advice, Ill give it a try!",Account Access & Security,"[{""rank"": 1, ""similarity"": 0.746, ""customer_message"": ""@SpotifyCares Hi! I'm having issues with my spotify where it pauses randomly saying its being used elsewhere. Thanks ^^"", ""spotify_reply"": ""@346946 Hey there! Could you DM us your account's username and email address? We'll take a look backstage /DF https://t.co/ldFdZRiNAt""}, {""rank"": 2, ""similarity"": 0.586, ""customer_message"": ""@SpotifyCares Uh spotify, why did you just log me out then tell me my email doesn't exist when I try to reset my password?\n\n@SpotifyCares Your support team is slower than your programming monkeys - it was fixed by the time you responded."", ""spotify_reply"": ""@313095 Hey there! That's not cool. Can you DM us your account's email address or username? We'll take a look backstage /PB https://t.co/ldFdZRiNAt\n\n@313095 Sorry for the delay, but glad to hear it's working. Let us know if you need anything else. We'd be happy to help /PB""}, {""rank"": 3, ""similarity"": 0.578, ""customer_message"": ""@SpotifyCares ... and when I log into my spotify account on your website, it has a very old e-mail address of mine listed.  Service is running fine, but as stated in 1st tweet... something isn't in sync"", ""spotify_reply"": ""@236883 Hey there! We're here to help. Can you DM us your account's email address? We'll take a look under the hood /AN https://t.co/ldFdZRiNAt""}]",Hey! We'd love to help you get back into your account. Please drop us a DM with your account details and we'll take a closer look /SC https://t.co/ldFdZRiNAt,"@449522 Hey Rebecca, help's here! That's not cool. Does logging out &gt; restarting the device &gt; logging back in help? Keep us posted /PX

@449522 Okay! Just let us know if we can help with anything else. We'll be waiting 🙂 /PX",Suggest standard troubleshooting for the pausing issue and ask the customer to report whether it continues.,
E028,@SpotifyCares when is the app going to be updated for the iPhone X? The black bars look awful.,Feature Requests & Device Support,"[{""rank"": 1, ""similarity"": 0.747, ""customer_message"": ""@SpotifyCares any plans to support iPhone X display with the app anytime soon?"", ""spotify_reply"": ""@662183 Hey Eric, great question! We’re working on it as we speak. Stay tuned, we'll be keeping everyone in the loop /TB""}, {""rank"": 2, ""similarity"": 0.678, ""customer_message"": ""In desperate need of this Spotify iPhone X update"", ""spotify_reply"": ""@529915 We don't have anything to share yet, but we'll be sure to post updates on this. Give us a shout if you need anything else /CO""}, {""rank"": 3, ""similarity"": 0.611, ""customer_message"": ""When is @115888 going to be updated for the iPhone X? It’s about time."", ""spotify_reply"": ""@703401 Hey Cibelly! We understand - we’re working on it as we speak. Stay tuned 🎶 /FR""}]",Hey there! Our team is actively working on updates optimized for the iPhone X display. Stay tuned to the App Store for upcoming releases /SC,"@393485 Hi there! We don't have any info on this right now, but keep an eye out for any updates. Give us a shout if you have any questions 🙂 /KL",Acknowledge the iPhone X optimization request and provide any available update information.,
E029,"@115888 my account has been hacked and you mfks don't have a straightforward link to get help or report this issue.

@SpotifyCares Done",Account Access & Security,"[{""rank"": 1, ""similarity"": 0.763, ""customer_message"": ""id::93__credit_card__:@SpotifyCares My account was hacked/compromised. I’ve regained access and changed my password but I noticed there w"", ""spotify_reply"": ""@224361 Hey there! Looks like your tweet is incomplete. Can you resend that for us? We'll be here waiting /RB""}, {""rank"": 2, ""similarity"": 0.734, ""customer_message"": ""@SpotifyCares my account has been hijacked and they also changed my email. I just reset my password tho and I hope it won’t happen again. I’m a premium user so please take this as a serious matter now that I know some ppl are complaining the same."", ""spotify_reply"": ""@442196 Hey there! We're sorry to hear that. Could you send us your account's username or email address via DM? We'll take a look backstage /LP https://t.co/ldFdZR1cbT""}, {""rank"": 3, ""similarity"": 0.73, ""customer_message"": ""OK, it just happened again and I updated my account , @SpotifyCares can you help? Someone is hijacking my account.\n\n@SpotifyCares OK, I did all those steps, fingers crossed and Thanks!"", ""spotify_reply"": ""@135881 Hi there! We’re sorry to hear that. We'd suggest checking out https://t.co/iVpg60w61i for what to do next. Let us know if we can help with anything else /GN\n\n@135881 No worries! You know where to find us if you'll ever need our help again. We'll be right here for you 💚 /GN""}]",Hey there! We take account security very seriously. Please send us a DM right away with your account's email address or username so our team can help secure and recover your account /SC https://t.co/ldFdZRiNAt,@400475 Hey there! Can you DM us your account's email address? We'll take a look /RB https://t.co/ldFdZR1cbT,"The account is hacked, so the customer needs secure recovery assistance.",
E030,@SpotifyCares i've been trying to contact Spotify for weeks about an album that is incorrectly attributed to my artist page please help ASAP,Other / Unclear,"[{""rank"": 1, ""similarity"": 0.628, ""customer_message"": ""@SpotifyCares please help. My username is Austinbullard22 https://t.co/UbhGY64Dub"", ""spotify_reply"": ""@466178 Hey James! Sorry for the delay. We've just sent you a bit more info over DM. We'll carry on helping out there /KB""}, {""rank"": 2, ""similarity"": 0.617, ""customer_message"": ""@SpotifyCares https://t.co/777rIXhISF"", ""spotify_reply"": ""@499051 Hey Cora! Could you send us a DM with your account's email address? We'll take a look backstage /CH https://t.co/ldFdZRiNAt""}, {""rank"": 3, ""similarity"": 0.613, ""customer_message"": ""@SpotifyCares I need help on my Spotify account. I DM’d you guys earlier"", ""spotify_reply"": ""@502630 Hi Anthony! We've replied to your DM. Let's carry on chatting there 🙂 /RI""}]",Hey there! Thanks for reaching out to Spotify Support. How can we help you out today? Feel free to let us know what's on your mind /SC,@460329 Hey there! Could you DM us the email address you used to reach out to them? We'll chase it up /SP https://t.co/ldFdZRiNAt,The incorrect artist attribution has persisted for weeks and needs investigation by the appropriate support team.,The reply only redirected the customer to provide an email and did not acknowledge the urgency of the long-running metadata problem.
E031,@SpotifyCares Hello. The email address I think is associated with my account no longer exists. cannot access account (Still Being Charged),Account Access & Security,"[{""rank"": 1, ""similarity"": 0.824, ""customer_message"": ""So annoyed at @SpotifyCares. I pay for Spotify premium but it says it's 'unable' to log me in with an email and password I know is correct 😡"", ""spotify_reply"": ""@201245 Hey Charlie! Can you DM us your account's email address and username? We'll take a look backstage /SU https://t.co/ldFdZRiNAt""}, {""rank"": 2, ""similarity"": 0.804, ""customer_message"": ""@SpotifyCares ... and when I log into my spotify account on your website, it has a very old e-mail address of mine listed.  Service is running fine, but as stated in 1st tweet... something isn't in sync"", ""spotify_reply"": ""@236883 Hey there! We're here to help. Can you DM us your account's email address? We'll take a look under the hood /AN https://t.co/ldFdZRiNAt""}, {""rank"": 3, ""similarity"": 0.804, ""customer_message"": ""@SpotifyCares my account has been hijacked and they also changed my email. I just reset my password tho and I hope it won’t happen again. I’m a premium user so please take this as a serious matter now that I know some ppl are complaining the same."", ""spotify_reply"": ""@442196 Hey there! We're sorry to hear that. Could you send us your account's username or email address via DM? We'll take a look backstage /LP https://t.co/ldFdZR1cbT""}]",Hey! We'd love to help you get back into your account. Please drop us a DM with your account details and we'll take a closer look /SC https://t.co/ldFdZRiNAt,@695121 Hey there! Can you DM us your account's email address? We'll take a look backstage /TC https://t.co/ldFdZRiNAt,"The customer cannot access the old account while still being charged, so both access and account status need investigation.",
E032,"@SpotifyCares Why isn't scrobling/last.fm working with some Connect devices (Onkyo in my case). Works ok with Sonos though.

@SpotifyCares OSX High Sierra -&gt; Spotify 1.0.68.407.g6864aaaf -&gt; Onkyo NR-656. Once I set Spotify to send to ""This computer"", scrobbling seems to work as Last.fm reports ""Scrobbling now"" then. Does not happen when Onkyo is receiving the sound.",Playback & Technical Errors,"[{""rank"": 1, ""similarity"": 0.506, ""customer_message"": ""@SpotifyCares My song on Spotify seems to have a few audible glitches, and it only happens on @115888 https://t.co/3jKDyLrMp7\n\n@SpotifyCares 9 seconds to 2:37. Any device. But it's not present on other streaming services"", ""spotify_reply"": ""@487884 Hey, help's here! Can you let us know at which point of the track you're getting the glitches? Does this happen with any device? /CO\n\n@487884 Hmm. We'd like to share more info with you in private. Could you send us a DM? /CO https://t.co/ldFdZRiNAt""}, {""rank"": 2, ""similarity"": 0.469, ""customer_message"": ""@SpotifyCares Hey there. Currently getting skipping during songs. Playing on Macbook Pro OS 10.12.6. Any suggestions? Have latest Spotify.\n\n@SpotifyCares Hey thanks for getting back! A laptop restart seems to have fixed it and turns out it was all my audio not just Spotify. 🤗"", ""spotify_reply"": ""@530692 Hey Cormac, help's here! Could you confirm the exact app version? Does it happen during all songs? We'll see what we can suggest /T\n\n@530692 Ahh, good news! We'll be right here if you need anything else. Happy listening 🙂 /T""}, {""rank"": 3, ""similarity"": 0.449, ""customer_message"": ""@SpotifyCares Can’t play Beck’s new album and some other stuff in my library. Help?\n\n@SpotifyCares iMac (macos 10.12.6), iPhone (iOS 11.03) Spotify (ver 8.4.22.515)\n\n@SpotifyCares This one for sure: https://t.co/WmMIWfggAe\n\n@SpotifyCares Can’t play this artist either: https://t.co/DwDNBnUeDQ\n\n@SpotifyCares Sadly, it did not. Still won’t play."", ""spotify_reply"": ""@429920 Hi, help's arrived! What devices is this happening on? Also, what operating system and version of Spotify do you have? Keep us posted /JQ\n\n@429920 Thanks. Can you send us the Album Link? Have you noticed if it's happening with certain artists/albums/songs? /AY\n\n@429920 Got it. Try logging out &gt; restarting your devices &gt; logging back in. Does that make a difference? /AY\n\n@429920 Hmm. Could you DM us your account's email address or username? We'll take a closer look /AY https://t.co/ldFdZRiNAt""}]","Hey! Thanks for reporting this. Could you try restarting your device and testing on a fresh connection? If the issue continues, let us know your Spotify version /SC","@156298 Hmm, that's odd. Don’t worry, we can help. What’s happening exactly? Can you let us know the devices and operating systems you’re having trouble with? Once you fire over that info, we'll take a look 🔍 /DT

@156298 Sorry to hear that. It's not possible at the moment, but you can help make it happen by showing your support here: https://t.co/BPEq9CIxJ8 /MG",Acknowledge the Connect/Last.fm issue and explain whether the integration is currently supported.,The historical reply moved from troubleshooting to saying the feature wasn't possible without clearly explaining the limitation.
E033,@115888 I might cancel my premium I can’t access my account I got a new one I need to delete it if it’s not accable not happy no one has helped me I forgot my id pass word,Account Access & Security,"[{""rank"": 1, ""similarity"": 0.704, ""customer_message"": ""@SpotifyCares how do I get onto an account that has premium but I have no access to? Or cancel it?"", ""spotify_reply"": ""@777590 Hey Abbie! We've just sent you a bit more info over DM. We'll carry on helping out there /DD""}, {""rank"": 2, ""similarity"": 0.546, ""customer_message"": ""@SpotifyCares i dont use my email anymore from my spotify pre account and now i cant make a new password because i forgotten it. Pls help me"", ""spotify_reply"": ""@423124 Hi! We've just sent a DM your way. Let's carry on chatting there /RA""}, {""rank"": 3, ""similarity"": 0.514, ""customer_message"": ""@SpotifyCares I need to cancel my account but my email was hacked and i don't have access to it and I don't want to keep being charged.\n\n@SpotifyCares I have already done that and no one has gotten in touch with me. Like I said, I won't receive emails in the hacked account\n\n@SpotifyCares That is the same contact method as I’ve already done. No one has contacted me back."", ""spotify_reply"": ""@339707 Hi there! We’re sorry to hear that. Check out https://t.co/QHn3ok8y2n for what to do next. Let us know if we can help with anything else /GN\n\n@339707 Thanks for letting us know. We'd suggest contacting our Support team directly at https://t.co/ZgU70TbP8M. Any questions, give us a shout /GN\n\n@339707 Can you DM us the email address you entered on the contact form? We'll take a look backstage /LM https://t.co/ldFdZRiNAt""}]",Hey! We'd love to help you get back into your account. Please drop us a DM with your account details and we'll take a closer look /SC https://t.co/ldFdZRiNAt,@244024 Let's not throw in the towel just yet. We'd love to help out. Can you send us a DM? /MU https://t.co/ldFdZRiNAt,"The customer cannot access the account and has forgotten the credentials, so account recovery is needed.",
E034,@SpotifyCares I cancelled my premium account in August and have still been charged the premium service. I haven't used it since I cancelled.,Subscription & Billing Issues,"[{""rank"": 1, ""similarity"": 0.828, ""customer_message"": ""@SpotifyCares please help me see if my account has made a premium transaction after my 30days trial because I'm sure I did cancel it\n\n@SpotifyCares Done dm"", ""spotify_reply"": ""@517764 Hey Mary! Could you send us a DM with your account's email address or username? We'll take a look backstage /MA https://t.co/ldFdZRiNAt""}, {""rank"": 2, ""similarity"": 0.81, ""customer_message"": ""@115888 @117168 @SpotifyCares  my mom is being charged every month for premium service but her account doesn't have premium features. She doesn't want spotify at all and she can't figure out how to quit being charged. Any help?"", ""spotify_reply"": ""@141287 Hey Briar! Can you DM us your mom's username or email address? We'll check on this for you /NH https://t.co/ldFdZRiNAt""}, {""rank"": 3, ""similarity"": 0.795, ""customer_message"": ""@SpotifyCares my premium account has been paused yet you’re still taking money out of my account? Shocking, can this be fixed?!"", ""spotify_reply"": ""@601110 Hey Ellice! We're sorry you feel that way. We've just sent you a bit more info over DM. We'll carry on helping out there /CP""}]",Hi! Help's here. Can you DM us your account's email address so we can take a look backstage at your subscription? /SC https://t.co/ldFdZRiNAt,@562099 Hey Fern! Could you send us a DM with your account's email address or username? We'll take a look backstage /FR https://t.co/ldFdZRiNAt,"The customer is still being charged after cancellation, so billing records need to be checked.",
E035,@115888 Will there ever be a Apple Watch app ? 😶,Feature Requests & Device Support,"[{""rank"": 1, ""similarity"": 0.785, ""customer_message"": ""@115888 please tell me you’re going to release an AppleWatch app soon!? Want to run w/o phone!"", ""spotify_reply"": ""@541189 Hey there! Check out the official idea and add your vote to let our devs know it's something you'd like to see: https://t.co/SEK4E3YGDs /DD""}, {""rank"": 2, ""similarity"": 0.683, ""customer_message"": ""@116130 Any chance of an apple tv app anytime soon?"", ""spotify_reply"": ""@520153 Hey Jonathan! We don't have any info on this right now, but we'll let the right team know it's something you'd like to see /GU""}, {""rank"": 3, ""similarity"": 0.601, ""customer_message"": ""@115888 when are you guys gonna put in a sleep timer on the app?"", ""spotify_reply"": ""@366456 Hey there! A sleep timer is a great idea. Help make it happen by adding support here: https://t.co/pMmX7wXq24 /RS""}]","Hey! We don't have any news on a standalone Apple Watch app right now, but we appreciate the feedback and have logged your interest with our dev team! /SC",@579421 Hey Mike! Check out the official idea and add your vote to let our devs know it's something you'd like to see: https://t.co/SEK4E4gi22 /DR,Acknowledge the Apple Watch request and provide the official feedback option.,
E036,@115888 why is Beyoncé's Lemonade album still not on Spotify? 🤧,Content Availability & Licensing,"[{""rank"": 1, ""similarity"": 0.594, ""customer_message"": ""@115888 where is 'Reputation'?! https://t.co/fc04Wpbakl\n\n@SpotifyCares I already have heard them.. I want to listen to the album\n\n@SpotifyCares I hope so"", ""spotify_reply"": ""@665442 Taylor Swift's 'Reputation' isn't available to stream just yet – stay tuned! For now, check out the singles: https://t.co/3h0TnPWP0c /DF\n\n@665442 Fingers crossed we'll be able to have it soon! Don't worry, we'll pass your feedback on to the team /KM\n\n@665442 We'll do our best to have it available to you and other listeners. If there's anything else, just let us know! /KM""}, {""rank"": 2, ""similarity"": 0.574, ""customer_message"": ""Can't play the album \""年輪说\"" @SpotifyCares\n\n@SpotifyCares I just send u a private massage"", ""spotify_reply"": ""@373190 Hey! Can you DM us your account's email address, as well as the Spotify URI of the album you're referring to? We'll check backstage /AR https://t.co/ldFdZRiNAt\n\n@373190 We've just sent a DM your way. Let's carry on chatting there /ME""}, {""rank"": 3, ""similarity"": 0.57, ""customer_message"": ""It sucks that #LEMONADE is still not on @115888...guys, c'mon! I need more @12899 in my life."", ""spotify_reply"": ""@551959 Hey Elisabeth! We're working on it, and we hope to have it available soon. There's more info here: https://t.co/WI0fi3V8Cu /RI""}]","Hey! We'd love to have Beyoncé's Lemonade on Spotify, but music availability depends on agreements with rights holders and artists. We'll let you know if that changes! /SC","@366774 Hey there! We're working on it, and we hope to have it available soon. There's more info here: https://t.co/WI0fi4cJu2 /PX",Explain the current availability of Lemonade and provide relevant content information.,
E037,"@118266 min saya mau update payment via mobile indosat tp selalu gadapet sms code number gmn nih min?

@SpotifyCares hello i want to update spotify payment by mobile but i dont get any code number message what should i do?

@SpotifyCares ok i dmed u already",Subscription & Billing Issues,"[{""rank"": 1, ""similarity"": 0.595, ""customer_message"": ""@SpotifyCares how can i change my credit card info from the app?\n\n@SpotifyCares ok, thank you for the info, I'll get it done asap."", ""spotify_reply"": ""@154725 Hi Jay! Right now it's not possible to update your payment info from the Spotify app. If you need to make any changes, head over to https://t.co/71whArJDaT. Hope this helps /WW\n\n@154725 You're welcome! Let us know if you need anything else. We're ... https://t.co/owHzBkyef2 🙂 /WW""}, {""rank"": 2, ""similarity"": 0.585, ""customer_message"": ""@SpotifyCares Hi. I’m trying to give you guys money, but you have yet to repair the glitch allowing people to update their payment information. How do I resolve?"", ""spotify_reply"": ""@779544 Hey there! Can you DM us your account's username and email address? We'll take a look backstage /SY https://t.co/ldFdZRiNAt""}, {""rank"": 3, ""similarity"": 0.575, ""customer_message"": ""@SpotifyCares - I'm trying to update my payment info for premium, but it'll only let me do so for the student discount, and keeps telling me I'm not a student. I know I'm not a student I just want spotify and i lost my old debit card plz help i am gonna die if it goes away\n\n@SpotifyCares Just did! Thanks!"", ""spotify_reply"": ""@203960 Hi Sarah. Don't worry, help's here! Can you DM us your account's email address or username? We'll see what we can do /XF""}]","Hey there! Thanks for sharing your thoughts on our ads. We always want to provide a great listening experience, so we'll make sure our Ads team receives your feedback /SC","@333571 Hey! We can help out in English via Twitter, but we also have Indonesian support via email at https://t.co/ZgU70TbP8M /RB

@333571 Thanks! Can you DM us your account's email address? We'll take a look /RB https://t.co/ldFdZRiNAt","The payment update is failing and involves account/payment information, so support should investigate.",
E038,"@SpotifyCares Hi. @115888 keeps pausing on me randomly. Help?

@SpotifyCares Thanks. I'm using a MacBook Air with OS X Yosemite. No idea what version of Spotify (1.0.67.582.g19436fa3 ?). Randomly pauses and I have to manually press play button each time.",Playback & Technical Errors,"[{""rank"": 1, ""similarity"": 0.699, ""customer_message"": ""@117168 my music stops playing everytime I open Snapchat or get a notification! Using the newest version of Spotify on iPhone X! Help\n\n@SpotifyCares I’m using Spotify version 8.4.28 and ios 11.1.1  thank you!"", ""spotify_reply"": ""@769324 Hey there! The cavalry's here. Could you let us know the exact iOS and Spotify version you're using? We'll see what we can suggest /KB\n\n@769324 Got it! Is this happening on 3G/4G, WiFi, or both? Does restarting your device by holding the Sleep/Wake + Volume Down buttons for 10 seconds make any difference? /KB""}, {""rank"": 2, ""similarity"": 0.686, ""customer_message"": ""@SpotifyCares Hey there. Currently getting skipping during songs. Playing on Macbook Pro OS 10.12.6. Any suggestions? Have latest Spotify.\n\n@SpotifyCares Hey thanks for getting back! A laptop restart seems to have fixed it and turns out it was all my audio not just Spotify. 🤗"", ""spotify_reply"": ""@530692 Hey Cormac, help's here! Could you confirm the exact app version? Does it happen during all songs? We'll see what we can suggest /T\n\n@530692 Ahh, good news! We'll be right here if you need anything else. Happy listening 🙂 /T""}, {""rank"": 3, ""similarity"": 0.653, ""customer_message"": ""Hey @115888 , I'm getting real tired of not being able to listen to music and have the app crash all the time.  Please fix it. https://t.co/c1kQ9g7Hej\n\n@SpotifyCares It's Spotify version 8.4.22.857 armV7 on a Samsung Galaxy S8+ running Android 7.0\n\n@SpotifyCares Nope. Logged out of Spotify, restated phone, listened to one song on the playlist and it still froze up. https://t.co/OKJuMrXDTC\n\n@SpotifyCares This is the 4th or 5th time I've noticed that this particular song is next in the queue when the app freezes. https://t.co/vRcm1VRcZy\n\n@SpotifyCares Yes, it's on a playlist I follow from you guys. (Viva Latino - Top 50 by Spotify) I don't know if I can remove if the playlist isn't mine."", ""spotify_reply"": ""@170378 Hey, help's here! Can you let us know your device, as well as the Android and Spotify versions? We'll see what we can suggest /JP\n\n@170378 Thanks! Can you try logging out, restarting your phone, and logging back in? Does that make any difference? /JP\n\n@170378 Is this happening on a specific playlist? Can you try removing this track wor a while and see if things will be better? /JP\n\n@170378 Thanks for clarifying. We'd suggest reinstalling the app: https://t.co/46sWVpIvlI. You might need to resync your offline songs after /JP""}]","Hey! Thanks for reporting this. Could you try restarting your device and testing on a fresh connection? If the issue continues, let us know your Spotify version /SC","@544894 Hi, help's here! Can you give us some more info on what's happening? What device, operating system, and Spotify version are you using? We'll see what we can suggest /MC

@544894 Thanks. Does logging out &gt; restarting your device &gt; logging back in help at all? /MC",Start with standard troubleshooting for the random pausing issue.,
E039,@SpotifyCares I got a Spotify account as a result of my mobile phone plan.  I am interested in signing up for the Premium family plan.  What is the easiest way to do this?,Subscription & Billing Issues,"[{""rank"": 1, ""similarity"": 0.84, ""customer_message"": ""Hey @SpotifyCares, is there any way to change a premium account to a family plan?"", ""spotify_reply"": ""@377160 Hey! Can you DM us your account's username and email address? We'll see what we can suggest /JL https://t.co/ldFdZRiNAt""}, {""rank"": 2, ""similarity"": 0.698, ""customer_message"": ""@115888 @117168 @SpotifyCares  my mom is being charged every month for premium service but her account doesn't have premium features. She doesn't want spotify at all and she can't figure out how to quit being charged. Any help?"", ""spotify_reply"": ""@141287 Hey Briar! Can you DM us your mom's username or email address? We'll check on this for you /NH https://t.co/ldFdZRiNAt""}, {""rank"": 3, ""similarity"": 0.671, ""customer_message"": ""@117153 hi, i already paid for 3 months, and i only have one account of spotify. But, why my premium account doesn’t work?, thank you"", ""spotify_reply"": ""@552159 Hey, help's here! Can you DM us your account's email address? We'll take a look backstage /JN https://t.co/ldFdZRiNAt""}]",Hi! Help's here. Can you DM us your account's email address so we can take a look backstage at your subscription? /SC https://t.co/ldFdZRiNAt,"@794515 Hi Len, help's here! Can you DM us your account's email address? We'll take a look backstage /DV https://t.co/ldFdZRiNAt","The customer has a mobile-plan-linked account and wants to change to Family, so account eligibility should be checked.",The historical reply jumped straight to requesting account details without first answering the basic Family Plan question.
E040,"@115888 please dont play ads with sound at the bottom of your web player while I'm trying to listen to down with the sickness.

@SpotifyCares Sometimes the web player changes ads, and the one it goes to has volume that interrupts the song being played.

@SpotifyCares Usually it stops but sometimes I have to refresh because it didn't stop and I don't want to listen to fifty seconds of non music audio

@SpotifyCares In the middle of down with the sickness.

@SpotifyCares Well... I haven't tried to log in under incognito because I find no need to to hide my musical tastes from the masses.

@SpotifyCares So no, I haven't logged into the web player with incognito or private browsing

@SpotifyCares Will do",Playback & Technical Errors,"[{""rank"": 1, ""similarity"": 0.673, ""customer_message"": ""@spotifycares web player stuck on advertisement but wont play it. Greyed out. Rebooted and logged in and out already. Thank you!\n\n@SpotifyCares That was fast! Im using windows 7 professional. It is an hp desktop. Web player\n\n@SpotifyCares Better! Thank you!"", ""spotify_reply"": ""@571693 Hey there! What device and operating system are you using? We'll lend a hand /SY\n\n@571693 Thanks! Can you try logging out, restarting your desktop, and getting back in after a few minutes? Any better? /GN\n\n@571693 No worries! Just give us a shout if anything else comes up. We're... https://t.co/zOXI69QSqg 🙂 /GN""}, {""rank"": 2, ""similarity"": 0.576, ""customer_message"": ""@SpotifyCares My song on Spotify seems to have a few audible glitches, and it only happens on @115888 https://t.co/3jKDyLrMp7\n\n@SpotifyCares 9 seconds to 2:37. Any device. But it's not present on other streaming services"", ""spotify_reply"": ""@487884 Hey, help's here! Can you let us know at which point of the track you're getting the glitches? Does this happen with any device? /CO\n\n@487884 Hmm. We'd like to share more info with you in private. Could you send us a DM? /CO https://t.co/ldFdZRiNAt""}, {""rank"": 3, ""similarity"": 0.574, ""customer_message"": ""@SpotifyCares your web player is not working.  Either nothing happens when I click play, or it says \""This song is not available\"".\n\n@SpotifyCares I tried everything you suggested, cleared cookies and cache, using incognito browser...\n\n@SpotifyCares Thanks.  \n\nI am using Chrome Version 60.0.3112.113 (Official Build) (64-bit) on Mac Yosemite 10.10.5"", ""spotify_reply"": ""@217299 Hey, thanks for keeping us posted. What browsers have you tried? Could you also let us know the operating system you're on? /AY\n\n@217299 Got it. Try logging out &gt; restarting your device &gt; logging back in. Does that make a difference? /AY""}]","Hey! Thanks for reporting this. Could you try restarting your device and testing on a fresh connection? If the issue continues, let us know your Spotify version /SC","@130006 Hey John! Do ads play while you're streaming on the web player? Let us know - we'll look into this /SY

@130006 Thanks! Does it happen when you use the web player in an incognito or a private browsing window? /SY

@130006 Gotcha. Try giving it another go using an incognito window of your browser to avoid any cache-related issues. Let us know how it goes /SY

@130006 Sweet, we'll be right here when you get back 🙂 /SY",Address the web-player ad interruption and provide the relevant troubleshooting steps.,
E041,"If @SpotifyCares had a phone number, my issues could have been fixed this afternoon. But instead I'm up at 1am waiting for a Twitter DM.",Account Access & Security,"[{""rank"": 1, ""similarity"": 0.738, ""customer_message"": ""@SpotifyCares ... and when I log into my spotify account on your website, it has a very old e-mail address of mine listed.  Service is running fine, but as stated in 1st tweet... something isn't in sync"", ""spotify_reply"": ""@236883 Hey there! We're here to help. Can you DM us your account's email address? We'll take a look under the hood /AN https://t.co/ldFdZRiNAt""}, {""rank"": 2, ""similarity"": 0.701, ""customer_message"": ""So annoyed at @SpotifyCares. I pay for Spotify premium but it says it's 'unable' to log me in with an email and password I know is correct 😡"", ""spotify_reply"": ""@201245 Hey Charlie! Can you DM us your account's email address and username? We'll take a look backstage /SU https://t.co/ldFdZRiNAt""}, {""rank"": 3, ""similarity"": 0.701, ""customer_message"": ""@SpotifyCares Uh spotify, why did you just log me out then tell me my email doesn't exist when I try to reset my password?\n\n@SpotifyCares Your support team is slower than your programming monkeys - it was fixed by the time you responded."", ""spotify_reply"": ""@313095 Hey there! That's not cool. Can you DM us your account's email address or username? We'll take a look backstage /PB https://t.co/ldFdZRiNAt\n\n@313095 Sorry for the delay, but glad to hear it's working. Let us know if you need anything else. We'd be happy to help /PB""}]",Hey! We'd love to help you get back into your account. Please drop us a DM with your account details and we'll take a closer look /SC https://t.co/ldFdZRiNAt,@601384 Hey there. We've just sent a DM your way. Let's carry on chatting there /JU,Explain the available support channels and how the customer can continue getting help.,
E042,". @115888 it's 2017, add an easily accessible sleep timer to your damn app already. Sincerely, every user. #SleepSpotifySleep #UpAllNight

@SpotifyCares . @115888 I don't need to vote for a sleep timer, just add the damn thing already. #UpAllNight #SleepSpotifySleep",Feature Requests & Device Support,"[{""rank"": 1, ""similarity"": 0.656, ""customer_message"": ""@115888 when are you guys gonna put in a sleep timer on the app?"", ""spotify_reply"": ""@366456 Hey there! A sleep timer is a great idea. Help make it happen by adding support here: https://t.co/pMmX7wXq24 /RS""}, {""rank"": 2, ""similarity"": 0.604, ""customer_message"": ""When is @115888 going to put a sleep timer in their settings? \nBecause I could use that right now."", ""spotify_reply"": ""@205918 Hey Lauren! A sleep timer is a great idea. Help make it happen by adding support here: https://t.co/pMmX7wXq24 /RA""}, {""rank"": 3, ""similarity"": 0.483, ""customer_message"": ""Does @115888 have a feature for steaming what you’re currently listening to? @SpotifyCares\n\n@SpotifyCares WELL YOU’VE BLOODY WELL GOT MY VOTE SPOTIFY. YOU TAKE CARE NOW."", ""spotify_reply"": ""@714774 Hey Danny! This isn't possible right now, but we can see how that’d be useful. You can vote for the official idea here: https://t.co/t64lsvMKm2 /KB\n\n@714774 Awesome! If you need help with anything else, just give us a shout. Otherwise, have a... https://t.co/FQulrDtFky 😉 /GU""}]",Hey! A sleep timer is a popular idea. Be sure to add your support to the official idea on the Spotify Community so our team knows you want it! /SC,"@306449 Hey! A sleep timer is a great idea. Help make it happen by adding support here: https://t.co/pMmX7wXq24 /NQ

@306449 We hear you! Rest assured, your feedback will be passed on to the right folks /TB",Acknowledge the sleep timer request and provide the existing feature-request path.,"The customer explicitly said they did not want to vote, so simply sending them back to a voting link doesn't really address the frustration."
E043,"@115888 if I add premium service to my account, can I set it up to charge any credit card I want.",Subscription & Billing Issues,"[{""rank"": 1, ""similarity"": 0.62, ""customer_message"": ""@115888 @117168 @SpotifyCares  my mom is being charged every month for premium service but her account doesn't have premium features. She doesn't want spotify at all and she can't figure out how to quit being charged. Any help?"", ""spotify_reply"": ""@141287 Hey Briar! Can you DM us your mom's username or email address? We'll check on this for you /NH https://t.co/ldFdZRiNAt""}, {""rank"": 2, ""similarity"": 0.576, ""customer_message"": ""Hey @SpotifyCares, is there any way to change a premium account to a family plan?"", ""spotify_reply"": ""@377160 Hey! Can you DM us your account's username and email address? We'll see what we can suggest /JL https://t.co/ldFdZRiNAt""}, {""rank"": 3, ""similarity"": 0.546, ""customer_message"": ""@SpotifyCares Not sure if I have a student acc or a regular premium acc. But my acc was charged when I should have a month free. https://t.co/0syFLHTDkk"", ""spotify_reply"": ""@584936 Hey Hanna, we're here to help! Can you DM us your account's username or email address? We'll take a look backstage /JP https://t.co/ldFdZRiNAt""}]","Hey there! Thanks for sharing your thoughts on our ads. We always want to provide a great listening experience, so we'll make sure our Ads team receives your feedback /SC","@219083 Hey Marc, help has arrived! Could you DM us your account's email address? We'll check what we can suggest /RK https://t.co/ldFdZRiNAt",Explain the available payment-method options for Premium.,
E044,@117153  I paid for premium through my mobile banking app yet it still hasn't activated in the Spotify app,Subscription & Billing Issues,"[{""rank"": 1, ""similarity"": 0.801, ""customer_message"": ""@117153 I paid the premium Spotify account using Itunes, and my account is still free."", ""spotify_reply"": ""@562153 Hey Daniel, help's here! Can you DM us your account's username and email address? We'll take a look backstage /MQ https://t.co/ldFdZRiNAt""}, {""rank"": 2, ""similarity"": 0.796, ""customer_message"": ""@117153 hi, i already paid for 3 months, and i only have one account of spotify. But, why my premium account doesn’t work?, thank you"", ""spotify_reply"": ""@552159 Hey, help's here! Can you DM us your account's email address? We'll take a look backstage /JN https://t.co/ldFdZRiNAt""}, {""rank"": 3, ""similarity"": 0.69, ""customer_message"": ""Hey @115888 @SpotifyCares i applied for premium but why is this the only thing that's showing? I dont get it https://t.co/g6fWjhMn9G"", ""spotify_reply"": ""@716272 Hey! Help's here. Can you DM us your account's email address? We'll take a look backstage /RA https://t.co/ldFdZRiNAt""}]",Hi! Help's here. Can you DM us your account's email address so we can take a look backstage at your subscription? /SC https://t.co/ldFdZRiNAt,"@600191 Hi Andhika, help's here! Could you DM us your email address and username? We'll take a closer look /JQ https://t.co/ldFdZRiNAt","The customer paid for Premium but the subscription hasn't activated, so the payment and account need to be checked.",
E045,"@SpotifyCares my email account suddenly got unregistered on my spotify and i cant use the premium service anymore while the invoice remains on my bill. Any solution? Need this to be solved asap.

@SpotifyCares Done. Kindly check your DM",Account Access & Security,"[{""rank"": 1, ""similarity"": 0.765, ""customer_message"": ""@SpotifyCares how do I get onto an account that has premium but I have no access to? Or cancel it?"", ""spotify_reply"": ""@777590 Hey Abbie! We've just sent you a bit more info over DM. We'll carry on helping out there /DD""}, {""rank"": 2, ""similarity"": 0.742, ""customer_message"": ""So annoyed at @SpotifyCares. I pay for Spotify premium but it says it's 'unable' to log me in with an email and password I know is correct 😡"", ""spotify_reply"": ""@201245 Hey Charlie! Can you DM us your account's email address and username? We'll take a look backstage /SU https://t.co/ldFdZRiNAt""}, {""rank"": 3, ""similarity"": 0.725, ""customer_message"": ""@SpotifyCares my account has been hijacked and they also changed my email. I just reset my password tho and I hope it won’t happen again. I’m a premium user so please take this as a serious matter now that I know some ppl are complaining the same."", ""spotify_reply"": ""@442196 Hey there! We're sorry to hear that. Could you send us your account's username or email address via DM? We'll take a look backstage /LP https://t.co/ldFdZR1cbT""}]",Hey! We'd love to help you get back into your account. Please drop us a DM with your account details and we'll take a closer look /SC https://t.co/ldFdZRiNAt,@450411 Hey! Can you fire over your account's email address or username via DM? We'll take a look backstage /RC https://t.co/ldFdZRiNAt,"The account email issue is affecting Premium access while billing continues, so support needs to investigate.",
E046,@117153 Spotify has logged me out and I keep getting a dns error... what to do? https://t.co/fcqiHwcs87,Account Access & Security,"[{""rank"": 1, ""similarity"": 0.643, ""customer_message"": ""Hey @115888 - I still don’t have access to my Spotify account after submitting information 10 months ago... can we fix this?"", ""spotify_reply"": ""@364803 Hi Cheyanne, help's here. Can you DM us your account's email address? We'll check backstage and see what we can suggest /NY https://t.co/ldFdZRiNAt""}, {""rank"": 2, ""similarity"": 0.62, ""customer_message"": ""@SpotifyCares Uh spotify, why did you just log me out then tell me my email doesn't exist when I try to reset my password?\n\n@SpotifyCares Your support team is slower than your programming monkeys - it was fixed by the time you responded."", ""spotify_reply"": ""@313095 Hey there! That's not cool. Can you DM us your account's email address or username? We'll take a look backstage /PB https://t.co/ldFdZRiNAt\n\n@313095 Sorry for the delay, but glad to hear it's working. Let us know if you need anything else. We'd be happy to help /PB""}, {""rank"": 3, ""similarity"": 0.611, ""customer_message"": ""OK, it just happened again and I updated my account , @SpotifyCares can you help? Someone is hijacking my account.\n\n@SpotifyCares OK, I did all those steps, fingers crossed and Thanks!"", ""spotify_reply"": ""@135881 Hi there! We’re sorry to hear that. We'd suggest checking out https://t.co/iVpg60w61i for what to do next. Let us know if we can help with anything else /GN\n\n@135881 No worries! You know where to find us if you'll ever need our help again. We'll be right here for you 💚 /GN""}]",Hey! We'd love to help you get back into your account. Please drop us a DM with your account details and we'll take a closer look /SC https://t.co/ldFdZRiNAt,"@558304 Hey Emily, help's here! Could you let us know which other devices this is happening to besides your mobile device? Keep us posted 🙂 /CG",Troubleshoot the DNS/connectivity issue and check whether it affects other devices.,
E047,@SpotifyCares can't login now because I set the app to offline mode before the update... Hitting connect won't do anything 😱 https://t.co/fPMcnCsMx4,Account Access & Security,"[{""rank"": 1, ""similarity"": 0.696, ""customer_message"": ""So annoyed at @SpotifyCares. I pay for Spotify premium but it says it's 'unable' to log me in with an email and password I know is correct 😡"", ""spotify_reply"": ""@201245 Hey Charlie! Can you DM us your account's email address and username? We'll take a look backstage /SU https://t.co/ldFdZRiNAt""}, {""rank"": 2, ""similarity"": 0.678, ""customer_message"": ""@SpotifyCares I have been unable to login and not receiving email for password reset. PLEASE HELP. Other issues w playback, as well. TY"", ""spotify_reply"": ""@436954 Hi! We've replied to your DM. We'll carry on helping you there 🙂 /BX""}, {""rank"": 3, ""similarity"": 0.667, ""customer_message"": ""@SpotifyCares Uh spotify, why did you just log me out then tell me my email doesn't exist when I try to reset my password?\n\n@SpotifyCares Your support team is slower than your programming monkeys - it was fixed by the time you responded."", ""spotify_reply"": ""@313095 Hey there! That's not cool. Can you DM us your account's email address or username? We'll take a look backstage /PB https://t.co/ldFdZRiNAt\n\n@313095 Sorry for the delay, but glad to hear it's working. Let us know if you need anything else. We'd be happy to help /PB""}]",Hey! We'd love to help you get back into your account. Please drop us a DM with your account details and we'll take a closer look /SC https://t.co/ldFdZRiNAt,"@541760 Hey, that's not cool! Can you DM us your account's username or email address? We'll see what we can do to help /JM https://t.co/ldFdZRiNAt","The customer cannot reconnect or log in, so account-level assistance is appropriate.",
E048,"@SpotifyCares is this a genuine email of yours, I think I have been hacked as I can't log in https://t.co/yyuAjvMoE9",Account Access & Security,"[{""rank"": 1, ""similarity"": 0.807, ""customer_message"": ""@SpotifyCares my account has been hijacked and they also changed my email. I just reset my password tho and I hope it won’t happen again. I’m a premium user so please take this as a serious matter now that I know some ppl are complaining the same."", ""spotify_reply"": ""@442196 Hey there! We're sorry to hear that. Could you send us your account's username or email address via DM? We'll take a look backstage /LP https://t.co/ldFdZR1cbT""}, {""rank"": 2, ""similarity"": 0.776, ""customer_message"": ""@SpotifyCares Uh spotify, why did you just log me out then tell me my email doesn't exist when I try to reset my password?\n\n@SpotifyCares Your support team is slower than your programming monkeys - it was fixed by the time you responded."", ""spotify_reply"": ""@313095 Hey there! That's not cool. Can you DM us your account's email address or username? We'll take a look backstage /PB https://t.co/ldFdZRiNAt\n\n@313095 Sorry for the delay, but glad to hear it's working. Let us know if you need anything else. We'd be happy to help /PB""}, {""rank"": 3, ""similarity"": 0.775, ""customer_message"": ""So annoyed at @SpotifyCares. I pay for Spotify premium but it says it's 'unable' to log me in with an email and password I know is correct 😡"", ""spotify_reply"": ""@201245 Hey Charlie! Can you DM us your account's email address and username? We'll take a look backstage /SU https://t.co/ldFdZRiNAt""}]",Hey there! We take account security very seriously. Please send us a DM right away with your account's email address or username so our team can help secure and recover your account /SC https://t.co/ldFdZRiNAt,"@584757 Hey James! We'd recommend deleting your first tweet, as it contains private information. Also, could you DM us your account's username? /MQ https://t.co/ldFdZRiNAt","The customer suspects hacking and cannot log in, so account security needs human support.",
E049,@SpotifyCares I am on student plan but just got charged the regular fee. What's up?,Subscription & Billing Issues,"[{""rank"": 1, ""similarity"": 0.777, ""customer_message"": ""@SpotifyCares Not sure if I have a student acc or a regular premium acc. But my acc was charged when I should have a month free. https://t.co/0syFLHTDkk"", ""spotify_reply"": ""@584936 Hey Hanna, we're here to help! Can you DM us your account's username or email address? We'll take a look backstage /JP https://t.co/ldFdZRiNAt""}, {""rank"": 2, ""similarity"": 0.747, ""customer_message"": ""@SpotifyCares hi why does my Student account say it's going to double in price next month? Just wondering!"", ""spotify_reply"": ""@315434 Hi there! Can you DM us your account's email address or username? We'll take a look backstage /NQ https://t.co/ldFdZRiNAt""}, {""rank"": 3, ""similarity"": 0.747, ""customer_message"": ""@SpotifyCares Hi for some strange reason i was charged 14.99 for premium and headspace this month, i havent changed anything and all previous months it has been 4.99 as i am a student. I have changed it back to student now but dont know why it had changed?"", ""spotify_reply"": ""@679173 Hi Owen! That doesn't sound good. Can you DM us your account's username or email address? We'll take a look under the hood /DN https://t.co/ldFdZRiNAt""}]",Hi there! Sorry for the confusion with your Student discount. Please DM us your account email so we can verify your student status backstage and get your billing sorted /SC https://t.co/ldFdZRiNAt,"@538248 Hey Seth, help's here! Can you DM us your account's email address and username? We'll take a look backstage /MQ https://t.co/ldFdZRiNAt","The customer received the wrong student-plan charge, so billing details need verification.",
E050,@SpotifyCares YO. Update the App for iPhone X cause I might change to Apple Music.......,Feature Requests & Device Support,"[{""rank"": 1, ""similarity"": 0.798, ""customer_message"": ""In desperate need of this Spotify iPhone X update"", ""spotify_reply"": ""@529915 We don't have anything to share yet, but we'll be sure to post updates on this. Give us a shout if you need anything else /CO""}, {""rank"": 2, ""similarity"": 0.707, ""customer_message"": ""@SpotifyCares any plans to support iPhone X display with the app anytime soon?"", ""spotify_reply"": ""@662183 Hey Eric, great question! We’re working on it as we speak. Stay tuned, we'll be keeping everyone in the loop /TB""}, {""rank"": 3, ""similarity"": 0.655, ""customer_message"": ""why cant you change the song on spotify from the lock screen or swipe up menu any more @SpotifyCares\n\n@SpotifyCares iphone 7plus and ive got the newest version of spotify\n\n@SpotifyCares ios version 8.4.25 and ios 11.0.3\n\n@SpotifyCares I’ve tried both of those and neither worked"", ""spotify_reply"": ""@128149 Hey Georgie, that doesn't sound right! What device, operating system, and Spotify version are you using? We'll see what we can suggest /JE\n\n@128149 Thanks. We're almost there, but we need the exact iOS and Spotify versions you have installed on your phone. We'll be right here waiting /LP\n\n@128149 Got it. Does logging out and back in help? Restarting your device (hold Sleep/Wake + Volume Down for 10 seconds) is also worth a shot /LP\n\n@128149 Hmm. Could you send us your account's username or email address via DM? We'll take a look backstage /LP https://t.co/ldFdZRiNAt""}]",Hey there! Our team is actively working on updates optimized for the iPhone X display. Stay tuned to the App Store for upcoming releases /SC,"@510008 Hey Jordy! Don't worry, we're on it. Our developers are looking into this, and we'll keep everyone updated /MQ",Acknowledge the iPhone X update request and share available information.,
E051,Hello @SpotifyCares I would like to set up an premium account with my Kuwait bank account/PayPal. Please help! 🙏🏼,Subscription & Billing Issues,"[{""rank"": 1, ""similarity"": 0.631, ""customer_message"": ""@117153 hi, i already paid for 3 months, and i only have one account of spotify. But, why my premium account doesn’t work?, thank you"", ""spotify_reply"": ""@552159 Hey, help's here! Can you DM us your account's email address? We'll take a look backstage /JN https://t.co/ldFdZRiNAt""}, {""rank"": 2, ""similarity"": 0.627, ""customer_message"": ""@SpotifyCares I just went to pay for premium using PayPal and the page bugged out. Don't wanna attempt again in case I get charged twice. Any help?"", ""spotify_reply"": ""@267249 Hey Yazmin, we're here to help! Could you DM us your account's username and email address? We'll take a look backstage for you /BX https://t.co/ldFdZRiNAt""}, {""rank"": 3, ""similarity"": 0.626, ""customer_message"": ""Hey @SpotifyCares, can I be added to a premium family account if we live in different countries?"", ""spotify_reply"": ""@566887 Hey there! Currently, all members of a Premium for Family plan must reside at the same physical address. Hope this clears things up /AR""}]",Hi! Help's here. Can you DM us your account's email address so we can take a look backstage at your subscription? /SC https://t.co/ldFdZRiNAt,@786594 Hey there! Could you send us a DM with your account's email address? We'll take a look backstage /MA https://t.co/ldFdZRiNAt,Explain whether Kuwait bank accounts or PayPal can be used for Premium.,
E052,@SpotifyCares need help updating payment details. tried on phone and on computer. just spins and never goes through. advice?,Subscription & Billing Issues,"[{""rank"": 1, ""similarity"": 0.846, ""customer_message"": ""@SpotifyCares Hi. I’m trying to give you guys money, but you have yet to repair the glitch allowing people to update their payment information. How do I resolve?"", ""spotify_reply"": ""@779544 Hey there! Can you DM us your account's username and email address? We'll take a look backstage /SY https://t.co/ldFdZRiNAt""}, {""rank"": 2, ""similarity"": 0.707, ""customer_message"": ""@SpotifyCares thank u for not accepting my credit card :) i even had to make a second account and try again and nothing works. i am so annoyed right now. help."", ""spotify_reply"": ""@274492 Hey there! Can you DM us your account's username and email address? We'll take a look backstage /SY https://t.co/ldFdZRiNAt""}, {""rank"": 3, ""similarity"": 0.69, ""customer_message"": ""@SpotifyCares I'm having issues my family subscription please help asap!"", ""spotify_reply"": ""@727606 Hey there, help's here! Could you DM us exactly what's happening? We'll see what we can suggest /CG https://t.co/ldFdZRiNAt""}]","Hey there! Thanks for sharing your thoughts on our ads. We always want to provide a great listening experience, so we'll make sure our Ads team receives your feedback /SC",@670260 Hi Janna! Can you DM us your username or email address? We'll see what we can suggest /NH https://t.co/ldFdZRiNAt,"Payment details fail on both phone and computer, so this needs account/payment investigation.",
E053,"@115888 I need your help. Where is your guy's live chat???

@SpotifyCares I just inboxed you guys on twitter

@SpotifyCares got it!",Other / Unclear,"[{""rank"": 1, ""similarity"": 0.761, ""customer_message"": ""@SpotifyCares hi there\n\n@SpotifyCares Need some help please\n\n@SpotifyCares I'd rather chat in the main room"", ""spotify_reply"": ""@329940 Hi Jay. We've just sent a DM your way. Let's carry on chatting there /JU""}, {""rank"": 2, ""similarity"": 0.705, ""customer_message"": ""@SpotifyCares I need help on my Spotify account. I DM’d you guys earlier"", ""spotify_reply"": ""@502630 Hi Anthony! We've replied to your DM. Let's carry on chatting there 🙂 /RI""}, {""rank"": 3, ""similarity"": 0.699, ""customer_message"": ""@125633 just wanted to extend a huge thank you for your guys service 🤘🏻🙏🏻\n\n@SpotifyCares LOL. props for the creativity, thanks guys !"", ""spotify_reply"": ""@474442 Hey, thanks! That's great to hear. We're glad to have you with us. We appreciate https://t.co/YJdH7xU3LU you do 😁 /SP\n\n@474442 We're always here for you! Have a great weekend 🙂 /SP""}]","Hey! While we don't offer phone support, our Twitter team is here 24/7, and you can also reach our live chat team directly at https://t.co/manM05TIUL /SC","@198687 Hi! You can get in touch with our Chat team at https://t.co/manM05TIUL. We can also help through Twitter. We'll be right here for you /MT

@198687 Got it! We've just sent a DM your way. Let's carry on chatting there /MT",Explain where live chat is available and confirm that Twitter support is also available.,
E054,".@115888 needs a “You’ve skipped over this song literally every time it’s come on shuffle, would you like to remove it from your library” feature",Playlist & Library Management,"[{""rank"": 1, ""similarity"": 0.64, ""customer_message"": "":'-(\n\n@SpotifyCares let me know when you remove your frustrating 10k song library limit.\n\nhttps://t.co/vANgjQflxL"", ""spotify_reply"": ""@818249 Hey Nick! We don’t have any new info about this, but we’ll remind the team it’s a popular request. You can also show your support for the idea at https://t.co/a9TZL1Dqp6. We're sad to see you go - if you need us, we're just a tweet away /RK""}, {""rank"": 2, ""similarity"": 0.579, ""customer_message"": ""@117153 - How 2 delete a song from a playlist, when  hearing the playlist.. ?"", ""spotify_reply"": ""@393471 Hi there! You can edit your playlists with ease. We have some more info on this for you here at: https://t.co/a38Mc2DlCx 🙂 /JI""}, {""rank"": 3, ""similarity"": 0.555, ""customer_message"": ""When will @115888 allow you to put your songs in alphabetical order 🙄\n\n@115888 Am I idiot figured it out https://t.co/2Fea5P5GxQ"", ""spotify_reply"": ""@536851 Hi Melissa, help's here! You can sort and filter your Spotify playlist with ease. We have some more info here: https://t.co/xI3OJnGhP6 🙂 /JI""}]",Hey! We're here to help with your music collection. Let us know what device you're using and what specifically you'd like to adjust in your playlists! /SC,"@197361 Hey Matt! We hear you 🎧 Rest assured, your feedback will be passed on to the right folks /RA",Acknowledge the requested smart-remove-from-library feature and pass the feedback along.,
E055,I've had 2 payments come out this month for @115888... help @115888,Subscription & Billing Issues,"[{""rank"": 1, ""similarity"": 0.581, ""customer_message"": ""@115888 why is my credit card getting charged for you guys, yet I keep getting emails saying I haven’t 🙄🙄"", ""spotify_reply"": ""@615562 Hey Emma, help's here! Could you DM us your account's username and email? We'll do some digging 🔍 /DQ https://t.co/ldFdZRiNAt""}, {""rank"": 2, ""similarity"": 0.544, ""customer_message"": ""@SpotifyCares Hi. I’m trying to give you guys money, but you have yet to repair the glitch allowing people to update their payment information. How do I resolve?"", ""spotify_reply"": ""@779544 Hey there! Can you DM us your account's username and email address? We'll take a look backstage /SY https://t.co/ldFdZRiNAt""}, {""rank"": 3, ""similarity"": 0.455, ""customer_message"": ""@SpotifyCares please help me see if my account has made a premium transaction after my 30days trial because I'm sure I did cancel it\n\n@SpotifyCares Done dm"", ""spotify_reply"": ""@517764 Hey Mary! Could you send us a DM with your account's email address or username? We'll take a look backstage /MA https://t.co/ldFdZRiNAt""}]",Hi! We definitely want to make sure you're billed correctly. Please send us a DM with your account email address and we'll check your payment history backstage /SC https://t.co/ldFdZRiNAt,"@124189 Hey Kerry, help's here. Can you send us a DM with your account's email address or username? We'll take a look backstage /AY https://t.co/ldFdZRiNAt","The customer reports duplicate payments, so billing records need to be checked.",
E056,@115888 still waiting for the iphone x update!!!,Feature Requests & Device Support,"[{""rank"": 1, ""similarity"": 0.878, ""customer_message"": ""When is @115888 going to be updated for the iPhone X? It’s about time."", ""spotify_reply"": ""@703401 Hey Cibelly! We understand - we’re working on it as we speak. Stay tuned 🎶 /FR""}, {""rank"": 2, ""similarity"": 0.758, ""customer_message"": ""Hey @115888 when’re you releasing the #iPhoneX version of your app?"", ""spotify_reply"": ""@707889 Hey, we’re working on it as we speak. Stay tuned! /MA""}, {""rank"": 3, ""similarity"": 0.751, ""customer_message"": ""@115888 @117153 any news on iPhone X support? Thank you!!"", ""spotify_reply"": ""@672209 Hey Grant. Don't worry, we’re working on it as we speak. Stay tuned! /TC""}]",Hey there! Our team is actively working on updates optimized for the iPhone X display. Stay tuned to the App Store for upcoming releases /SC,"@471808 Hey there! We don't have any info on this right now, but we'll let the right team know it's something you'd like to see /NQ",Acknowledge the iPhone X update request and share any available development information.,
E057,"@115888 so your app just decides to stop playing music... great! #refund

@SpotifyCares 8.4.23.784 version Spotify
Samsung Galaxy S6
Android v7.0

@SpotifyCares Uninstalled it.. reinstalled.

All working now.. thanks!",Playback & Technical Errors,"[{""rank"": 1, ""similarity"": 0.761, ""customer_message"": ""@115888 wtf is going on with your app? I can’t play most songs\n\n@SpotifyCares When I click certain songs nothing happens. Same thing happened to my friend\n\n@SpotifyCares iPhone 8, and I’m running the most up to date iOS and Spotify\n\n@SpotifyCares Tried both. Neither worked"", ""spotify_reply"": ""@440991 Hi! We're here to help. Just to check, are you getting a specific error message? If so, can you send us a screenshot? We'll take a look /DD\n\n@440991 Hmm. Can you let us know the device, operating system, and Spotify version you're running? We'll see what we can suggest /DD\n\n@440991 Thanks. Does logging out and back in to your account help? If not, can you check if restarting your phone does the trick? /DD\n\n@440991 Thanks for trying! Can you DM us your account's email address or username? We'll have a look under the hood /DD https://t.co/ldFdZRiNAt""}, {""rank"": 2, ""similarity"": 0.705, ""customer_message"": ""Hey @115888 , I'm getting real tired of not being able to listen to music and have the app crash all the time.  Please fix it. https://t.co/c1kQ9g7Hej\n\n@SpotifyCares It's Spotify version 8.4.22.857 armV7 on a Samsung Galaxy S8+ running Android 7.0\n\n@SpotifyCares Nope. Logged out of Spotify, restated phone, listened to one song on the playlist and it still froze up. https://t.co/OKJuMrXDTC\n\n@SpotifyCares This is the 4th or 5th time I've noticed that this particular song is next in the queue when the app freezes. https://t.co/vRcm1VRcZy\n\n@SpotifyCares Yes, it's on a playlist I follow from you guys. (Viva Latino - Top 50 by Spotify) I don't know if I can remove if the playlist isn't mine."", ""spotify_reply"": ""@170378 Hey, help's here! Can you let us know your device, as well as the Android and Spotify versions? We'll see what we can suggest /JP\n\n@170378 Thanks! Can you try logging out, restarting your phone, and logging back in? Does that make any difference? /JP\n\n@170378 Is this happening on a specific playlist? Can you try removing this track wor a while and see if things will be better? /JP\n\n@170378 Thanks for clarifying. We'd suggest reinstalling the app: https://t.co/46sWVpIvlI. You might need to resync your offline songs after /JP""}, {""rank"": 3, ""similarity"": 0.697, ""customer_message"": ""@117168 my music stops playing everytime I open Snapchat or get a notification! Using the newest version of Spotify on iPhone X! Help\n\n@SpotifyCares I’m using Spotify version 8.4.28 and ios 11.1.1  thank you!"", ""spotify_reply"": ""@769324 Hey there! The cavalry's here. Could you let us know the exact iOS and Spotify version you're using? We'll see what we can suggest /KB\n\n@769324 Got it! Is this happening on 3G/4G, WiFi, or both? Does restarting your device by holding the Sleep/Wake + Volume Down buttons for 10 seconds make any difference? /KB""}]","Hey! Thanks for reporting this. Could you try restarting your device and testing on a fresh connection? If the issue continues, let us know your Spotify version /SC","@437800 Hey, that doesn't sound fun! Can you let us know more about what's happening? What device, OS, and Spotify version are you using? /MA

@437800 Thanks. Can you try logging out and back in again? You can also try restarting your phone to see if it helps /MA

@437800 Awesome! Give us a shout if you ever need us again. We'd be... https://t.co/LgAM6ky9Vv 😁 /MA",Provide standard troubleshooting for playback stopping and acknowledge that reinstalling fixed the problem.,
E058,@SpotifyCares Good morning to you guys! For some reason my payment for premium wont go thru. Still my card is working normal.,Subscription & Billing Issues,"[{""rank"": 1, ""similarity"": 0.771, ""customer_message"": ""@117153 hi, i already paid for 3 months, and i only have one account of spotify. But, why my premium account doesn’t work?, thank you"", ""spotify_reply"": ""@552159 Hey, help's here! Can you DM us your account's email address? We'll take a look backstage /JN https://t.co/ldFdZRiNAt""}, {""rank"": 2, ""similarity"": 0.762, ""customer_message"": ""@SpotifyCares i am paying for the premium service, but its not working, i cannot shuffle or forward more than 6 times, can you help please"", ""spotify_reply"": ""@665820 Hi there. Can you DM us your account's email address? We'll take a look backstage /LM https://t.co/ldFdZRiNAt""}, {""rank"": 3, ""similarity"": 0.75, ""customer_message"": ""@SpotifyCares thank u for not accepting my credit card :) i even had to make a second account and try again and nothing works. i am so annoyed right now. help."", ""spotify_reply"": ""@274492 Hey there! Can you DM us your account's username and email address? We'll take a look backstage /SY https://t.co/ldFdZRiNAt""}]",Hi! Help's here. Can you DM us your account's email address so we can take a look backstage at your subscription? /SC https://t.co/ldFdZRiNAt,@715944 Hey! Can you DM us your account's username and email address? We'll take a look backstage /JL https://t.co/ldFdZRiNAt,"The Premium payment isn't going through despite the card working normally, so billing needs checking.",
E059,@SpotifyCares hi. Can i pay with paypal balance?,Subscription & Billing Issues,"[{""rank"": 1, ""similarity"": 0.691, ""customer_message"": ""@SpotifyCares I just went to pay for premium using PayPal and the page bugged out. Don't wanna attempt again in case I get charged twice. Any help?"", ""spotify_reply"": ""@267249 Hey Yazmin, we're here to help! Could you DM us your account's username and email address? We'll take a look backstage for you /BX https://t.co/ldFdZRiNAt""}, {""rank"": 2, ""similarity"": 0.608, ""customer_message"": ""@117153 I paid the premium Spotify account using Itunes, and my account is still free."", ""spotify_reply"": ""@562153 Hey Daniel, help's here! Can you DM us your account's username and email address? We'll take a look backstage /MQ https://t.co/ldFdZRiNAt""}, {""rank"": 3, ""similarity"": 0.591, ""customer_message"": ""@117153 hi, i already paid for 3 months, and i only have one account of spotify. But, why my premium account doesn’t work?, thank you"", ""spotify_reply"": ""@552159 Hey, help's here! Can you DM us your account's email address? We'll take a look backstage /JN https://t.co/ldFdZRiNAt""}]","Hey! You can use PayPal to pay for Spotify, but PayPal may require a linked card or bank account as a backup payment method depending on your region. Check full details here: https://t.co/1n5b6gD /SC","@785034 Hey, apologies for the delay! We've just sent you a bit more info over DM. We'll carry on helping out there /NQ",Explain whether PayPal balance can be used and provide payment-method guidance.,
E060,@SpotifyCares y'all should make an optuon to listen on seperate devices online with same account. Both of us wanna listen and download music,Account Access & Security,"[{""rank"": 1, ""similarity"": 0.542, ""customer_message"": ""@SpotifyCares Is there any possible way to disconnect my cousins facebook from my spotify via xbox or phone?"", ""spotify_reply"": ""@490196 1: Hi Nick! We're afraid you can't do that from your phone or Xbox, but you can disconnect your cousin's Facebook profile using your...\n\n@490196 2: computer. Just follow these steps: https://t.co/uafhOEnKkW. Let us know how it goes 🙂 /RR""}, {""rank"": 2, ""similarity"": 0.523, ""customer_message"": ""So annoyed at @SpotifyCares. I pay for Spotify premium but it says it's 'unable' to log me in with an email and password I know is correct 😡"", ""spotify_reply"": ""@201245 Hey Charlie! Can you DM us your account's email address and username? We'll take a look backstage /SU https://t.co/ldFdZRiNAt""}, {""rank"": 3, ""similarity"": 0.507, ""customer_message"": ""@SpotifyCares You guys deleted all my playlists when I asked you to disconnect all the extra devices that were using all my accounts.. I've been building those for five years. Please fix!\n\n@SpotifyCares and you downgraded my account in the process.. no email response, just completely reset my account.. ridiculous!!!"", ""spotify_reply"": ""@709746 Hey Nathan! Help's here. Could you DM us your account's username or email address? We'll take a look backstage /TM https://t.co/ldFdZRiNAt""}]",Hey! We'd love to help you get back into your account. Please drop us a DM with your account details and we'll take a closer look /SC https://t.co/ldFdZRiNAt,"@465646 Hey, we don't have any info on this right now, but we'll let the right team know it's something you'd like to see /RB",Acknowledge the request to use one account on multiple devices simultaneously and explain the current limitation.,
E061,"@SpotifyCares can’t skip song whilst connected to Bluetooth in my car, many others having the same problem. Any suggestions?

@SpotifyCares iPhone 7, iOS 11.0.3 and Spotify version 8.4.22 thank you :)",Playback & Technical Errors,"[{""rank"": 1, ""similarity"": 0.703, ""customer_message"": ""@115888 wtf is going on with your app? I can’t play most songs\n\n@SpotifyCares When I click certain songs nothing happens. Same thing happened to my friend\n\n@SpotifyCares iPhone 8, and I’m running the most up to date iOS and Spotify\n\n@SpotifyCares Tried both. Neither worked"", ""spotify_reply"": ""@440991 Hi! We're here to help. Just to check, are you getting a specific error message? If so, can you send us a screenshot? We'll take a look /DD\n\n@440991 Hmm. Can you let us know the device, operating system, and Spotify version you're running? We'll see what we can suggest /DD\n\n@440991 Thanks. Does logging out and back in to your account help? If not, can you check if restarting your phone does the trick? /DD\n\n@440991 Thanks for trying! Can you DM us your account's email address or username? We'll have a look under the hood /DD https://t.co/ldFdZRiNAt""}, {""rank"": 2, ""similarity"": 0.672, ""customer_message"": ""@SpotifyCares When I use spotify on my iphone it doesn's show that I'm playing music on the control center or the lock screen, help\n\n@SpotifyCares iPhone 6S iOS 11.0.3, spotify version 8.4.22.215"", ""spotify_reply"": ""@411581 Hey Brett! Can you let us know your device and the exact operating system and Spotify versions you're running? We'll look into it /GS\n\n@411581 We understand. Our tech folks are aware of this, and they're on the case as we speak. Hopefully we'll have a fix soon! /GS""}, {""rank"": 3, ""similarity"": 0.655, ""customer_message"": ""@115888 See if you ever want to make an IOS app that works? That’d be great.\n\n@SpotifyCares IOS11 on an iPhone 6s, playing a playlist on shuffle it’ll just stop and won’t play anything else again even if I close and open again.\n\n@SpotifyCares Even tried reinstalling two or three times\n\n@SpotifyCares No none at all, really strange and really frustrating when you’re on the speaker at a party. Not a premium account if that helps at all\n\n@SpotifyCares Seems to be most of the ones I listened to, specifically Eminem relapse and bugzy malone king of the north and it happens on both"", ""spotify_reply"": ""@349085 Hey, help's here! What’s happening exactly? Can you let us know the device, iOS and Spotify version you’re using? /YM\n\n@349085 That's odd. Are you getting any specific error messages? We'll see what we can suggest /YM\n\n@349085 Hmm. Is this happening to all playlists or albums? Also, does the issue occur while on 3G/4G, WiFi, or both? /YM\n\n@349085 Can you send us the links to these albums or playlists via DM? Just tap the three dots &gt; Share &gt; Copy Link. We'll take a look backstage /YM https://t.co/ldFdZRiNAt""}]","Hey! Thanks for reporting this. Could you try restarting your device and testing on a fresh connection? If the issue continues, let us know your Spotify version /SC","@558437 Hey Luke! Can you let us know the device, operating system, and Spotify version you're using? We'll see what we can suggest /RH

@558437 Thanks. Could you try logging out &gt; restarting your phone &gt; logging back in? Let us know if that makes a difference /RH",Provide troubleshooting for Bluetooth/car playback controls.,
E062,"@SpotifyCares HELP!  I have an account that is on an old email add, and I don't remember my password.  I can't update without it, and contacting Spotify by email requires it as well.",Account Access & Security,"[{""rank"": 1, ""similarity"": 0.876, ""customer_message"": ""@SpotifyCares hi. I’ve forgetting which email I set up my account with and can’t remember my password. Can you help please???"", ""spotify_reply"": ""@235213 Hey Ellie! Sure, we can help. Can you DM us your username? We'll see what we can do /KT https://t.co/ldFdZR1cbT""}, {""rank"": 2, ""similarity"": 0.87, ""customer_message"": ""@SpotifyCares i dont use my email anymore from my spotify pre account and now i cant make a new password because i forgotten it. Pls help me"", ""spotify_reply"": ""@423124 Hi! We've just sent a DM your way. Let's carry on chatting there /RA""}, {""rank"": 3, ""similarity"": 0.777, ""customer_message"": ""So annoyed at @SpotifyCares. I pay for Spotify premium but it says it's 'unable' to log me in with an email and password I know is correct 😡"", ""spotify_reply"": ""@201245 Hey Charlie! Can you DM us your account's email address and username? We'll take a look backstage /SU https://t.co/ldFdZRiNAt""}]","Hi there! If you're not receiving the reset link or can't log in, could you shoot us a DM with your username or registered email? We'll check things backstage for you /SC https://t.co/ldFdZRiNAt","@776656 Hey there, help's here! Could you DM us your account's email address and username? We'll take a look backstage /CG https://t.co/ldFdZRiNAt","The old email and forgotten password prevent account access, so recovery assistance is needed.",
E063,@SpotifyCares I have a charge on my account for Spotify Premium but my Spotify account still says it’s Free. What should I do?,Subscription & Billing Issues,"[{""rank"": 1, ""similarity"": 0.803, ""customer_message"": ""@117153 hi, i already paid for 3 months, and i only have one account of spotify. But, why my premium account doesn’t work?, thank you"", ""spotify_reply"": ""@552159 Hey, help's here! Can you DM us your account's email address? We'll take a look backstage /JN https://t.co/ldFdZRiNAt""}, {""rank"": 2, ""similarity"": 0.799, ""customer_message"": ""@SpotifyCares Not sure if I have a student acc or a regular premium acc. But my acc was charged when I should have a month free. https://t.co/0syFLHTDkk"", ""spotify_reply"": ""@584936 Hey Hanna, we're here to help! Can you DM us your account's username or email address? We'll take a look backstage /JP https://t.co/ldFdZRiNAt""}, {""rank"": 3, ""similarity"": 0.779, ""customer_message"": ""@115888 @117168 @SpotifyCares  my mom is being charged every month for premium service but her account doesn't have premium features. She doesn't want spotify at all and she can't figure out how to quit being charged. Any help?"", ""spotify_reply"": ""@141287 Hey Briar! Can you DM us your mom's username or email address? We'll check on this for you /NH https://t.co/ldFdZRiNAt""}]",Hi! Help's here. Can you DM us your account's email address so we can take a look backstage at your subscription? /SC https://t.co/ldFdZRiNAt,"@543423 Hey Emily, help's here! Could you send us a DM with your account's username or email address? We'll take a look backstage 🔍 /DB https://t.co/ldFdZRiNAt","The customer was charged for Premium but the account still shows Free, requiring account and payment verification.",
E064,"@115888 are your design and dev teams working on an #iPhoneX update? Would really love to see that edge to edge #Spotify app :)

@SpotifyCares Care teams don’t get the love they deserve. Thanks for your response and action.",Feature Requests & Device Support,"[{""rank"": 1, ""similarity"": 0.687, ""customer_message"": ""In desperate need of this Spotify iPhone X update"", ""spotify_reply"": ""@529915 We don't have anything to share yet, but we'll be sure to post updates on this. Give us a shout if you need anything else /CO""}, {""rank"": 2, ""similarity"": 0.659, ""customer_message"": ""@SpotifyCares any plans to support iPhone X display with the app anytime soon?"", ""spotify_reply"": ""@662183 Hey Eric, great question! We’re working on it as we speak. Stay tuned, we'll be keeping everyone in the loop /TB""}, {""rank"": 3, ""similarity"": 0.619, ""customer_message"": ""Hi @SpotifyCares I love you but your CarPlay app is AWFUL. Are you working on making it better? @115948 is looking tempting 🤒🤒🤒🤒\n\n@SpotifyCares Hi! DM’d!"", ""spotify_reply"": ""@363148 Hi Tommy! The cavalry's here. Can you send us a bit more info on what's happening? We'll see what we can do /AU""}]",Hey! Thanks for sharing this suggestion with us. We love hearing your ideas and we'll make sure to pass this feedback along to our product team /SC,"@501359 Hey there! We don't have any info on this right now, but we'll let the right team know it's something you'd like to see /NQ

@501359 You're welcome. Just let us know if we can help with anything else. https://t.co/m4HWSbgHVZ 🙂 /NQ",Acknowledge the iPhone X optimization request and provide available update information.,
E065,Why is X’s music getting removed from @115888??,Playlist & Library Management,"[{""rank"": 1, ""similarity"": 0.564, ""customer_message"": ""&gt; @115888 : Never thought about adding new songs at the top of the list ?? bottom is too far #SaveMyFinger by #UX @83467 @83468 https://t.co/8xzqxhKKGD"", ""spotify_reply"": ""@207311 Hey, thanks for the feedback. For now, you can follow the steps here: https://t.co/5hjtm5AdqM. Hope this helps /NY""}, {""rank"": 2, ""similarity"": 0.508, ""customer_message"": "":'-(\n\n@SpotifyCares let me know when you remove your frustrating 10k song library limit.\n\nhttps://t.co/vANgjQflxL"", ""spotify_reply"": ""@818249 Hey Nick! We don’t have any new info about this, but we’ll remind the team it’s a popular request. You can also show your support for the idea at https://t.co/a9TZL1Dqp6. We're sad to see you go - if you need us, we're just a tweet away /RK""}, {""rank"": 3, ""similarity"": 0.507, ""customer_message"": ""When will @115888 allow you to put your songs in alphabetical order 🙄\n\n@115888 Am I idiot figured it out https://t.co/2Fea5P5GxQ"", ""spotify_reply"": ""@536851 Hi Melissa, help's here! You can sort and filter your Spotify playlist with ease. We have some more info here: https://t.co/xI3OJnGhP6 🙂 /JI""}]",Hey! We're here to help with your music collection. Let us know what device you're using and what specifically you'd like to adjust in your playlists! /SC,@538080 Hey! Sometimes content gets temporarily removed because of licensing changes. Hopefully we'll have it available again soon! /TR,Explain that content can be removed temporarily because of licensing changes.,
E066,"@SpotifyCares I found an album on the web player (that won't play), but I can't find that album on the app. Help?

@SpotifyCares https://t.co/1grwJT22Yz",Playback & Technical Errors,"[{""rank"": 1, ""similarity"": 0.686, ""customer_message"": ""@SpotifyCares Can’t play Beck’s new album and some other stuff in my library. Help?\n\n@SpotifyCares iMac (macos 10.12.6), iPhone (iOS 11.03) Spotify (ver 8.4.22.515)\n\n@SpotifyCares This one for sure: https://t.co/WmMIWfggAe\n\n@SpotifyCares Can’t play this artist either: https://t.co/DwDNBnUeDQ\n\n@SpotifyCares Sadly, it did not. Still won’t play."", ""spotify_reply"": ""@429920 Hi, help's arrived! What devices is this happening on? Also, what operating system and version of Spotify do you have? Keep us posted /JQ\n\n@429920 Thanks. Can you send us the Album Link? Have you noticed if it's happening with certain artists/albums/songs? /AY\n\n@429920 Got it. Try logging out &gt; restarting your devices &gt; logging back in. Does that make a difference? /AY\n\n@429920 Hmm. Could you DM us your account's email address or username? We'll take a closer look /AY https://t.co/ldFdZRiNAt""}, {""rank"": 2, ""similarity"": 0.654, ""customer_message"": ""@SpotifyCares your web player is not working.  Either nothing happens when I click play, or it says \""This song is not available\"".\n\n@SpotifyCares I tried everything you suggested, cleared cookies and cache, using incognito browser...\n\n@SpotifyCares Thanks.  \n\nI am using Chrome Version 60.0.3112.113 (Official Build) (64-bit) on Mac Yosemite 10.10.5"", ""spotify_reply"": ""@217299 Hey, thanks for keeping us posted. What browsers have you tried? Could you also let us know the operating system you're on? /AY\n\n@217299 Got it. Try logging out &gt; restarting your device &gt; logging back in. Does that make a difference? /AY""}, {""rank"": 3, ""similarity"": 0.628, ""customer_message"": ""@115888 wtf is going on with your app? I can’t play most songs\n\n@SpotifyCares When I click certain songs nothing happens. Same thing happened to my friend\n\n@SpotifyCares iPhone 8, and I’m running the most up to date iOS and Spotify\n\n@SpotifyCares Tried both. Neither worked"", ""spotify_reply"": ""@440991 Hi! We're here to help. Just to check, are you getting a specific error message? If so, can you send us a screenshot? We'll take a look /DD\n\n@440991 Hmm. Can you let us know the device, operating system, and Spotify version you're running? We'll see what we can suggest /DD\n\n@440991 Thanks. Does logging out and back in to your account help? If not, can you check if restarting your phone does the trick? /DD\n\n@440991 Thanks for trying! Can you DM us your account's email address or username? We'll have a look under the hood /DD https://t.co/ldFdZRiNAt""}]","Hey! Thanks for reporting this. Could you try restarting your device and testing on a fresh connection? If the issue continues, let us know your Spotify version /SC","@475500 Hi Joel! Can you tell us which album that is? On the web player, click on the three dots &gt; Copy Album Link /NH

@475500 Hey! Sometimes content gets temporarily removed because of licensing changes. Hopefully we'll have it available again soon /DF",Explain whether the album is unavailable because of licensing or platform availability differences.,The historical response handled it reasonably by identifying the album and explaining the likely licensing issue.
E067,"@SpotifyCares my web player isn’t working 🆘

@SpotifyCares I figured it out!",Other / Unclear,"[{""rank"": 1, ""similarity"": 0.72, ""customer_message"": ""@SpotifyCares please help. My username is Austinbullard22 https://t.co/UbhGY64Dub"", ""spotify_reply"": ""@466178 Hey James! Sorry for the delay. We've just sent you a bit more info over DM. We'll carry on helping out there /KB""}, {""rank"": 2, ""similarity"": 0.692, ""customer_message"": ""@SpotifyCares https://t.co/777rIXhISF"", ""spotify_reply"": ""@499051 Hey Cora! Could you send us a DM with your account's email address? We'll take a look backstage /CH https://t.co/ldFdZRiNAt""}, {""rank"": 3, ""similarity"": 0.691, ""customer_message"": ""@SpotifyCares I need help on my Spotify account. I DM’d you guys earlier"", ""spotify_reply"": ""@502630 Hi Anthony! We've replied to your DM. Let's carry on chatting there 🙂 /RI""}]",Hey there! Thanks for reaching out to Spotify Support. How can we help you out today? Feel free to let us know what's on your mind /SC,"@443695 Hey there, we're here to help! Are you receiving an error of any kind in your browser? Let us know /RV

@443695 Awesome, that's what we like to hear! If you need us again, just... https://t.co/AUc7DGJpgF /RV",Provide basic web-player troubleshooting and acknowledge the customer's confirmation that it is fixed.,
E068,@SpotifyCares @117168 why is reputation not here??!!😭😭 https://t.co/sYrsunnLex,Content Availability & Licensing,"[{""rank"": 1, ""similarity"": 0.808, ""customer_message"": ""@115888 where is 'Reputation'?! https://t.co/fc04Wpbakl\n\n@SpotifyCares I already have heard them.. I want to listen to the album\n\n@SpotifyCares I hope so"", ""spotify_reply"": ""@665442 Taylor Swift's 'Reputation' isn't available to stream just yet – stay tuned! For now, check out the singles: https://t.co/3h0TnPWP0c /DF\n\n@665442 Fingers crossed we'll be able to have it soon! Don't worry, we'll pass your feedback on to the team /KM\n\n@665442 We'll do our best to have it available to you and other listeners. If there's anything else, just let us know! /KM""}, {""rank"": 2, ""similarity"": 0.768, ""customer_message"": ""@SpotifyCares when will #reputation be available on spotify?"", ""spotify_reply"": ""@751328 Hey! We’ll have it available to you as soon as it’s available to us! For now, check out the singles: https://t.co/3h0TnPWP0c /BD""}, {""rank"": 3, ""similarity"": 0.678, ""customer_message"": ""Why isn’t #reputation on @115888 or @116380 yet? Like Come on! It released 2 days ago and it still isn’t there 😭😭"", ""spotify_reply"": ""@280370 Hi! Taylor Swift's 'Reputation' isn't available to stream just yet – stay tuned! For now, check out the singles: https://t.co/3h0TnPWP0c /JU""}]","Hey! We don't have Taylor Swift's Reputation album available to stream right now, but we hope to have it on Spotify soon. In the meantime, you can enjoy her available singles and playlists /SC","@450262 Hi! Fingers crossed we'll be able to have it soon, but there's info about Spotify content here: https://t.co/0i8GpimuDa /DR",Explain why Reputation isn't currently available and provide relevant content information.,
E069,"Why isn't @289430 ""Don't Miss You"" on Spotify?!?! I'm very upset about this @115888",Account Access & Security,"[{""rank"": 1, ""similarity"": 0.616, ""customer_message"": ""@SpotifyCares ... and when I log into my spotify account on your website, it has a very old e-mail address of mine listed.  Service is running fine, but as stated in 1st tweet... something isn't in sync"", ""spotify_reply"": ""@236883 Hey there! We're here to help. Can you DM us your account's email address? We'll take a look under the hood /AN https://t.co/ldFdZRiNAt""}, {""rank"": 2, ""similarity"": 0.608, ""customer_message"": ""@SpotifyCares Uh spotify, why did you just log me out then tell me my email doesn't exist when I try to reset my password?\n\n@SpotifyCares Your support team is slower than your programming monkeys - it was fixed by the time you responded."", ""spotify_reply"": ""@313095 Hey there! That's not cool. Can you DM us your account's email address or username? We'll take a look backstage /PB https://t.co/ldFdZRiNAt\n\n@313095 Sorry for the delay, but glad to hear it's working. Let us know if you need anything else. We'd be happy to help /PB""}, {""rank"": 3, ""similarity"": 0.594, ""customer_message"": ""Hey @115888 - I still don’t have access to my Spotify account after submitting information 10 months ago... can we fix this?"", ""spotify_reply"": ""@364803 Hi Cheyanne, help's here. Can you DM us your account's email address? We'll check backstage and see what we can suggest /NY https://t.co/ldFdZRiNAt""}]",Hey! We'd love to help you get back into your account. Please drop us a DM with your account details and we'll take a closer look /SC https://t.co/ldFdZRiNAt,"@589599 Hey there! We’d love to have all of her stuff available, but we have some info about content here: https://t.co/0i8GpimuDa /GK",Explain the current availability of the requested song and provide any relevant content information.,
E070,"Thanks @115888 for deleting my fucking offline library for the 6th time. It never ceases to be any less fun redownloading all my albums that i want on my phone!!!!!

@SpotifyCares Thank you",Playlist & Library Management,"[{""rank"": 1, ""similarity"": 0.701, ""customer_message"": "":'-(\n\n@SpotifyCares let me know when you remove your frustrating 10k song library limit.\n\nhttps://t.co/vANgjQflxL"", ""spotify_reply"": ""@818249 Hey Nick! We don’t have any new info about this, but we’ll remind the team it’s a popular request. You can also show your support for the idea at https://t.co/a9TZL1Dqp6. We're sad to see you go - if you need us, we're just a tweet away /RK""}, {""rank"": 2, ""similarity"": 0.593, ""customer_message"": ""@115888 you were the best app ever UNTIL.... you took away where you hold down and you can listen to a little of the song. Now idk what to really add to my playlists.. BRING IT BACK PLEASE!!!!!! #SpotifyMusic"", ""spotify_reply"": ""@760225 Hey! We have more info about this here: https://t.co/pXBCq8GlsI. Give us a shout if you have any questions /AK""}, {""rank"": 3, ""similarity"": 0.57, ""customer_message"": ""@115888 @117168 how and why is #Spotify using 7.1GB with 0 songs downloaded??? 👀 https://t.co/zmn1wYhbKC\n\n@115888 @117168 Give us the ability to clear caches like the android app 🙏"", ""spotify_reply"": ""@379855 1: Hey there! We can’t make any promises but we’ll pass your feedback onto the right folks. Could you DM us your account's...\n\n@379855 2: email address or username? We'll take a look under the hood /RH https://t.co/ldFdZRiNAt""}]",Hey! We're here to help with your music collection. Let us know what device you're using and what specifically you'd like to adjust in your playlists! /SC,"@231393 Hey, that's not cool. Could you DM us your account's email address and username? We'll take a look backstage /JZ https://t.co/ldFdZRiNAt","The customer's offline library has repeatedly disappeared, so the recurring technical problem needs deeper investigation.",The historical reply asked the customer to DM account details but didn't acknowledge that this had already happened repeatedly.
E071,"@115888 explain why an app I pay $9.99 monthly for can’t be bothered to update their app, you’ve had over a month to do it this shit. https://t.co/yw9ubCqrqK",Feature Requests & Device Support,"[{""rank"": 1, ""similarity"": 0.556, ""customer_message"": ""Hey @115888 when’re you releasing the #iPhoneX version of your app?"", ""spotify_reply"": ""@707889 Hey, we’re working on it as we speak. Stay tuned! /MA""}, {""rank"": 2, ""similarity"": 0.531, ""customer_message"": ""@115888 please tell me you’re going to release an AppleWatch app soon!? Want to run w/o phone!"", ""spotify_reply"": ""@541189 Hey there! Check out the official idea and add your vote to let our devs know it's something you'd like to see: https://t.co/SEK4E3YGDs /DD""}, {""rank"": 3, ""similarity"": 0.53, ""customer_message"": ""When is @115888 going to be updated for the iPhone X? It’s about time."", ""spotify_reply"": ""@703401 Hey Cibelly! We understand - we’re working on it as we speak. Stay tuned 🎶 /FR""}]",Hey! Thanks for sharing this suggestion with us. We love hearing your ideas and we'll make sure to pass this feedback along to our product team /SC,@405689 Hey Joe! Can you let us know what's happening exactly? We'll see what we can suggest /PL,Acknowledge the app-update complaint and explain the current update status.,The response was very generic and didn't really address why the requested update had not happened.
E072,@SpotifyCares @116130 my account has been hacked and email changed.  Please contact to sort asap,Account Access & Security,"[{""rank"": 1, ""similarity"": 0.855, ""customer_message"": ""@SpotifyCares I need to cancel my account but my email was hacked and i don't have access to it and I don't want to keep being charged.\n\n@SpotifyCares I have already done that and no one has gotten in touch with me. Like I said, I won't receive emails in the hacked account\n\n@SpotifyCares That is the same contact method as I’ve already done. No one has contacted me back."", ""spotify_reply"": ""@339707 Hi there! We’re sorry to hear that. Check out https://t.co/QHn3ok8y2n for what to do next. Let us know if we can help with anything else /GN\n\n@339707 Thanks for letting us know. We'd suggest contacting our Support team directly at https://t.co/ZgU70TbP8M. Any questions, give us a shout /GN\n\n@339707 Can you DM us the email address you entered on the contact form? We'll take a look backstage /LM https://t.co/ldFdZRiNAt""}, {""rank"": 2, ""similarity"": 0.812, ""customer_message"": ""@SpotifyCares my account has been hijacked and they also changed my email. I just reset my password tho and I hope it won’t happen again. I’m a premium user so please take this as a serious matter now that I know some ppl are complaining the same."", ""spotify_reply"": ""@442196 Hey there! We're sorry to hear that. Could you send us your account's username or email address via DM? We'll take a look backstage /LP https://t.co/ldFdZR1cbT""}, {""rank"": 3, ""similarity"": 0.793, ""customer_message"": ""id::93__credit_card__:@SpotifyCares My account was hacked/compromised. I’ve regained access and changed my password but I noticed there w"", ""spotify_reply"": ""@224361 Hey there! Looks like your tweet is incomplete. Can you resend that for us? We'll be here waiting /RB""}]",Hey there! We take account security very seriously. Please send us a DM right away with your account's email address or username so our team can help secure and recover your account /SC https://t.co/ldFdZRiNAt,"@385697 Hey! In this case, we suggest you follow the steps at https://t.co/QHn3ok8y2n. We hope that helps /CB","The account was hacked and the email changed, so secure account recovery is required.",
E073,"@SpotifyCares I downloaded Spotify for Mac but it’s so slow. Are there updates or should I continue to use the web since it’s quicker?

@SpotifyCares Im running High Sierra 10.13. I’m not too sure about Spotify version but it’s the Spotify Free

@SpotifyCares And the long # when I click on About Spotify is 1.0.66.478.g1296534d",Account Access & Security,"[{""rank"": 1, ""similarity"": 0.575, ""customer_message"": ""@SpotifyCares ... and when I log into my spotify account on your website, it has a very old e-mail address of mine listed.  Service is running fine, but as stated in 1st tweet... something isn't in sync"", ""spotify_reply"": ""@236883 Hey there! We're here to help. Can you DM us your account's email address? We'll take a look under the hood /AN https://t.co/ldFdZRiNAt""}, {""rank"": 2, ""similarity"": 0.569, ""customer_message"": ""@SpotifyCares Hi! I'm having issues with my spotify where it pauses randomly saying its being used elsewhere. Thanks ^^"", ""spotify_reply"": ""@346946 Hey there! Could you DM us your account's username and email address? We'll take a look backstage /DF https://t.co/ldFdZRiNAt""}, {""rank"": 3, ""similarity"": 0.534, ""customer_message"": ""So annoyed at @SpotifyCares. I pay for Spotify premium but it says it's 'unable' to log me in with an email and password I know is correct 😡"", ""spotify_reply"": ""@201245 Hey Charlie! Can you DM us your account's email address and username? We'll take a look backstage /SU https://t.co/ldFdZRiNAt""}]",Hey! We'd love to help you get back into your account. Please drop us a DM with your account details and we'll take a closer look /SC https://t.co/ldFdZRiNAt,"@423224 Hey Stacey! Can you let us know the OS X and Spotify versions you're using? We'll see what we can suggest /FR

@423224 Thanks for sending the info. Does logging out, restarting your device, and logging back in make any difference? /FR",Troubleshoot the slow Mac app and provide relevant performance/update guidance.,
E074,"@117153 the payment for my signature was discounted on my credit card but my signature is not on yet bc they are analysing my college documents,  how can I proceed?",Subscription & Billing Issues,"[{""rank"": 1, ""similarity"": 0.584, ""customer_message"": ""@SpotifyCares Hi. I accidently subsribed via Student plan. Money was taken out of my card but i cancelled the verification proccess. Can you help ?"", ""spotify_reply"": ""@222238 Hey there, we've just sent you a DM 🙂 /VK""}, {""rank"": 2, ""similarity"": 0.493, ""customer_message"": ""@SpotifyCares - I'm trying to update my payment info for premium, but it'll only let me do so for the student discount, and keeps telling me I'm not a student. I know I'm not a student I just want spotify and i lost my old debit card plz help i am gonna die if it goes away\n\n@SpotifyCares Just did! Thanks!"", ""spotify_reply"": ""@203960 Hi Sarah. Don't worry, help's here! Can you DM us your account's email address or username? We'll see what we can do /XF""}, {""rank"": 3, ""similarity"": 0.425, ""customer_message"": ""@SpotifyCares please help me see if my account has made a premium transaction after my 30days trial because I'm sure I did cancel it\n\n@SpotifyCares Done dm"", ""spotify_reply"": ""@517764 Hey Mary! Could you send us a DM with your account's email address or username? We'll take a look backstage /MA https://t.co/ldFdZRiNAt""}]",Hi! Help's here. Can you DM us your account's email address so we can take a look backstage at your subscription? /SC https://t.co/ldFdZRiNAt,@566789 Hey there! Could you send us a DM with your account's email address or username? We'll take a look backstage /LO https://t.co/ldFdZRiNAt,The payment and student verification status need account-level checking.,
E075,@SpotifyCares @115888 https://t.co/TrCVRQODm1 wrong artist link. Should be https://t.co/AXeM5XL1a7,Content Availability & Licensing,"[{""rank"": 1, ""similarity"": 0.64, ""customer_message"": ""@115888 where is 'Reputation'?! https://t.co/fc04Wpbakl\n\n@SpotifyCares I already have heard them.. I want to listen to the album\n\n@SpotifyCares I hope so"", ""spotify_reply"": ""@665442 Taylor Swift's 'Reputation' isn't available to stream just yet – stay tuned! For now, check out the singles: https://t.co/3h0TnPWP0c /DF\n\n@665442 Fingers crossed we'll be able to have it soon! Don't worry, we'll pass your feedback on to the team /KM\n\n@665442 We'll do our best to have it available to you and other listeners. If there's anything else, just let us know! /KM""}, {""rank"": 2, ""similarity"": 0.637, ""customer_message"": ""@115888 Hi all, thought you'd like to correct your bio on @95529 from \""White\"" to 'Wise'\n\n@SpotifyCares It's nothing to do with the platform of which I'm using, you've not put the correct surname for the artist that I've tagged."", ""spotify_reply"": ""@340612 Hey there! What's happening exactly? Could you let us know the device/OS you're using? We'll see what we can suggest /DF\n\n@340612 Thanks. We'll get this reported. Great detective work! https://t.co/LpsmyUtme0 /""}, {""rank"": 3, ""similarity"": 0.633, ""customer_message"": ""My artist name is not showing up correctly on Spotify, how can we fix that? @SpotifyCares"", ""spotify_reply"": ""@614812 Hey there! You'll need to reach out to your distributor to get this fixed up. There's some more info here: https://t.co/wljA2WvAjK /SU""}]",Hi! Thanks for pointing this out. We'll pass this metadata issue on to our Content Operations team so they can review and correct the track attribution /SC,"@220664 Hey, thanks. We've already reported this. Great detective work! https://t.co/LpsmyUtme0 /PL",Acknowledge the incorrect artist link and confirm that the metadata issue has been reported.,
E076,"So when's @115888 gonna let us sort albums by length and release date, I wanna access EPs/new releases quickly

@SpotifyCares While I appreciate you getting back to me so quickly, your suggestions weren't really that helpful. I already use Release Radar and [1/2]

@SpotifyCares While I love release radar, I just want to be able to sort through the albums I've -already saved- by album length and release date. [2/2]

@SpotifyCares Maybe a nice option for premium users would be to manually organize your albums into a sort of meta playlist, I think this would be [3/2]

@SpotifyCares Really useful if I want to search through my albums by genre as well

@SpotifyCares Thank you, I'll do just that.",Playlist & Library Management,"[{""rank"": 1, ""similarity"": 0.563, ""customer_message"": ""Dear @115888 - it would be super handy if we could edit the order of songs in playlists on phones... https://t.co/ZOLl1uzl0H\n\n@SpotifyCares THANK YOU!!  👏🏻💃🏼👏🏻"", ""spotify_reply"": ""@406580 Hi Amanda! You can sort the songs in your playlists by following our guide here: https://t.co/5hjtm5AdqM /AU\n\n@406580 You're welcome! Let us know if you ever need us again. We'd be... https://t.co/LgAM6ky9Vv 🙂 /AU""}, {""rank"": 2, ""similarity"": 0.559, ""customer_message"": ""@SpotifyCares are you able to rearrange track order within playlists on mobile (Android)?"", ""spotify_reply"": ""@252240 Hey there! We're afraid this isn't possible right now, but we'll let the right team know it's something you'd like to see /NQ""}, {""rank"": 3, ""similarity"": 0.55, ""customer_message"": ""Damnit @SpotifyCares make it so we can go back and save a weekly playlist. Sometimes forget to save songs than by Monday they are gone.\n\n@SpotifyCares Ya, those 5 songs I really wanted to save from last week but can’t find now. Ha"", ""spotify_reply"": ""@682353 Hey there! We'll gladly let the right folks know it's something you'd like to see. Let us know if anything else comes up /BH\n\n@682353 We understand! Fingers crossed you'll find them again soon. If you need us again, just give us a shout. We're here around the clock 🙂 /BH""}]",Hey! We're here to help with your music collection. Let us know what device you're using and what specifically you'd like to adjust in your playlists! /SC,"@398465 Hey! There's info on sorting and filtering here: https://t.co/5hjtm5AdqM. Checking out Fresh Finds and Release Radar should also help 🙂 /AR

@398465 We're afraid this isn't currently possible. To help make it happen, add your vote for a similar idea at https://t.co/e4LI1pbSdX /AR

@398465 You're welcome! If you ever need us with anything else, just give us a... https://t.co/AUc7DGJpgF 🙂 /AR",Explain whether saved albums can currently be sorted by length/date and provide the feature-request option.,The initial suggestion about Release Radar didn't address the customer's actual request to sort albums they had already saved.
E077,"spotify lyric thing sucks @115888 i want all the lyrics none of these facts

@SpotifyCares how do you get to the last one?",Other / Unclear,"[{""rank"": 1, ""similarity"": 0.609, ""customer_message"": ""@SpotifyCares I need help on my Spotify account. I DM’d you guys earlier"", ""spotify_reply"": ""@502630 Hi Anthony! We've replied to your DM. Let's carry on chatting there 🙂 /RI""}, {""rank"": 2, ""similarity"": 0.586, ""customer_message"": ""@SpotifyCares Thx spot"", ""spotify_reply"": ""@229355 Hey! We've just sent you a bit more info over DM. We'll carry on helping out there /SP\n\n@229355 No worries, we're always happy to help! Give us a shout if you need us again /SP""}, {""rank"": 3, ""similarity"": 0.556, ""customer_message"": ""@SpotifyCares Dm\n\n@SpotifyCares Thx 1 more dm 🦄"", ""spotify_reply"": ""@334448 Hi! We've replied to your DM. We'll continue helping you there 🙂 /BX""}]",Hey there! Thanks for reaching out to Spotify Support. How can we help you out today? Feel free to let us know what's on your mind /SC,"@153236 Hey there! These annotations give extra details to the songs. In the track's last Genius card, there’s a link to the full lyrics /AG

@153236 The link displays at the end of each song. That'll take you to the Genius website and show the lyrics for the track. Hope this helps /AG",Explain how to access full lyrics and acknowledge the customer's request for lyrics instead of annotations.,
E078,"Hey @115888 I'm experiencing this weird issue that I can't listen to any single #TheXX song on my mobile, which runs Android 7.

@115888 Other artist work just fine, and the problem has been around for a while now. So, ""turning it off and on again"" doesn't seem to fix this one

@115888 Any ideas?

@SpotifyCares Great! Here's the info:
Device: LG G6
Android: 7.0
Spotify version: 8.4.23.784 armV7

@SpotifyCares Unfortunately, the problem still persists.

There is no error message if I click on a ""The XX"" song. It doesn't react at all.

@SpotifyCares Her you go: https://t.co/YWFmF3qc4g

The country is set to Switzerland.

@SpotifyCares It didn't unfortunately.
By the way, I've just tried to play the song on my desktop. It doesn't work, but at least there is an error message

@SpotifyCares ""This song is not available. If you have the file on your computer you can import it.""",Playback & Technical Errors,"[{""rank"": 1, ""similarity"": 0.705, ""customer_message"": ""@115888 wtf is going on with your app? I can’t play most songs\n\n@SpotifyCares When I click certain songs nothing happens. Same thing happened to my friend\n\n@SpotifyCares iPhone 8, and I’m running the most up to date iOS and Spotify\n\n@SpotifyCares Tried both. Neither worked"", ""spotify_reply"": ""@440991 Hi! We're here to help. Just to check, are you getting a specific error message? If so, can you send us a screenshot? We'll take a look /DD\n\n@440991 Hmm. Can you let us know the device, operating system, and Spotify version you're running? We'll see what we can suggest /DD\n\n@440991 Thanks. Does logging out and back in to your account help? If not, can you check if restarting your phone does the trick? /DD\n\n@440991 Thanks for trying! Can you DM us your account's email address or username? We'll have a look under the hood /DD https://t.co/ldFdZRiNAt""}, {""rank"": 2, ""similarity"": 0.692, ""customer_message"": ""@115888 @123765 why doesn't it allow me to preview songs off my timeline? The song shows that its loading but nothing plays\n\n@SpotifyCares Samsung 7 edge\n\n@SpotifyCares No it did not\n\n@SpotifyCares No error message, it just doesn't load... I'll send  a pic\n\n@SpotifyCares  https://t.co/Q6FcGeawVg\n\n@SpotifyCares It happens with every track i try to preview\n\n@SpotifyCares And reinstalling it did nothing\n\n@SpotifyCares For spotify or twitter?"", ""spotify_reply"": ""@363423 Hey! Don’t worry, we can help. Can you let us know the device/OS you’re using? We'll see what we can suggest /CO\n\n@363423 Thanks. Have you tried logging out &gt; restarting your device &gt; then logging back in? Does that help at all? /CO\n\n@363423 Hmm. Are you getting any error messages? Can you send us a screenshot or a clip of what happens when you select a track to play? /CO\n\n@363423 Got it. Does this happen with any track? It's not ideal, but the exact steps here should help out: https://t.co/EqisDMwZAT /CO\n\n@363423 Alright, thanks for trying that. Could you send us a DM with your account's email address or username? We'll take a look backstage /CO https://t.co/ldFdZRiNAt\n\n@363423 Oops! Our apologies for the confusion. We're asking for your Spotify account details. We'll be waiting /CO https://t.co/ldFdZRiNAt""}, {""rank"": 3, ""similarity"": 0.689, ""customer_message"": ""@SpotifyCares I've noticed I can't play Pearl Jam and The Killers anymore, on my phone and my laptop.\n\n@SpotifyCares I tap on the tracks on my S7, and the songs just won't play, on my laptop, it says, the song isn't avalible."", ""spotify_reply"": ""@117986 Hey Anthony! Are you getting any specific error messages when playing the tracks? If so, can you send us a screenshot of it? /FR\n\n@117986 Does logging out, restarting your device, and logging back in make any difference? Let us know how it goes /FR""}]","Hey! Thanks for reporting this. Could you try restarting your device and testing on a fresh connection? If the issue continues, let us know your Spotify version /SC","@552568 Hi Claudio! Can you let us know the device's model and exact Android and Spotify versions you're using? We'll see what we can suggest /PL

@552568 Thanks! Are you getting any error messages? Can you try logging out &gt; restarting your device &gt; logging back in? /PL

@552568 Can you send us the Song Link? Just tap the three dots &gt; Share &gt; Copy Link. Also, what country is your account set to? /PL

@552568 Can you check if the steps here does the trick: https://t.co/cxGHt0bCR8? Keep us posted /PL

@552568 Got it! Can you DM us your account's username or email address? We'll take a look under the hood /PL https://t.co/ldFdZRiNAt",Explain whether the unavailable songs are affected by country or licensing restrictions and provide the relevant guidance.,"The historical reply eventually moved toward account investigation, but it could have explained the likely content-availability issue more directly."
E079,@115888 pls bring back lyrics,Feature Requests & Device Support,"[{""rank"": 1, ""similarity"": 0.685, ""customer_message"": ""@115888 please put the lyrics back in the desktop app i need it\n\n@SpotifyCares ITS BEEN OVER A YEAR AGO COME ON\n\n@SpotifyCares thanks bae"", ""spotify_reply"": ""@451866 Hi, we hear you! Any updates will be posted at https://t.co/osebD49Qxe. We'd recommend voting to support the idea, too /RB\n\n@451866 We understand how you feel. Don't worry, we'll let the right team know it's something you'd like to see /RB\n\n@451866 You're welcome! Let us know if you ever need us again. We'd be... https://t.co/LgAM6ky9Vv /RB""}, {""rank"": 2, ""similarity"": 0.645, ""customer_message"": ""@115888 @9743 can you show all of the lyrics with every song?"", ""spotify_reply"": ""@582367 Hey! This isn't currently possible, but we appreciate the feedback. We'll let the right team know it's something you'd like to see /AR""}, {""rank"": 3, ""similarity"": 0.626, ""customer_message"": ""i really would like for @115888 to bring back the ability to message songs to friends"", ""spotify_reply"": ""@697060 Hi Nick! We have some info here: https://t.co/xW1fRS96NG. Let us know how things go /HR""}]",Hey! Thanks for sharing this suggestion with us. We love hearing your ideas and we'll make sure to pass this feedback along to our product team /SC,"@364439 Hey there, we hear you! Any updates will be posted at https://t.co/osebD49Qxe. We'd recommend voting to support the idea too 👍 /DQ",Acknowledge the request to bring back lyrics and provide the official feedback option.,
E080,@115888 if y’all don’t friggin stop removing all my downloaded albums every other week I’m friggin switching to @115948,Playback & Technical Errors,"[{""rank"": 1, ""similarity"": 0.597, ""customer_message"": ""My @115888  is acting up and im just tryna listen to my music in peace"", ""spotify_reply"": ""@823053 Hey, that's not cool! Can you tell us what's happening exactly? We'll see what we can suggest /CH""}, {""rank"": 2, ""similarity"": 0.571, ""customer_message"": ""Is anyone else’s @115888 down??\n\n@SpotifyCares Thank for checking in and responding guys! Really appreciate it!"", ""spotify_reply"": ""@806625 Hey! We were off beat for a second, but we’re back on track now (excuse the puns) /JE\n\n@806625 You're welcome! Let us know if you ever need us again. We'd be... https://t.co/LgAM6ky9Vv 💚 /BP""}, {""rank"": 3, ""similarity"": 0.533, ""customer_message"": ""@115888 why has all of my music no long synced and download on my phone?"", ""spotify_reply"": ""@591755 Hi Abbie, that's not fun! Check out the steps under “Downloads unexpectedly removed” at https://t.co/38J7tFlIBF. Keep us posted /TY""}]","Hey! Thanks for reporting this. Could you try restarting your device and testing on a fresh connection? If the issue continues, let us know your Spotify version /SC","@473200 1: Hey Jake, sorry to hear that! Check out the steps under “Downloads unexpectedly removed”...

@473200 2: at https://t.co/38J7tFlIBF. They should help with this /SY",Provide the standard “downloads unexpectedly removed” troubleshooting steps.,
E081,"Far out I actually can’t believe how glitchy my Spotify is being lately... plz get it together @115888

@SpotifyCares I’m using it on iOS. The music turns off whenever I exit the app, or when I go onto another app such as Snapchat and sometime with Twitter

@SpotifyCares Also I just have the latest version

@SpotifyCares It happens when I listen to my downloaded music. Version 8.4.20",Playback & Technical Errors,"[{""rank"": 1, ""similarity"": 0.792, ""customer_message"": ""@117168 my music stops playing everytime I open Snapchat or get a notification! Using the newest version of Spotify on iPhone X! Help\n\n@SpotifyCares I’m using Spotify version 8.4.28 and ios 11.1.1  thank you!"", ""spotify_reply"": ""@769324 Hey there! The cavalry's here. Could you let us know the exact iOS and Spotify version you're using? We'll see what we can suggest /KB\n\n@769324 Got it! Is this happening on 3G/4G, WiFi, or both? Does restarting your device by holding the Sleep/Wake + Volume Down buttons for 10 seconds make any difference? /KB""}, {""rank"": 2, ""similarity"": 0.771, ""customer_message"": ""@115888 wtf is going on with your app? I can’t play most songs\n\n@SpotifyCares When I click certain songs nothing happens. Same thing happened to my friend\n\n@SpotifyCares iPhone 8, and I’m running the most up to date iOS and Spotify\n\n@SpotifyCares Tried both. Neither worked"", ""spotify_reply"": ""@440991 Hi! We're here to help. Just to check, are you getting a specific error message? If so, can you send us a screenshot? We'll take a look /DD\n\n@440991 Hmm. Can you let us know the device, operating system, and Spotify version you're running? We'll see what we can suggest /DD\n\n@440991 Thanks. Does logging out and back in to your account help? If not, can you check if restarting your phone does the trick? /DD\n\n@440991 Thanks for trying! Can you DM us your account's email address or username? We'll have a look under the hood /DD https://t.co/ldFdZRiNAt""}, {""rank"": 3, ""similarity"": 0.762, ""customer_message"": ""@SpotifyCares My song on Spotify seems to have a few audible glitches, and it only happens on @115888 https://t.co/3jKDyLrMp7\n\n@SpotifyCares 9 seconds to 2:37. Any device. But it's not present on other streaming services"", ""spotify_reply"": ""@487884 Hey, help's here! Can you let us know at which point of the track you're getting the glitches? Does this happen with any device? /CO\n\n@487884 Hmm. We'd like to share more info with you in private. Could you send us a DM? /CO https://t.co/ldFdZRiNAt""}]","Hey! Thanks for reporting this. Could you try restarting your device and testing on a fresh connection? If the issue continues, let us know your Spotify version /SC","@215511 Hey Sam! That doesn't sound good. Can you let us know what's happening exactly? Also, which device/OS and Spotify version are you using? /YM

@215511 Got it. Does this happen when you stream online or when you listen to your downloaded music? Also, what Spotify version are you using? /JN

@215511 Thanks! Can you DM us your account's email address? We'll take a look backstage /JN https://t.co/ldFdZRiNAt","The downloaded music stops when the customer leaves the app, so persistent playback behavior needs further investigation.",The historical reply moved to an account lookup without first giving a clear explanation of why background playback was stopping.
E082,"Another day, another day #Reputation isn’t on @115888 😭😭",Content Availability & Licensing,"[{""rank"": 1, ""similarity"": 0.775, ""customer_message"": ""When is #reputation coming to @115888? 😭"", ""spotify_reply"": ""@393512 Hi! Taylor Swift's 'Reputation' isn't available to stream just yet – stay tuned! For now, check out the singles: https://t.co/3h0TnPWP0c /NH""}, {""rank"": 2, ""similarity"": 0.727, ""customer_message"": ""Why isn’t #reputation on @115888 or @116380 yet? Like Come on! It released 2 days ago and it still isn’t there 😭😭"", ""spotify_reply"": ""@280370 Hi! Taylor Swift's 'Reputation' isn't available to stream just yet – stay tuned! For now, check out the singles: https://t.co/3h0TnPWP0c /JU""}, {""rank"": 3, ""similarity"": 0.578, ""customer_message"": ""It sucks that #LEMONADE is still not on @115888...guys, c'mon! I need more @12899 in my life."", ""spotify_reply"": ""@551959 Hey Elisabeth! We're working on it, and we hope to have it available soon. There's more info here: https://t.co/WI0fi3V8Cu /RI""}]","Hey! We don't have Taylor Swift's Reputation album available to stream right now, but we hope to have it on Spotify soon. In the meantime, you can enjoy her available singles and playlists /SC","@778301 Hey there, we’ll have it available to you as soon as it’s available to us! For now, check out the singles: https://t.co/3h0TnPWP0c /SY",Explain why Reputation is not yet available and provide current availability information.,
E083,"@SpotifyCares Hey guys! Any plans to come to Russia? Any reason you’re not still here?
We really want you! ❤️
I’d love to use Spotify Premium instead of Google Play and Apple Music but I can’t. Thanks!",Feature Requests & Device Support,"[{""rank"": 1, ""similarity"": 0.811, ""customer_message"": ""@115888 When Russia will be the Spotify, you need to open access for Russian users?\n\n@SpotifyCares Well, let's wait and hope that very soon it will appear in Russia. And thanks for the answer)"", ""spotify_reply"": ""@369725 Hey there! We're launching in new countries as often as possible. Be sure to add your email at https://t.co/X8DVSXrr8k /AN\n\n@369725 You're welcome! If you ever need anything else, just shout and we'll come running 🏃 /JX""}, {""rank"": 2, ""similarity"": 0.53, ""customer_message"": ""@SpotifyCares Its about time you launched spotify in India competition is growing even amazon prime music is launching next week,just saying"", ""spotify_reply"": ""@413338 Hey! We're launching regularly in countries around the world. Sign up here to be first to hear: https://t.co/XDwWzj7cLP /RH""}, {""rank"": 3, ""similarity"": 0.485, ""customer_message"": ""@115888 When are you coming to India?? #spotifyindia @116618 @15462 ... already arrived. Standing w/open arms, come2india."", ""spotify_reply"": ""@300056 Hi Manish! We're launching in new countries as often as possible. Be sure to add your email at https://t.co/X8DVSX9QgM 🙂 /NY""}]",Hey! We're launching in new countries all the time. Keep an eye on our announcements and sign up at https://t.co/XDwWzj7cLP to be first to know when we launch in your region! /SC,@149497 Hey there! We're launching in new countries as often as possible. Sign up here to be first to hear: https://t.co/XDwWzj7cLP /CO,Explain country availability and provide a sign-up or launch-notification option.,
E084,@115888 make an alarm a premium feature,Feature Requests & Device Support,"[{""rank"": 1, ""similarity"": 0.53, ""customer_message"": ""When is @115888 going to put a sleep timer in their settings? \nBecause I could use that right now."", ""spotify_reply"": ""@205918 Hey Lauren! A sleep timer is a great idea. Help make it happen by adding support here: https://t.co/pMmX7wXq24 /RA""}, {""rank"": 2, ""similarity"": 0.514, ""customer_message"": ""@115888 when are you guys gonna put in a sleep timer on the app?"", ""spotify_reply"": ""@366456 Hey there! A sleep timer is a great idea. Help make it happen by adding support here: https://t.co/pMmX7wXq24 /RS""}, {""rank"": 3, ""similarity"": 0.472, ""customer_message"": ""@115888 you should have frequencies of radio stations"", ""spotify_reply"": ""@496732 We can see how that’d be useful! Suggest it in our Community where you can get support from other fans: https://t.co/WgY7GXI7jf /JN""}]",Hey! Thanks for sharing this suggestion with us. We love hearing your ideas and we'll make sure to pass this feedback along to our product team /SC,@169625 Hey there! We can see how that’d be handy. Thanks for taking the time to reach out – your feedback's been noted 📝 /NQ,Acknowledge the request for an alarm feature and pass the feedback along.,
E085,"@SpotifyCares just sign up for the premium after Logging in seem is not can’t play any song like .

@SpotifyCares Issue was fix thanks",Account Access & Security,"[{""rank"": 1, ""similarity"": 0.824, ""customer_message"": ""So annoyed at @SpotifyCares. I pay for Spotify premium but it says it's 'unable' to log me in with an email and password I know is correct 😡"", ""spotify_reply"": ""@201245 Hey Charlie! Can you DM us your account's email address and username? We'll take a look backstage /SU https://t.co/ldFdZRiNAt""}, {""rank"": 2, ""similarity"": 0.749, ""customer_message"": ""@SpotifyCares I have been unable to login and not receiving email for password reset. PLEASE HELP. Other issues w playback, as well. TY"", ""spotify_reply"": ""@436954 Hi! We've replied to your DM. We'll carry on helping you there 🙂 /BX""}, {""rank"": 3, ""similarity"": 0.736, ""customer_message"": ""@SpotifyCares how do I get onto an account that has premium but I have no access to? Or cancel it?"", ""spotify_reply"": ""@777590 Hey Abbie! We've just sent you a bit more info over DM. We'll carry on helping out there /DD""}]",Hey! We'd love to help you get back into your account. Please drop us a DM with your account details and we'll take a closer look /SC https://t.co/ldFdZRiNAt,"@127867 Hey Jonathan, help's here! Can you DM us your account's username and email address? We'll check it out 🔍 /TR https://t.co/ldFdZRiNAt

@127867 No worries! Glad to hear it's fixed. If you ever need anything else, just shout and we'll come running 🏃 /TR",Acknowledge that the playback problem was fixed and provide a normal closing response.,
E086,"@SpotifyCares Har bytt från premium till premium for family, men hur aktiverar jag detta???

@SpotifyCares We changed from Premium to premium for family. But how do we activate it??",Subscription & Billing Issues,"[{""rank"": 1, ""similarity"": 0.728, ""customer_message"": ""Hey @115888 @SpotifyCares i applied for premium but why is this the only thing that's showing? I dont get it https://t.co/g6fWjhMn9G"", ""spotify_reply"": ""@716272 Hey! Help's here. Can you DM us your account's email address? We'll take a look backstage /RA https://t.co/ldFdZRiNAt""}, {""rank"": 2, ""similarity"": 0.707, ""customer_message"": ""Hey @SpotifyCares, is there any way to change a premium account to a family plan?"", ""spotify_reply"": ""@377160 Hey! Can you DM us your account's username and email address? We'll see what we can suggest /JL https://t.co/ldFdZRiNAt""}, {""rank"": 3, ""similarity"": 0.702, ""customer_message"": ""@115888 @117168 @SpotifyCares  my mom is being charged every month for premium service but her account doesn't have premium features. She doesn't want spotify at all and she can't figure out how to quit being charged. Any help?"", ""spotify_reply"": ""@141287 Hey Briar! Can you DM us your mom's username or email address? We'll check on this for you /NH https://t.co/ldFdZRiNAt""}]",Hi! Help's here. Can you DM us your account's email address so we can take a look backstage at your subscription? /SC https://t.co/ldFdZRiNAt,"@360677 Hey Marcus! We can help out in English via Twitter, but we also have Swedish support via email at https://t.co/ZgU70TbP8M /AY

@360677 Could you DM us your accounts' email addresses or usernames? We'll take a look behind the scenes /AY https://t.co/ldFdZRiNAt",The Family Plan activation issue needs account-specific checking.,The historical response focused partly on language support but did not directly explain how Family activation works.
E087,"@115888 Two updates since I got my iPhone X and neither of them optimised for the new screen size. I’m sure you have something in the works… any hints? https://t.co/16C8pZXYYk

@SpotifyCares 🔥 🔥 🔥 
Can’t wait!",Feature Requests & Device Support,"[{""rank"": 1, ""similarity"": 0.564, ""customer_message"": ""When is @115888 going to be updated for the iPhone X? It’s about time."", ""spotify_reply"": ""@703401 Hey Cibelly! We understand - we’re working on it as we speak. Stay tuned 🎶 /FR""}, {""rank"": 2, ""similarity"": 0.555, ""customer_message"": ""In desperate need of this Spotify iPhone X update"", ""spotify_reply"": ""@529915 We don't have anything to share yet, but we'll be sure to post updates on this. Give us a shout if you need anything else /CO""}, {""rank"": 3, ""similarity"": 0.539, ""customer_message"": ""Hi @SpotifyCares I love you but your CarPlay app is AWFUL. Are you working on making it better? @115948 is looking tempting 🤒🤒🤒🤒\n\n@SpotifyCares Hi! DM’d!"", ""spotify_reply"": ""@363148 Hi Tommy! The cavalry's here. Can you send us a bit more info on what's happening? We'll see what we can do /AU""}]",Hey there! Our team is actively working on updates optimized for the iPhone X display. Stay tuned to the App Store for upcoming releases /SC,"@697056 Hey there, we’re working on this as we speak. Stay tuned! /JO

@697056 We know you're excited! Hopefully, we'll have an update soon. In the meantime, let us know if you need help with anything else /GU",Acknowledge the iPhone X optimization issue and share the current development status.,
E088,"Dear @116130 you are officially shit. Your suggested songs ""feature"" ruins the listening experience turning everything into a @244027 playlist.",Playlist & Library Management,"[{""rank"": 1, ""similarity"": 0.64, ""customer_message"": ""@115888 you were the best app ever UNTIL.... you took away where you hold down and you can listen to a little of the song. Now idk what to really add to my playlists.. BRING IT BACK PLEASE!!!!!! #SpotifyMusic"", ""spotify_reply"": ""@760225 Hey! We have more info about this here: https://t.co/pXBCq8GlsI. Give us a shout if you have any questions /AK""}, {""rank"": 2, ""similarity"": 0.591, ""customer_message"": ""&gt; @115888 : Never thought about adding new songs at the top of the list ?? bottom is too far #SaveMyFinger by #UX @83467 @83468 https://t.co/8xzqxhKKGD"", ""spotify_reply"": ""@207311 Hey, thanks for the feedback. For now, you can follow the steps here: https://t.co/5hjtm5AdqM. Hope this helps /NY""}, {""rank"": 3, ""similarity"": 0.585, ""customer_message"": "":'-(\n\n@SpotifyCares let me know when you remove your frustrating 10k song library limit.\n\nhttps://t.co/vANgjQflxL"", ""spotify_reply"": ""@818249 Hey Nick! We don’t have any new info about this, but we’ll remind the team it’s a popular request. You can also show your support for the idea at https://t.co/a9TZL1Dqp6. We're sad to see you go - if you need us, we're just a tweet away /RK""}]",Hey! We're here to help with your music collection. Let us know what device you're using and what specifically you'd like to adjust in your playlists! /SC,"@244026 Hey Richard, help's here! Can you DM us your account's username or email address? We'll take a look under the hood /PK",The suggested-songs feature is negatively affecting the customer's account experience and may need account-level investigation.,The historical reply immediately requested account details without first acknowledging or explaining the feature behavior.
E089,"@115888 y’all charged my account 10$ and I don’t even have premium on it. And that 10 made me get an overdraft fee. C’mon.

@115888  https://t.co/Yqwfo5TJfL",Subscription & Billing Issues,"[{""rank"": 1, ""similarity"": 0.633, ""customer_message"": ""@115888 I'm tryna buy premium for a year that shit possible? If so how much woe?\n\n@SpotifyCares Thank you @115888 for satisfying another customer  this is why you'll always be better than @115948"", ""spotify_reply"": ""@641612 Hey! Sure we do. Just select 'See more offers' on the Payments page. This should bring up the option to pay yearly /NQ\n\n@641612 Woohoo, that's what we like to hear! Give us a shout if you need us again, otherwise... https://t.co/SkdXv2BhCb /DR""}, {""rank"": 2, ""similarity"": 0.617, ""customer_message"": ""@115888 why is my credit card getting charged for you guys, yet I keep getting emails saying I haven’t 🙄🙄"", ""spotify_reply"": ""@615562 Hey Emma, help's here! Could you DM us your account's username and email? We'll do some digging 🔍 /DQ https://t.co/ldFdZRiNAt""}, {""rank"": 3, ""similarity"": 0.522, ""customer_message"": ""@SpotifyCares please help me see if my account has made a premium transaction after my 30days trial because I'm sure I did cancel it\n\n@SpotifyCares Done dm"", ""spotify_reply"": ""@517764 Hey Mary! Could you send us a DM with your account's email address or username? We'll take a look backstage /MA https://t.co/ldFdZRiNAt""}]","Hey there! Thanks for sharing your thoughts on our ads. We always want to provide a great listening experience, so we'll make sure our Ads team receives your feedback /SC","@707279 Hey, help's here! Could you DM us a screenshot of your bank statement reflecting the Spotify charge? Just make sure not to include your full card number /MA https://t.co/ldFdZRiNAt","The customer was charged despite not having Premium and incurred an overdraft fee, so billing needs immediate investigation.",
E090,Can you fuck off with the 7 commercials to every 2 songs u bastards @115888,Subscription & Billing Issues,"[{""rank"": 1, ""similarity"": 0.626, ""customer_message"": ""hey @115888 can you friggin turn down the volume on your damn commercials? -3db &gt; 0db #noisewars and don't give me that crap about premium!"", ""spotify_reply"": ""@422193 Hi there. We're sorry you feel that way. We appreciate your feedback, and we'll be sure to pass it on to our Ads team /LM""}, {""rank"": 2, ""similarity"": 0.477, ""customer_message"": ""Aight @115888 how about not playing horror movie ads when I’m listening to music to sleep?"", ""spotify_reply"": ""@318330 Hi Jake! Sorry, we didn't mean to scare you. We'll pass your feedback on to our Ads team /AC""}, {""rank"": 3, ""similarity"": 0.475, ""customer_message"": ""@115888 please stop playing creepy Halloween movie ads while I’m in the gym by myself at 1am thanks\n\n@SpotifyCares Thank you! 😌"", ""spotify_reply"": ""@336718 Sorry, we didn't mean to scare you! We'll pass your feedback on to our Ads team. For anything else, you know where to reach us /DR\n\n@336718 You're welcome! Let us know if you ever need us again. We'd be... https://t.co/LgAM6ky9Vv /DR""}]","Hey there! Thanks for sharing your thoughts on our ads. We always want to provide a great listening experience, so we'll make sure our Ads team receives your feedback /SC","@600933 Hi! Thanks for your feedback - we'll pass it on. For now, check out https://t.co/zgnxs53efU if you haven't had a subscription before /GT",Explain that ads are part of the free plan and provide information about available subscription options.,
E091,@115888 if i create a playlist i do not wanna hear your trash suggestions. I made the playlist.,Playlist & Library Management,"[{""rank"": 1, ""similarity"": 0.738, ""customer_message"": ""When you want to create a playlist on @115888 and it isn’t working 🙄😫"", ""spotify_reply"": ""@807659 Hi there, thanks for bearing with us. Spotify should be working perfectly again! /JS""}, {""rank"": 2, ""similarity"": 0.673, ""customer_message"": ""@117153 - How 2 delete a song from a playlist, when  hearing the playlist.. ?"", ""spotify_reply"": ""@393471 Hi there! You can edit your playlists with ease. We have some more info on this for you here at: https://t.co/a38Mc2DlCx 🙂 /JI""}, {""rank"": 3, ""similarity"": 0.64, ""customer_message"": ""@115888 you were the best app ever UNTIL.... you took away where you hold down and you can listen to a little of the song. Now idk what to really add to my playlists.. BRING IT BACK PLEASE!!!!!! #SpotifyMusic"", ""spotify_reply"": ""@760225 Hey! We have more info about this here: https://t.co/pXBCq8GlsI. Give us a shout if you have any questions /AK""}]",Hey! We're here to help with your music collection. Let us know what device you're using and what specifically you'd like to adjust in your playlists! /SC,@625887 Hey there! Can you DM us your account's email address and username? We'll take a look backstage /KL https://t.co/ldFdZRiNAt,"The customer's complaint concerns unwanted recommendations in their playlist, so the response should investigate the account behavior rather than blindly ask for details.",The historical reply went straight to a DM/account lookup without addressing the actual recommendation problem.
E092,"i just want spotify to update for the iphone x i am sick of this block shit

@SpotifyCares aww thanks huns",Feature Requests & Device Support,"[{""rank"": 1, ""similarity"": 0.855, ""customer_message"": ""In desperate need of this Spotify iPhone X update"", ""spotify_reply"": ""@529915 We don't have anything to share yet, but we'll be sure to post updates on this. Give us a shout if you need anything else /CO""}, {""rank"": 2, ""similarity"": 0.647, ""customer_message"": ""@SpotifyCares any plans to support iPhone X display with the app anytime soon?"", ""spotify_reply"": ""@662183 Hey Eric, great question! We’re working on it as we speak. Stay tuned, we'll be keeping everyone in the loop /TB""}, {""rank"": 3, ""similarity"": 0.642, ""customer_message"": ""why cant you change the song on spotify from the lock screen or swipe up menu any more @SpotifyCares\n\n@SpotifyCares iphone 7plus and ive got the newest version of spotify\n\n@SpotifyCares ios version 8.4.25 and ios 11.0.3\n\n@SpotifyCares I’ve tried both of those and neither worked"", ""spotify_reply"": ""@128149 Hey Georgie, that doesn't sound right! What device, operating system, and Spotify version are you using? We'll see what we can suggest /JE\n\n@128149 Thanks. We're almost there, but we need the exact iOS and Spotify versions you have installed on your phone. We'll be right here waiting /LP\n\n@128149 Got it. Does logging out and back in help? Restarting your device (hold Sleep/Wake + Volume Down for 10 seconds) is also worth a shot /LP\n\n@128149 Hmm. Could you send us your account's username or email address via DM? We'll take a look backstage /LP https://t.co/ldFdZRiNAt""}]",Hey there! Our team is actively working on updates optimized for the iPhone X display. Stay tuned to the App Store for upcoming releases /SC,"@491302 Hi there! We understand. Don't worry, we’re working on it as we speak. Stay tuned /LP

@491302 No problem. If there's anything else, give us a shout. Have a https://t.co/fOHcTvQJC3 💚 /LP",Acknowledge the iPhone X update issue and explain the current status.,
E093,"@115888 Give me a song to jam to so I forget about my no good ex who was a selfish prick. No country though thanks💕

@SpotifyCares You DO care 😭",Other / Unclear,"[{""rank"": 1, ""similarity"": 0.563, ""customer_message"": ""@SpotifyCares I need help on my Spotify account. I DM’d you guys earlier"", ""spotify_reply"": ""@502630 Hi Anthony! We've replied to your DM. Let's carry on chatting there 🙂 /RI""}, {""rank"": 2, ""similarity"": 0.561, ""customer_message"": ""@125633 just wanted to extend a huge thank you for your guys service 🤘🏻🙏🏻\n\n@SpotifyCares LOL. props for the creativity, thanks guys !"", ""spotify_reply"": ""@474442 Hey, thanks! That's great to hear. We're glad to have you with us. We appreciate https://t.co/YJdH7xU3LU you do 😁 /SP\n\n@474442 We're always here for you! Have a great weekend 🙂 /SP""}, {""rank"": 3, ""similarity"": 0.544, ""customer_message"": ""@SpotifyCares please help. My username is Austinbullard22 https://t.co/UbhGY64Dub"", ""spotify_reply"": ""@466178 Hey James! Sorry for the delay. We've just sent you a bit more info over DM. We'll carry on helping out there /KB""}]",Hey there! Thanks for reaching out to Spotify Support. How can we help you out today? Feel free to let us know what's on your mind /SC,"@119468 Hey there! Here's a whole playlist of songs we think might help: https://t.co/k0bYw0dCVA /NQ

@119468 We sure do. Feel free to send a tweet our way if you ever need any help with anything 🙂 /NQ",Recommend music based on the customer's request and keep the response friendly.,
E094,"@SpotifyCares My discover weekly playlist has not updated yet, got any solutions?",Playlist & Library Management,"[{""rank"": 1, ""similarity"": 0.692, ""customer_message"": ""My Mom was all excited about a holiday playlist she made on Spotify, and went to her Roku to play it for us, only to find no playlist support whatsoever... truly disappointing 😕@spotifycares @181080\n\n@SpotifyCares Thanks for the reply. It still doesn't help my Mom, who just wants to play with a streaming kit we got her for Christmas last year (when playlists WORKED). That post is from 8 months ago. No solution yet? I love your service otherwise, work with your customers on this!"", ""spotify_reply"": ""@325108 Hey Carlos! We have some info about the Spotify app on Roku here: https://t.co/titMn0j3Im. Give us a shout if there's anything else /YM\n\n@325108 We hear you. Rest assured, your feedback is being heard while we work with Roku on the best path forwards /YM""}, {""rank"": 2, ""similarity"": 0.68, ""customer_message"": ""Damnit @SpotifyCares make it so we can go back and save a weekly playlist. Sometimes forget to save songs than by Monday they are gone.\n\n@SpotifyCares Ya, those 5 songs I really wanted to save from last week but can’t find now. Ha"", ""spotify_reply"": ""@682353 Hey there! We'll gladly let the right folks know it's something you'd like to see. Let us know if anything else comes up /BH\n\n@682353 We understand! Fingers crossed you'll find them again soon. If you need us again, just give us a shout. We're here around the clock 🙂 /BH""}, {""rank"": 3, ""similarity"": 0.653, ""customer_message"": ""@SpotifyCares why can't i change  the cover/description of my playlists?? it seems like everyone else can but me?? 😔\n\n@SpotifyCares yes!\n\n@SpotifyCares 1.0.20.101"", ""spotify_reply"": ""@296358 Hi there! Just to check, are you using the desktop app to change your playlist cover: https://t.co/aGZZKzSM3w? /RE\n\n@296358 Thanks for the info. Can you let us know the Spotify version you're using? We'll see what we can suggest /RE\n\n@296358 Got it. Could you check if there's any update for your Spotify app: https://t.co/HtMvdO0PgI? Let us know how you get on /RE""}]",Hey! Discover Weekly refreshes every Monday and previous weeks aren't archived automatically. A good tip is to save your favorites or use IFTTT to automatically archive each week! /SC,"@786307 Hey, help's here! Just to check, have you been streaming music recently? If you could fire over your account's email address or username via DM, that'd be great /AY https://t.co/ldFdZRiNAt","The Discover Weekly playlist is not refreshing, and the account needs to be checked to determine why.",
E095,"Dear @115888, were you aware your Roku app sucks, and sucks hard? 🤔

@SpotifyCares App works exactly as intended, I fear. ☹️

It has none of the daily mixes I have in my other devices.

@SpotifyCares Searching for “Ballad of Lupe Montosa” returns nothing in Roku, but the iOS app correctly shows it, l by Roger Clyne &amp; The Peacemakers.

@SpotifyCares Since searching for songs doesn’t give meaningful results, the songs available in the “Currently Playing” become important.

They all suck.

@SpotifyCares When choosing output devices on iOS device, multiple instances where I’m signed into show up. That’s cool, except Roku doesn’t.

@SpotifyCares Roku doesn’t show up, though I’m standing in front of it, on the same home network.

@SpotifyCares Searching for artist is moderately more useful, unless you’re looking for a song by an artist like Tom Waits, who has a huge catalog.

@SpotifyCares Is that enough for now? I can add more items, those are off the top of my head. I can fire up the app later, it is very quick to load.

@SpotifyCares Which is good, because it doesn’t do a lot. 😕

@SpotifyCares Main menu. https://t.co/iX0MmtZ2c1

@SpotifyCares What’s New menu. Autotune 💩. ☹️ https://t.co/0gesimhGJA

@SpotifyCares No ballad of Lupe Montosa. https://t.co/na6MTNJ6sI

@SpotifyCares iOS app finds it. https://t.co/tUrSph37E0",Playback & Technical Errors,"[{""rank"": 1, ""similarity"": 0.587, ""customer_message"": ""@115888 wtf is going on with your app? I can’t play most songs\n\n@SpotifyCares When I click certain songs nothing happens. Same thing happened to my friend\n\n@SpotifyCares iPhone 8, and I’m running the most up to date iOS and Spotify\n\n@SpotifyCares Tried both. Neither worked"", ""spotify_reply"": ""@440991 Hi! We're here to help. Just to check, are you getting a specific error message? If so, can you send us a screenshot? We'll take a look /DD\n\n@440991 Hmm. Can you let us know the device, operating system, and Spotify version you're running? We'll see what we can suggest /DD\n\n@440991 Thanks. Does logging out and back in to your account help? If not, can you check if restarting your phone does the trick? /DD\n\n@440991 Thanks for trying! Can you DM us your account's email address or username? We'll have a look under the hood /DD https://t.co/ldFdZRiNAt""}, {""rank"": 2, ""similarity"": 0.576, ""customer_message"": ""@115888 See if you ever want to make an IOS app that works? That’d be great.\n\n@SpotifyCares IOS11 on an iPhone 6s, playing a playlist on shuffle it’ll just stop and won’t play anything else again even if I close and open again.\n\n@SpotifyCares Even tried reinstalling two or three times\n\n@SpotifyCares No none at all, really strange and really frustrating when you’re on the speaker at a party. Not a premium account if that helps at all\n\n@SpotifyCares Seems to be most of the ones I listened to, specifically Eminem relapse and bugzy malone king of the north and it happens on both"", ""spotify_reply"": ""@349085 Hey, help's here! What’s happening exactly? Can you let us know the device, iOS and Spotify version you’re using? /YM\n\n@349085 That's odd. Are you getting any specific error messages? We'll see what we can suggest /YM\n\n@349085 Hmm. Is this happening to all playlists or albums? Also, does the issue occur while on 3G/4G, WiFi, or both? /YM\n\n@349085 Can you send us the links to these albums or playlists via DM? Just tap the three dots &gt; Share &gt; Copy Link. We'll take a look backstage /YM https://t.co/ldFdZRiNAt""}, {""rank"": 3, ""similarity"": 0.559, ""customer_message"": ""@SpotifyCares #Spotify Im a premium sub and app routinely deletes all music for no reason. 3rd time this month, been happening for years"", ""spotify_reply"": ""@528039 Hey! Can you DM us your account's email address? We'll take a quick look backstage /CB https://t.co/ldFdZRiNAt""}]","Hey! Thanks for reporting this. Could you try restarting your device and testing on a fresh connection? If the issue continues, let us know your Spotify version /SC","@511973 Hey there! Could you tell us what's happening exactly? We'll see what we can suggest /DF

@511973 Thanks for the heads-up. Could you also fire over a screenshot of how the Spotify app's menu looks like on your Roku? Keep us posted /MT

@511973 Got it. We have some info about the Spotify app on Roku here: https://t.co/titMn0j3Im. Give us a shout if there's anything else /MT","The Roku app has several persistent functional problems, so deeper device-specific investigation is needed.",The historical support eventually gave a generic Roku help page despite the customer providing several specific problems and screenshots.
E096,@115888 I used to have Spotify premium but now only use the version with ads. Ive received a text saying Ive been charged £9.99 for premium and Im not even using it. If you can switch me to premium so Im not wasting money that would be great thanks.,Subscription & Billing Issues,"[{""rank"": 1, ""similarity"": 0.819, ""customer_message"": ""@115888 I'm tryna buy premium for a year that shit possible? If so how much woe?\n\n@SpotifyCares Thank you @115888 for satisfying another customer  this is why you'll always be better than @115948"", ""spotify_reply"": ""@641612 Hey! Sure we do. Just select 'See more offers' on the Payments page. This should bring up the option to pay yearly /NQ\n\n@641612 Woohoo, that's what we like to hear! Give us a shout if you need us again, otherwise... https://t.co/SkdXv2BhCb /DR""}, {""rank"": 2, ""similarity"": 0.719, ""customer_message"": ""@117153 I paid the premium Spotify account using Itunes, and my account is still free."", ""spotify_reply"": ""@562153 Hey Daniel, help's here! Can you DM us your account's username and email address? We'll take a look backstage /MQ https://t.co/ldFdZRiNAt""}, {""rank"": 3, ""similarity"": 0.677, ""customer_message"": ""@117153 hi, i already paid for 3 months, and i only have one account of spotify. But, why my premium account doesn’t work?, thank you"", ""spotify_reply"": ""@552159 Hey, help's here! Can you DM us your account's email address? We'll take a look backstage /JN https://t.co/ldFdZRiNAt""}]","Hey there! Thanks for sharing your thoughts on our ads. We always want to provide a great listening experience, so we'll make sure our Ads team receives your feedback /SC",@723628 Hey! Can you DM us your account's email address? We'll see what we can suggest /CB https://t.co/ldFdZRiNAt,"The customer is being charged for Premium unexpectedly and wants the account status corrected, so billing must be checked.",
E097,"@115888 It's ridiculous that I cannot see who follows my original playlists. Can you explain why this feature isn't available?

@SpotifyCares It's been talked about within your community since early 2014 and nothing has been done.

@SpotifyCares Thanks. Makes zero sense for a community based app.",Playlist & Library Management,"[{""rank"": 1, ""similarity"": 0.713, ""customer_message"": ""@SpotifyCares why can't i change  the cover/description of my playlists?? it seems like everyone else can but me?? 😔\n\n@SpotifyCares yes!\n\n@SpotifyCares 1.0.20.101"", ""spotify_reply"": ""@296358 Hi there! Just to check, are you using the desktop app to change your playlist cover: https://t.co/aGZZKzSM3w? /RE\n\n@296358 Thanks for the info. Can you let us know the Spotify version you're using? We'll see what we can suggest /RE\n\n@296358 Got it. Could you check if there's any update for your Spotify app: https://t.co/HtMvdO0PgI? Let us know how you get on /RE""}, {""rank"": 2, ""similarity"": 0.67, ""customer_message"": ""My Mom was all excited about a holiday playlist she made on Spotify, and went to her Roku to play it for us, only to find no playlist support whatsoever... truly disappointing 😕@spotifycares @181080\n\n@SpotifyCares Thanks for the reply. It still doesn't help my Mom, who just wants to play with a streaming kit we got her for Christmas last year (when playlists WORKED). That post is from 8 months ago. No solution yet? I love your service otherwise, work with your customers on this!"", ""spotify_reply"": ""@325108 Hey Carlos! We have some info about the Spotify app on Roku here: https://t.co/titMn0j3Im. Give us a shout if there's anything else /YM\n\n@325108 We hear you. Rest assured, your feedback is being heard while we work with Roku on the best path forwards /YM""}, {""rank"": 3, ""similarity"": 0.67, ""customer_message"": ""@115888 you were the best app ever UNTIL.... you took away where you hold down and you can listen to a little of the song. Now idk what to really add to my playlists.. BRING IT BACK PLEASE!!!!!! #SpotifyMusic"", ""spotify_reply"": ""@760225 Hey! We have more info about this here: https://t.co/pXBCq8GlsI. Give us a shout if you have any questions /AK""}]",Hey! We're here to help with your music collection. Let us know what device you're using and what specifically you'd like to adjust in your playlists! /SC,"@679167 1: Hey Jason! We can see why that'd be useful. We don't have any info to share right now, but be sure to...

@679167 2: add your support to the idea in our Community: https://t.co/rXH5HEx9hM /CP

@679167 We understand where you're coming from. We're not able to provide any updates on this, but we'll pass your feedback on /CP

@679167 We're sorry you feel that way. Rest assured, we're taking your comments on board, and we'll make sure it reaches the right team /CP",Acknowledge the request to see playlist followers and explain that it is currently unavailable or under feedback.,The historical response repeatedly acknowledged the request but didn't provide any meaningful update beyond asking the customer to vote.
E098,"@SpotifyCares I got charged twice, 65php and 195php for my student and family subscription. I did not cont. student subscrpt. semarfepaquet",Subscription & Billing Issues,"[{""rank"": 1, ""similarity"": 0.781, ""customer_message"": ""@SpotifyCares for some reason I’ve been charged 3 times this month can you please help ?"", ""spotify_reply"": ""@801263 Hey! Don't worry, we can help. Can you DM us your account's email address? We'll check under the hood /NY https://t.co/ldFdZRiNAt""}, {""rank"": 2, ""similarity"": 0.715, ""customer_message"": ""@SpotifyCares Not sure if I have a student acc or a regular premium acc. But my acc was charged when I should have a month free. https://t.co/0syFLHTDkk"", ""spotify_reply"": ""@584936 Hey Hanna, we're here to help! Can you DM us your account's username or email address? We'll take a look backstage /JP https://t.co/ldFdZRiNAt""}, {""rank"": 3, ""similarity"": 0.71, ""customer_message"": ""@SpotifyCares Hi for some strange reason i was charged 14.99 for premium and headspace this month, i havent changed anything and all previous months it has been 4.99 as i am a student. I have changed it back to student now but dont know why it had changed?"", ""spotify_reply"": ""@679173 Hi Owen! That doesn't sound good. Can you DM us your account's username or email address? We'll take a look under the hood /DN https://t.co/ldFdZRiNAt""}]",Hi there! Sorry for the confusion with your Student discount. Please DM us your account email so we can verify your student status backstage and get your billing sorted /SC https://t.co/ldFdZRiNAt,@619061 Hey there! We'd like to share some private info with you. Can you DM us your account's email address? We'll keep an eye out for it /GN https://t.co/ldFdZRiNAt,"There are two separate subscription charges, so the billing records need to be checked.",
E099,@115888 spirit award released an album today where is it? https://t.co/AWFkT0x7vH,Content Availability & Licensing,"[{""rank"": 1, ""similarity"": 0.505, ""customer_message"": ""Bruh what happened to the Take Care album?! @115888 @6860 https://t.co/MqjrFSM1Tj"", ""spotify_reply"": ""@722554 Hi there! Sometimes content is temporarily removed due to licensing, but we hope to have it back soon: https://t.co/VMrgnGpB4G. Hope this info helps /GK""}, {""rank"": 2, ""similarity"": 0.505, ""customer_message"": ""@115888 where is 'Reputation'?! https://t.co/fc04Wpbakl\n\n@SpotifyCares I already have heard them.. I want to listen to the album\n\n@SpotifyCares I hope so"", ""spotify_reply"": ""@665442 Taylor Swift's 'Reputation' isn't available to stream just yet – stay tuned! For now, check out the singles: https://t.co/3h0TnPWP0c /DF\n\n@665442 Fingers crossed we'll be able to have it soon! Don't worry, we'll pass your feedback on to the team /KM\n\n@665442 We'll do our best to have it available to you and other listeners. If there's anything else, just let us know! /KM""}, {""rank"": 3, ""similarity"": 0.487, ""customer_message"": ""Yo, I pay for premium and y’all don’t even have this album on here yet. @115888"", ""spotify_reply"": ""@676443 Hey there, we'd love to help! Just to be sure, what album are you looking for? /JN""}]","Hey! We're always working with artists and labels to bring as much music to Spotify as possible, but availability can vary due to licensing. We hope to have it available soon! /SC","@608246 Hi Elyse! Fingers crossed we'll be able to have it soon, but there's info about Spotify content here: https://t.co/0i8GpimuDa /AU",Explain why a newly released album may not yet be available and provide relevant content information.,
E100,"@115888 .... so like when is #reputation going to be available on Spotify??

@SpotifyCares thank you!!",Content Availability & Licensing,"[{""rank"": 1, ""similarity"": 0.938, ""customer_message"": ""@SpotifyCares when will #reputation be available on spotify?"", ""spotify_reply"": ""@751328 Hey! We’ll have it available to you as soon as it’s available to us! For now, check out the singles: https://t.co/3h0TnPWP0c /BD""}, {""rank"": 2, ""similarity"": 0.816, ""customer_message"": ""@115888 where is 'Reputation'?! https://t.co/fc04Wpbakl\n\n@SpotifyCares I already have heard them.. I want to listen to the album\n\n@SpotifyCares I hope so"", ""spotify_reply"": ""@665442 Taylor Swift's 'Reputation' isn't available to stream just yet – stay tuned! For now, check out the singles: https://t.co/3h0TnPWP0c /DF\n\n@665442 Fingers crossed we'll be able to have it soon! Don't worry, we'll pass your feedback on to the team /KM\n\n@665442 We'll do our best to have it available to you and other listeners. If there's anything else, just let us know! /KM""}, {""rank"": 3, ""similarity"": 0.762, ""customer_message"": ""When is #reputation coming to @115888? 😭"", ""spotify_reply"": ""@393512 Hi! Taylor Swift's 'Reputation' isn't available to stream just yet – stay tuned! For now, check out the singles: https://t.co/3h0TnPWP0c /NH""}]","Hey! We don't have Taylor Swift's Reputation album available to stream right now, but we hope to have it on Spotify soon. In the meantime, you can enjoy her available singles and playlists /SC","@648186 Hey Fiona. Reputation' isn't available to stream just yet – stay tuned! For now, check out the singles: https://t.co/3h0TnPWP0c /B",Explain that Reputation is not yet available and mention any available singles or information.,
E101,"Why would @115888 remove Take Care man wtf

@SpotifyCares If it's not back by tomorrow I'm switching to spinrilla",Content Availability & Licensing,"[{""rank"": 1, ""similarity"": 0.601, ""customer_message"": ""Bruh what happened to the Take Care album?! @115888 @6860 https://t.co/MqjrFSM1Tj"", ""spotify_reply"": ""@722554 Hi there! Sometimes content is temporarily removed due to licensing, but we hope to have it back soon: https://t.co/VMrgnGpB4G. Hope this info helps /GK""}, {""rank"": 2, ""similarity"": 0.561, ""customer_message"": ""Why is not playing trivium in spotify?@115888 @41273"", ""spotify_reply"": ""@379442 Hey there! What exactly is going on with your Spotify? We'll see what we can suggest /BH""}, {""rank"": 3, ""similarity"": 0.557, ""customer_message"": ""@115888 where is 'Reputation'?! https://t.co/fc04Wpbakl\n\n@SpotifyCares I already have heard them.. I want to listen to the album\n\n@SpotifyCares I hope so"", ""spotify_reply"": ""@665442 Taylor Swift's 'Reputation' isn't available to stream just yet – stay tuned! For now, check out the singles: https://t.co/3h0TnPWP0c /DF\n\n@665442 Fingers crossed we'll be able to have it soon! Don't worry, we'll pass your feedback on to the team /KM\n\n@665442 We'll do our best to have it available to you and other listeners. If there's anything else, just let us know! /KM""}]","Hey! We're always working with artists and labels to bring as much music to Spotify as possible, but availability can vary due to licensing. We hope to have it available soon! /SC","@729397 Hey there! Sometimes content gets temporarily removed because of licensing changes. Hopefully we'll have it available again soon /CG

@729397 You don't have to wait that long! Is this what you were looking for: https://t.co/vzWbxC013c? We hope this helps 🙂 /NH",Explain why Take Care was temporarily unavailable and provide the available album link if appropriate.,
E102,"@115888 why is every song skipping and constantly crashing when played on my laptop ? 😣😣

@SpotifyCares Spotify premium and ASUS laptop",Playback & Technical Errors,"[{""rank"": 1, ""similarity"": 0.697, ""customer_message"": ""@SpotifyCares Hey there. Currently getting skipping during songs. Playing on Macbook Pro OS 10.12.6. Any suggestions? Have latest Spotify.\n\n@SpotifyCares Hey thanks for getting back! A laptop restart seems to have fixed it and turns out it was all my audio not just Spotify. 🤗"", ""spotify_reply"": ""@530692 Hey Cormac, help's here! Could you confirm the exact app version? Does it happen during all songs? We'll see what we can suggest /T\n\n@530692 Ahh, good news! We'll be right here if you need anything else. Happy listening 🙂 /T""}, {""rank"": 2, ""similarity"": 0.676, ""customer_message"": ""Hey @115888 , I'm getting real tired of not being able to listen to music and have the app crash all the time.  Please fix it. https://t.co/c1kQ9g7Hej\n\n@SpotifyCares It's Spotify version 8.4.22.857 armV7 on a Samsung Galaxy S8+ running Android 7.0\n\n@SpotifyCares Nope. Logged out of Spotify, restated phone, listened to one song on the playlist and it still froze up. https://t.co/OKJuMrXDTC\n\n@SpotifyCares This is the 4th or 5th time I've noticed that this particular song is next in the queue when the app freezes. https://t.co/vRcm1VRcZy\n\n@SpotifyCares Yes, it's on a playlist I follow from you guys. (Viva Latino - Top 50 by Spotify) I don't know if I can remove if the playlist isn't mine."", ""spotify_reply"": ""@170378 Hey, help's here! Can you let us know your device, as well as the Android and Spotify versions? We'll see what we can suggest /JP\n\n@170378 Thanks! Can you try logging out, restarting your phone, and logging back in? Does that make any difference? /JP\n\n@170378 Is this happening on a specific playlist? Can you try removing this track wor a while and see if things will be better? /JP\n\n@170378 Thanks for clarifying. We'd suggest reinstalling the app: https://t.co/46sWVpIvlI. You might need to resync your offline songs after /JP""}, {""rank"": 3, ""similarity"": 0.669, ""customer_message"": ""@115888 wtf is going on with your app? I can’t play most songs\n\n@SpotifyCares When I click certain songs nothing happens. Same thing happened to my friend\n\n@SpotifyCares iPhone 8, and I’m running the most up to date iOS and Spotify\n\n@SpotifyCares Tried both. Neither worked"", ""spotify_reply"": ""@440991 Hi! We're here to help. Just to check, are you getting a specific error message? If so, can you send us a screenshot? We'll take a look /DD\n\n@440991 Hmm. Can you let us know the device, operating system, and Spotify version you're running? We'll see what we can suggest /DD\n\n@440991 Thanks. Does logging out and back in to your account help? If not, can you check if restarting your phone does the trick? /DD\n\n@440991 Thanks for trying! Can you DM us your account's email address or username? We'll have a look under the hood /DD https://t.co/ldFdZRiNAt""}]",Hey there! That doesn't sound right. Could you let us know what device and Spotify version you're running? We'll see what troubleshooting steps we can suggest /SC,"@344069 Hi Shannon, help's here! Can you let us know the device, OS, and Spotify version you're using? We'll see what we can suggest /BM

@344069 Thanks. We'd suggest logging out, closing the app, and restarting your laptop. Does that help? /BM",Start with normal troubleshooting for skipping and crashing on the laptop.,
E103,"Hey @SpotifyCares after I updated the apps why it always go offline and then the music stop playing? How to fix the bug?

@SpotifyCares My phone is Samsung A8,  android and spotify 8.4.21.508 armV7 version.

@SpotifyCares Nope, no error message at all. I never restarting my device yet. Should I try it first?",Playback & Technical Errors,"[{""rank"": 1, ""similarity"": 0.744, ""customer_message"": ""@115888 wtf is going on with your app? I can’t play most songs\n\n@SpotifyCares When I click certain songs nothing happens. Same thing happened to my friend\n\n@SpotifyCares iPhone 8, and I’m running the most up to date iOS and Spotify\n\n@SpotifyCares Tried both. Neither worked"", ""spotify_reply"": ""@440991 Hi! We're here to help. Just to check, are you getting a specific error message? If so, can you send us a screenshot? We'll take a look /DD\n\n@440991 Hmm. Can you let us know the device, operating system, and Spotify version you're running? We'll see what we can suggest /DD\n\n@440991 Thanks. Does logging out and back in to your account help? If not, can you check if restarting your phone does the trick? /DD\n\n@440991 Thanks for trying! Can you DM us your account's email address or username? We'll have a look under the hood /DD https://t.co/ldFdZRiNAt""}, {""rank"": 2, ""similarity"": 0.725, ""customer_message"": ""Hey @115888 , I'm getting real tired of not being able to listen to music and have the app crash all the time.  Please fix it. https://t.co/c1kQ9g7Hej\n\n@SpotifyCares It's Spotify version 8.4.22.857 armV7 on a Samsung Galaxy S8+ running Android 7.0\n\n@SpotifyCares Nope. Logged out of Spotify, restated phone, listened to one song on the playlist and it still froze up. https://t.co/OKJuMrXDTC\n\n@SpotifyCares This is the 4th or 5th time I've noticed that this particular song is next in the queue when the app freezes. https://t.co/vRcm1VRcZy\n\n@SpotifyCares Yes, it's on a playlist I follow from you guys. (Viva Latino - Top 50 by Spotify) I don't know if I can remove if the playlist isn't mine."", ""spotify_reply"": ""@170378 Hey, help's here! Can you let us know your device, as well as the Android and Spotify versions? We'll see what we can suggest /JP\n\n@170378 Thanks! Can you try logging out, restarting your phone, and logging back in? Does that make any difference? /JP\n\n@170378 Is this happening on a specific playlist? Can you try removing this track wor a while and see if things will be better? /JP\n\n@170378 Thanks for clarifying. We'd suggest reinstalling the app: https://t.co/46sWVpIvlI. You might need to resync your offline songs after /JP""}, {""rank"": 3, ""similarity"": 0.724, ""customer_message"": ""@117168 my music stops playing everytime I open Snapchat or get a notification! Using the newest version of Spotify on iPhone X! Help\n\n@SpotifyCares I’m using Spotify version 8.4.28 and ios 11.1.1  thank you!"", ""spotify_reply"": ""@769324 Hey there! The cavalry's here. Could you let us know the exact iOS and Spotify version you're using? We'll see what we can suggest /KB\n\n@769324 Got it! Is this happening on 3G/4G, WiFi, or both? Does restarting your device by holding the Sleep/Wake + Volume Down buttons for 10 seconds make any difference? /KB""}]","Hey! Thanks for reporting this. Could you try restarting your device and testing on a fresh connection? If the issue continues, let us know your Spotify version /SC","@294294 Hey! What device, operating system, and Spotify version are you using? We'll see what we can suggest /CB

@294294 Thanks for the info. Do you get an error message when this happens? Also, does restarting your device help at all? /CB

@294294 Thanks for letting us know. Try restarting your device and keep us posted on the results /CB",Suggest restarting the device and checking the app/network behavior.,
E104,@SpotifyCares Just got a message saying my library is full and I can't add any more songs. I am a Premium customer. Why is this happening?,Playlist & Library Management,"[{""rank"": 1, ""similarity"": 0.732, ""customer_message"": ""@SpotifyCares What's the deal here? Why the cap? https://t.co/4H1k7jlxhf\n\n@SpotifyCares I understand that. Why is there such a small limit?\n\n@SpotifyCares I was waiting for a follow-up, looks like you didn't finish this tweet.\n\n@SpotifyCares That's a canned response. Limit the # of downloads if anything. Don't limit the library size.\n\n@SpotifyCares Thank you, that's what I like to hear! Have a good night!"", ""spotify_reply"": ""@700253 Hey Tanner! There's currently a 10k limit in Your Library (Songs + Albums + Artists). More info here: https://t.co/59ABtm5Ftl /KB\n\n@700253 1: The limit ensures that the app runs smoothly for everyone. By the way, there's no limit to the number of tracks you can...\n\n@700253 2: add to a playlist. You can also vote for the official idea here: https://t.co/8OOl8B2i69 /KB\n\n@700253 We hear you 🎧 Rest assured your feedback's been noted and passed on to the right folks. Any questions, just give us a shout /AN\n\n@700253 You're welcome! Let us know if you ever need us again. We'd be... https://t.co/LgAM6ky9Vv /AN""}, {""rank"": 2, ""similarity"": 0.691, ""customer_message"": "":'-(\n\n@SpotifyCares let me know when you remove your frustrating 10k song library limit.\n\nhttps://t.co/vANgjQflxL"", ""spotify_reply"": ""@818249 Hey Nick! We don’t have any new info about this, but we’ll remind the team it’s a popular request. You can also show your support for the idea at https://t.co/a9TZL1Dqp6. We're sad to see you go - if you need us, we're just a tweet away /RK""}, {""rank"": 3, ""similarity"": 0.592, ""customer_message"": ""@115888 @117168 how and why is #Spotify using 7.1GB with 0 songs downloaded??? 👀 https://t.co/zmn1wYhbKC\n\n@115888 @117168 Give us the ability to clear caches like the android app 🙏"", ""spotify_reply"": ""@379855 1: Hey there! We can’t make any promises but we’ll pass your feedback onto the right folks. Could you DM us your account's...\n\n@379855 2: email address or username? We'll take a look under the hood /RH https://t.co/ldFdZRiNAt""}]","Hey! There is currently a 10,000 song limit for 'Your Library'. We hear your frustration and have shared feedback with our team. In the meantime, you can organize additional tracks into custom playlists /SC",@602294 Hi! We've just sent you a bit more info over DM. We'll carry on helping out there /RB,The customer's library has reached a limit and needs account-specific clarification.,The historical response only moved the conversation to DM without first explaining the library limit.
E105,"@115888 Afternoon - on my android if I try and share a song/album/artist the app just crashes. Have tried uninstalling and reinstalling.

@115888 @SpotifyCares",Playback & Technical Errors,"[{""rank"": 1, ""similarity"": 0.725, ""customer_message"": ""@115888 wtf is going on with your app? I can’t play most songs\n\n@SpotifyCares When I click certain songs nothing happens. Same thing happened to my friend\n\n@SpotifyCares iPhone 8, and I’m running the most up to date iOS and Spotify\n\n@SpotifyCares Tried both. Neither worked"", ""spotify_reply"": ""@440991 Hi! We're here to help. Just to check, are you getting a specific error message? If so, can you send us a screenshot? We'll take a look /DD\n\n@440991 Hmm. Can you let us know the device, operating system, and Spotify version you're running? We'll see what we can suggest /DD\n\n@440991 Thanks. Does logging out and back in to your account help? If not, can you check if restarting your phone does the trick? /DD\n\n@440991 Thanks for trying! Can you DM us your account's email address or username? We'll have a look under the hood /DD https://t.co/ldFdZRiNAt""}, {""rank"": 2, ""similarity"": 0.707, ""customer_message"": ""@115888 Artist servers are down. Cant access.\n\n@SpotifyCares Nevrmind you guys fixed it."", ""spotify_reply"": ""@314615 Hey! Can you send us a screenshot of what you're seeing? Also, does this happen even when using an incognito window/other web browser? /SJ\n\n@314615 You're welcome! Give us a shout if you need anything else. We're... https://t.co/fgy8YvXib9 /SJ""}, {""rank"": 3, ""similarity"": 0.701, ""customer_message"": ""Hey @115888 , I'm getting real tired of not being able to listen to music and have the app crash all the time.  Please fix it. https://t.co/c1kQ9g7Hej\n\n@SpotifyCares It's Spotify version 8.4.22.857 armV7 on a Samsung Galaxy S8+ running Android 7.0\n\n@SpotifyCares Nope. Logged out of Spotify, restated phone, listened to one song on the playlist and it still froze up. https://t.co/OKJuMrXDTC\n\n@SpotifyCares This is the 4th or 5th time I've noticed that this particular song is next in the queue when the app freezes. https://t.co/vRcm1VRcZy\n\n@SpotifyCares Yes, it's on a playlist I follow from you guys. (Viva Latino - Top 50 by Spotify) I don't know if I can remove if the playlist isn't mine."", ""spotify_reply"": ""@170378 Hey, help's here! Can you let us know your device, as well as the Android and Spotify versions? We'll see what we can suggest /JP\n\n@170378 Thanks! Can you try logging out, restarting your phone, and logging back in? Does that make any difference? /JP\n\n@170378 Is this happening on a specific playlist? Can you try removing this track wor a while and see if things will be better? /JP\n\n@170378 Thanks for clarifying. We'd suggest reinstalling the app: https://t.co/46sWVpIvlI. You might need to resync your offline songs after /JP""}]",Hey there! That doesn't sound right. Could you let us know what device and Spotify version you're running? We'll see what troubleshooting steps we can suggest /SC,@545119 Hi Ryan! Can you let us know the device you're using along with the Android and Spotify versions you have installed? We'll be right here /MT,"The Android app crashes during sharing even after reinstalling, so further investigation is warranted.",The historical response only asked for device/version details and did not acknowledge that reinstalling had already been tried.
E106,"@SpotifyCares You're not making for customers. It's really getting aggravating having to download songs over and over again.

@SpotifyCares Thanks, but I've seen this before.  I've uninstalled and reinstalled the app before, and this continues to happen. It's aggravating.",Playback & Technical Errors,"[{""rank"": 1, ""similarity"": 0.754, ""customer_message"": ""@115888 wtf is going on with your app? I can’t play most songs\n\n@SpotifyCares When I click certain songs nothing happens. Same thing happened to my friend\n\n@SpotifyCares iPhone 8, and I’m running the most up to date iOS and Spotify\n\n@SpotifyCares Tried both. Neither worked"", ""spotify_reply"": ""@440991 Hi! We're here to help. Just to check, are you getting a specific error message? If so, can you send us a screenshot? We'll take a look /DD\n\n@440991 Hmm. Can you let us know the device, operating system, and Spotify version you're running? We'll see what we can suggest /DD\n\n@440991 Thanks. Does logging out and back in to your account help? If not, can you check if restarting your phone does the trick? /DD\n\n@440991 Thanks for trying! Can you DM us your account's email address or username? We'll have a look under the hood /DD https://t.co/ldFdZRiNAt""}, {""rank"": 2, ""similarity"": 0.743, ""customer_message"": ""@SpotifyCares #Spotify Im a premium sub and app routinely deletes all music for no reason. 3rd time this month, been happening for years"", ""spotify_reply"": ""@528039 Hey! Can you DM us your account's email address? We'll take a quick look backstage /CB https://t.co/ldFdZRiNAt""}, {""rank"": 3, ""similarity"": 0.71, ""customer_message"": ""@117168 my music stops playing everytime I open Snapchat or get a notification! Using the newest version of Spotify on iPhone X! Help\n\n@SpotifyCares I’m using Spotify version 8.4.28 and ios 11.1.1  thank you!"", ""spotify_reply"": ""@769324 Hey there! The cavalry's here. Could you let us know the exact iOS and Spotify version you're using? We'll see what we can suggest /KB\n\n@769324 Got it! Is this happening on 3G/4G, WiFi, or both? Does restarting your device by holding the Sleep/Wake + Volume Down buttons for 10 seconds make any difference? /KB""}]","Hey! Thanks for reporting this. Could you try restarting your device and testing on a fresh connection? If the issue continues, let us know your Spotify version /SC","@569747 Hey Miguel. We're sorry you feel that way. Check out the steps under “Downloads unexpectedly removed” at https://t.co/38J7tFlIBF /QI

@569747 We understand. We'd suggest clicking/tapping on Remove all Devices at https://t.co/NopZTmevLc before reinstalling. Hope this helps /QI","Downloads keep disappearing despite previous troubleshooting, so the recurring issue needs deeper investigation.","The customer explicitly said reinstalling had already failed, yet the historical handling continued with another troubleshooting step."
E107,"Hi @SpotifyCares why i can't login to my account, it says wrong login information ( i'm sure it's right )",Account Access & Security,"[{""rank"": 1, ""similarity"": 0.821, ""customer_message"": ""So annoyed at @SpotifyCares. I pay for Spotify premium but it says it's 'unable' to log me in with an email and password I know is correct 😡"", ""spotify_reply"": ""@201245 Hey Charlie! Can you DM us your account's email address and username? We'll take a look backstage /SU https://t.co/ldFdZRiNAt""}, {""rank"": 2, ""similarity"": 0.814, ""customer_message"": ""@SpotifyCares I have been unable to login and not receiving email for password reset. PLEASE HELP. Other issues w playback, as well. TY"", ""spotify_reply"": ""@436954 Hi! We've replied to your DM. We'll carry on helping you there 🙂 /BX""}, {""rank"": 3, ""similarity"": 0.776, ""customer_message"": ""@SpotifyCares Uh spotify, why did you just log me out then tell me my email doesn't exist when I try to reset my password?\n\n@SpotifyCares Your support team is slower than your programming monkeys - it was fixed by the time you responded."", ""spotify_reply"": ""@313095 Hey there! That's not cool. Can you DM us your account's email address or username? We'll take a look backstage /PB https://t.co/ldFdZRiNAt\n\n@313095 Sorry for the delay, but glad to hear it's working. Let us know if you need anything else. We'd be happy to help /PB""}]",Hey! We'd love to help you get back into your account. Please drop us a DM with your account details and we'll take a closer look /SC https://t.co/ldFdZRiNAt,@582542 Hey there! Could you send us a DM with your account's email address or username? We'll take a look backstage /MA https://t.co/ldFdZRiNAt,"The customer cannot log in despite knowing the credentials, so account access needs investigation.",
E108,@115888 like fr I need to be able to block certain artists cause on the release radar this came up and I don’t know what I did to deserve this disgusting music on my release radar https://t.co/QlqvHRXupI,Feature Requests & Device Support,"[{""rank"": 1, ""similarity"": 0.75, ""customer_message"": ""@115888 why can't I block explicit songs??"", ""spotify_reply"": ""@563001 Hi! It's not possible right now. To help make it happen, we’d recommend showing your support for the idea here: https://t.co/CdI1SY9KZE /PB""}, {""rank"": 2, ""similarity"": 0.647, ""customer_message"": ""@SpotifyCares  is there a way to block explicit songs from random playlists. I can’t listen to these at work."", ""spotify_reply"": ""@682735 Hey there, we hear you! To help make it happen, we’d recommend showing your support for the idea here: https://t.co/CdI1SY9KZE /KL""}, {""rank"": 3, ""similarity"": 0.528, ""customer_message"": ""I wish there was a @115888 or @129941 filter so I could exclude any abusers from my otherwise lit station."", ""spotify_reply"": ""@316324 Hey Shady, we can see how that’d be useful! You can vote for the official idea here: https://t.co/hlXvRg5Zog /TF""}]","Hey! While there isn't a direct 'block artist' button right now, you can tap 'Don't play this artist' in your Release Radar and Daily Mixes. Thanks for the feedback! /SC","@719872 Hey there! It's currently not possible to ban artists, but we'll let the team know it's a feature you'd like to see. Your Release Radar becomes more personalized the more you use Spotify. Carry on listening to the songs you love, and hopefully you'll see a new batch on Friday /KT",Acknowledge the request to block artists and explain the current limitation and personalization behavior.,
E109,wHERE IS REPUTATION ON SPOTIFY I SWEAR IF TAYLOR MAKES ME BUY THAT ALBUM,Content Availability & Licensing,"[{""rank"": 1, ""similarity"": 0.684, ""customer_message"": ""@115888 where is 'Reputation'?! https://t.co/fc04Wpbakl\n\n@SpotifyCares I already have heard them.. I want to listen to the album\n\n@SpotifyCares I hope so"", ""spotify_reply"": ""@665442 Taylor Swift's 'Reputation' isn't available to stream just yet – stay tuned! For now, check out the singles: https://t.co/3h0TnPWP0c /DF\n\n@665442 Fingers crossed we'll be able to have it soon! Don't worry, we'll pass your feedback on to the team /KM\n\n@665442 We'll do our best to have it available to you and other listeners. If there's anything else, just let us know! /KM""}, {""rank"": 2, ""similarity"": 0.629, ""customer_message"": ""@SpotifyCares when will #reputation be available on spotify?"", ""spotify_reply"": ""@751328 Hey! We’ll have it available to you as soon as it’s available to us! For now, check out the singles: https://t.co/3h0TnPWP0c /BD""}, {""rank"": 3, ""similarity"": 0.484, ""customer_message"": ""@SpotifyCares why are there random songs on my spotify account that cant be played? ive played them a bunch of times before"", ""spotify_reply"": ""@594799 Hi! Are you getting an error message? Sending us your device's make/model and the versions of its OS and the app would be great too /CX""}]","Hey! We don't have Taylor Swift's Reputation album available to stream right now, but we hope to have it on Spotify soon. In the meantime, you can enjoy her available singles and playlists /SC","@734165 Hey there! Taylor Swift's 'Reputation' isn't available to stream just yet – stay tuned! For now, check out the singles: https://t.co/3h0TnPWP0c /GS",Explain why Reputation is not available and provide current content information.,
E110,@115888 c'mon where is perfect velvet,Content Availability & Licensing,"[{""rank"": 1, ""similarity"": 0.769, ""customer_message"": ""@115888 where is perfect velvet\n\n@SpotifyCares u see @15672 they are waiting for u"", ""spotify_reply"": ""@738041 Hey there! Fingers crossed we'll be able to have it soon, but there's info about Spotify content here: https://t.co/0i8GpimuDa /JT""}, {""rank"": 2, ""similarity"": 0.506, ""customer_message"": ""\""Colors\"" by @3270 why are you not on @115888 ?😕\n-concerned fan"", ""spotify_reply"": ""@258471 Hi Magali! Fingers crossed we'll be able to have it soon, but there's info about Spotify content here: https://t.co/1dgftcFtzc /DV""}, {""rank"": 3, ""similarity"": 0.484, ""customer_message"": ""3\n@115888 Hello, I really hope u guys put \""Mic Drop Remix\"" by @133324, @134388 &amp; @4985 in one of most popular playlists"", ""spotify_reply"": ""@772945 Hey there! Thanks for the feedback. Our Curation team are independent &amp; use taste, data, research, and trends to create playlists, but we’ll pass on your suggestion /NQ""}]","Hey! We're always working with artists and labels to bring as much music to Spotify as possible, but availability can vary due to licensing. We hope to have it available soon! /SC","@738036 Hey! Don't worry, we’ll have it available to you as soon as it’s available to us. We have more info about Spotify content at https://t.co/0i8GpimuDa. Let us know if you need more help /NY",Explain that the requested album will become available when Spotify has the rights/content.,
E111,"@SpotifyCares i want to cancel my premium but don't know what email i used, i know the username though, what do i do?",Subscription & Billing Issues,"[{""rank"": 1, ""similarity"": 0.787, ""customer_message"": ""@SpotifyCares please help me see if my account has made a premium transaction after my 30days trial because I'm sure I did cancel it\n\n@SpotifyCares Done dm"", ""spotify_reply"": ""@517764 Hey Mary! Could you send us a DM with your account's email address or username? We'll take a look backstage /MA https://t.co/ldFdZRiNAt""}, {""rank"": 2, ""similarity"": 0.771, ""customer_message"": ""@SpotifyCares I need help! I’m being charge Monthly for an account I made which I forgot the username to."", ""spotify_reply"": ""@713014 Hey Matthew! We've just sent you a bit more info over DM. We'll carry on helping out there /KB""}, {""rank"": 3, ""similarity"": 0.76, ""customer_message"": ""@SpotifyCares how do i cancel 30 day free trial"", ""spotify_reply"": ""@137677 Hey! To cancel your subscription, head to https://t.co/xmAXUGNEqM. If you have other questions, just give us a shout /RA""}]",Hi! Help's here. Can you DM us your account's email address so we can take a look backstage at your subscription? /SC https://t.co/ldFdZRiNAt,"@549997 Hey Laura, help's here! Could you send us a DM with any email address the account might be under and the username? We'll take a look /RV https://t.co/ldFdZRiNAt","The customer wants to cancel Premium but cannot identify the account email, so account assistance is needed.",
E112,.@117168 How do I disable censored tracks from appearing?,Playlist & Library Management,"[{""rank"": 1, ""similarity"": 0.511, ""customer_message"": ""@117153 - How 2 delete a song from a playlist, when  hearing the playlist.. ?"", ""spotify_reply"": ""@393471 Hi there! You can edit your playlists with ease. We have some more info on this for you here at: https://t.co/a38Mc2DlCx 🙂 /JI""}, {""rank"": 2, ""similarity"": 0.476, ""customer_message"": "":'-(\n\n@SpotifyCares let me know when you remove your frustrating 10k song library limit.\n\nhttps://t.co/vANgjQflxL"", ""spotify_reply"": ""@818249 Hey Nick! We don’t have any new info about this, but we’ll remind the team it’s a popular request. You can also show your support for the idea at https://t.co/a9TZL1Dqp6. We're sad to see you go - if you need us, we're just a tweet away /RK""}, {""rank"": 3, ""similarity"": 0.458, ""customer_message"": ""@SpotifyCares I started seeing Polish playlists on home screen. It's probably because I'm based in PL but is there a way to switch it off?"", ""spotify_reply"": ""@393722 Hey Piotr! Can you DM us your account's email address and username? We'll take a look backstage /KL https://t.co/ldFdZRiNAt""}]",Hey! We're here to help with your music collection. Let us know what device you're using and what specifically you'd like to adjust in your playlists! /SC,"@393501 Hey Kennon, this sounds like a great idea! Suggest it in our Community at https://t.co/rtDvYZOF32 and get support from other users /TR",Explain whether censored tracks can be filtered and provide the relevant feature-request/feedback path.,The historical reply treated it only as a feature request without explaining whether any existing workaround was available.
E113,"@SpotifyCares All my songs just disappeared from my account! What happened? Can I get them back?

@SpotifyCares I have both and Android phone and a Linux laptop, the songs are gone on both, and it just happened about 20 minutes ago.",Playback & Technical Errors,"[{""rank"": 1, ""similarity"": 0.691, ""customer_message"": ""@SpotifyCares I opened up Spotify last night and a bunch of artists/albums I had saved to my Library are completely missing, including ones downloaded to my iPhone 8 Plus. Can someone help me out?\n\n@SpotifyCares It happened to albums that were downloaded and undownloaded. For example, I had every Relient K album saved in my library, but not all of them were downloaded to my phone. When I opened Spotify all but one of their albums were not in my Library anymore\n\n@SpotifyCares Well it looks like they’re all back, but the downloads are still removed.\nThis same thing happened with Israel &amp; New Breed, and 2x4\n\n@SpotifyCares Sure!"", ""spotify_reply"": ""@252768 Hey there! What's happening exactly? Are they greyed out or only undownloaded? If you could send us a screenshot, that'd be super helpful. We'll take a closer look /AP\n\n@252768 Thanks for letting us know. Can you also DM us your account's username or email address? We'll take a look backstage /MS""}, {""rank"": 2, ""similarity"": 0.67, ""customer_message"": ""@SpotifyCares #Spotify Im a premium sub and app routinely deletes all music for no reason. 3rd time this month, been happening for years"", ""spotify_reply"": ""@528039 Hey! Can you DM us your account's email address? We'll take a quick look backstage /CB https://t.co/ldFdZRiNAt""}, {""rank"": 3, ""similarity"": 0.662, ""customer_message"": ""@115888 wtf is going on with your app? I can’t play most songs\n\n@SpotifyCares When I click certain songs nothing happens. Same thing happened to my friend\n\n@SpotifyCares iPhone 8, and I’m running the most up to date iOS and Spotify\n\n@SpotifyCares Tried both. Neither worked"", ""spotify_reply"": ""@440991 Hi! We're here to help. Just to check, are you getting a specific error message? If so, can you send us a screenshot? We'll take a look /DD\n\n@440991 Hmm. Can you let us know the device, operating system, and Spotify version you're running? We'll see what we can suggest /DD\n\n@440991 Thanks. Does logging out and back in to your account help? If not, can you check if restarting your phone does the trick? /DD\n\n@440991 Thanks for trying! Can you DM us your account's email address or username? We'll have a look under the hood /DD https://t.co/ldFdZRiNAt""}]","Hey! Thanks for reporting this. Could you try restarting your device and testing on a fresh connection? If the issue continues, let us know your Spotify version /SC","@171853 Hi Eduardo! Help's arrived. Could you let us know what device, OS, and Spotify version you're rocking? Since when has it been happening? /PI

@171853 Thanks. Can you DM us your Spotify account's email address? We'll take a look backstage 🔍 /PI https://t.co/ldFdZRiNAt","The customer's entire music library disappeared across devices, so account-level investigation is needed.",
E114,"@SpotifyCares can you tell me why my app keeps removing all downloaded songs. 2nd time this week it's happened. I listen mainly offline so need downloads https://t.co/YUmALFBPfe

@SpotifyCares Just the albums my playlists are ok.",Playback & Technical Errors,"[{""rank"": 1, ""similarity"": 0.756, ""customer_message"": ""@SpotifyCares #Spotify Im a premium sub and app routinely deletes all music for no reason. 3rd time this month, been happening for years"", ""spotify_reply"": ""@528039 Hey! Can you DM us your account's email address? We'll take a quick look backstage /CB https://t.co/ldFdZRiNAt""}, {""rank"": 2, ""similarity"": 0.702, ""customer_message"": ""@SpotifyCares I have lost all offline tracks (AGAIN) but have 6GB of spotify files stuck on SD Card that won't delete after uninstall. Help\n\n@SpotifyCares Ok thanks, I will give it a go."", ""spotify_reply"": ""@469696 Hey, sorry to hear that. Check out the steps under “Downloads unexpectedly removed” at https://t.co/38J7tFlIBF. They should help out /NY\n\n@469696 Cool! Just keep us in the loop if anything comes your way. We'll be right here waiting /NY""}, {""rank"": 3, ""similarity"": 0.698, ""customer_message"": ""@115888 wtf is going on with your app? I can’t play most songs\n\n@SpotifyCares When I click certain songs nothing happens. Same thing happened to my friend\n\n@SpotifyCares iPhone 8, and I’m running the most up to date iOS and Spotify\n\n@SpotifyCares Tried both. Neither worked"", ""spotify_reply"": ""@440991 Hi! We're here to help. Just to check, are you getting a specific error message? If so, can you send us a screenshot? We'll take a look /DD\n\n@440991 Hmm. Can you let us know the device, operating system, and Spotify version you're running? We'll see what we can suggest /DD\n\n@440991 Thanks. Does logging out and back in to your account help? If not, can you check if restarting your phone does the trick? /DD\n\n@440991 Thanks for trying! Can you DM us your account's email address or username? We'll have a look under the hood /DD https://t.co/ldFdZRiNAt""}]","Hey! Thanks for reporting this. Could you try restarting your device and testing on a fresh connection? If the issue continues, let us know your Spotify version /SC","@625000 Hey, help's here. Is this happening to just your downloaded albums or to your offline playlists as well? /AY

@625000 Thanks for clearing that up. Could you send us a DM with your account's email address? We'll take a look backstage /QI https://t.co/ldFdZRiNAt","Downloaded albums repeatedly disappear, so the recurring technical issue needs further investigation.",The historical reply moved to account details without acknowledging that the problem had happened multiple times.
E115,"Hey @115888 I have an idea; why don't we encode playlist identifiers in the stream so we can ""Shazam"" for playlists? #dinneratarestaurrant",Playlist & Library Management,"[{""rank"": 1, ""similarity"": 0.562, ""customer_message"": ""When you want to create a playlist on @115888 and it isn’t working 🙄😫"", ""spotify_reply"": ""@807659 Hi there, thanks for bearing with us. Spotify should be working perfectly again! /JS""}, {""rank"": 2, ""similarity"": 0.476, ""customer_message"": ""Dear @115888 - it would be super handy if we could edit the order of songs in playlists on phones... https://t.co/ZOLl1uzl0H\n\n@SpotifyCares THANK YOU!!  👏🏻💃🏼👏🏻"", ""spotify_reply"": ""@406580 Hi Amanda! You can sort the songs in your playlists by following our guide here: https://t.co/5hjtm5AdqM /AU\n\n@406580 You're welcome! Let us know if you ever need us again. We'd be... https://t.co/LgAM6ky9Vv 🙂 /AU""}, {""rank"": 3, ""similarity"": 0.475, ""customer_message"": ""@117153 - How 2 delete a song from a playlist, when  hearing the playlist.. ?"", ""spotify_reply"": ""@393471 Hi there! You can edit your playlists with ease. We have some more info on this for you here at: https://t.co/a38Mc2DlCx 🙂 /JI""}]",Hey! We're here to help with your music collection. Let us know what device you're using and what specifically you'd like to adjust in your playlists! /SC,@235572 Hey Andreas! We can see how that’d be handy. We can’t make any promises but we’ll pass your feedback onto the right folks 🙂 /JI,Acknowledge the playlist-identification feature idea and provide the appropriate feedback channel.,
E116,"@115888 @115858 Spotify is soooo buggy for CarPlay. Pls fix soon thanks

@SpotifyCares No that didn’t work :( I’m attaching a screenshot of what it’s doing w/the app open https://t.co/Lo3IuLmPk0

@SpotifyCares Currently using iOS 11.0.3 and the Spotify version is 8.4.25.906",Playback & Technical Errors,"[{""rank"": 1, ""similarity"": 0.678, ""customer_message"": ""@115888 @SpotifyCares I tapped on album artwork and now I can’t get back ... iPhone X problems ... please fix / update the app soon #HadToCloseTheApp https://t.co/XjoMWdc5i7\n\n@SpotifyCares Yea that’s exactly what I ended up doing !! :$\n\n@SpotifyCares No, It seems to be working fine today , it must have been a glitch in the IOS or something ! Thanks for the reply :)"", ""spotify_reply"": ""@407803 Hey Hulio! Don't worry, we’re working on it as we speak. In the meantime, can you try closing and reopening the app? Does that help? /CX\n\n@407803 Hey there! Is the issue still happening? Keep us posted /DF\n\n@407803 No worries! If you ever need anything else, just shout and we'll come running 🏃 /DF""}, {""rank"": 2, ""similarity"": 0.673, ""customer_message"": ""@115888 wtf is going on with your app? I can’t play most songs\n\n@SpotifyCares When I click certain songs nothing happens. Same thing happened to my friend\n\n@SpotifyCares iPhone 8, and I’m running the most up to date iOS and Spotify\n\n@SpotifyCares Tried both. Neither worked"", ""spotify_reply"": ""@440991 Hi! We're here to help. Just to check, are you getting a specific error message? If so, can you send us a screenshot? We'll take a look /DD\n\n@440991 Hmm. Can you let us know the device, operating system, and Spotify version you're running? We'll see what we can suggest /DD\n\n@440991 Thanks. Does logging out and back in to your account help? If not, can you check if restarting your phone does the trick? /DD\n\n@440991 Thanks for trying! Can you DM us your account's email address or username? We'll have a look under the hood /DD https://t.co/ldFdZRiNAt""}, {""rank"": 3, ""similarity"": 0.661, ""customer_message"": ""@115888 why…!? 🙄😭🙄 https://t.co/W3sptllBh9\n\n@SpotifyCares Yes.\n\n@SpotifyCares An iPhone SE and yes this is the first time I’ve seen this.\n\n@SpotifyCares Yes! Thanks for getting back to me so fast!\n\n@SpotifyCares I did not! Thank you so much for your help!"", ""spotify_reply"": ""@420033 Hey Rachel! Just to make sure we're on the same page, were you trying to listen to the ad for 30 minutes of ad-free music? /TW\n\n@420033 Thanks! What device were you listening on? Is this the first time you've seen this happen? /TW\n\n@420033 Got it. Can you try logging out, restarting the app, then logging back in? Let us know how it goes /SJ\n\n@420033 You're welcome! Do you still experience the issue after restarting the app? /SJ\n\n@420033 You're welcome! Give us a shout if you need anything else. We're... https://t.co/fgy8YvXib9 /SJ""}]","Hey! Thanks for reporting this. Could you try restarting your device and testing on a fresh connection? If the issue continues, let us know your Spotify version /SC","@249035 Hi Lizzie, the cavalry's here! Does logging out, restarting your device, and logging back into Spotify help? Keep us posted /JI

@249035 Thanks for the screenshot. Can you let us know the device iOS and version of Spotify you're using? We'll see what we can suggest /JI

@249035 Got it. Does logging out &gt; restarting your device &gt; logging back in help at all? Give us a shout on how you get on /MT","CarPlay playback remains buggy after troubleshooting, so further technical investigation is appropriate.",The historical reply repeated logout/restart steps even after the customer had already tried them.
E117,"@115888 @SpotifyCares am having issues joining a family plan, would you help?",Account Access & Security,"[{""rank"": 1, ""similarity"": 0.61, ""customer_message"": ""So annoyed at @SpotifyCares. I pay for Spotify premium but it says it's 'unable' to log me in with an email and password I know is correct 😡"", ""spotify_reply"": ""@201245 Hey Charlie! Can you DM us your account's email address and username? We'll take a look backstage /SU https://t.co/ldFdZRiNAt""}, {""rank"": 2, ""similarity"": 0.59, ""customer_message"": ""Hey @115888 - I still don’t have access to my Spotify account after submitting information 10 months ago... can we fix this?"", ""spotify_reply"": ""@364803 Hi Cheyanne, help's here. Can you DM us your account's email address? We'll check backstage and see what we can suggest /NY https://t.co/ldFdZRiNAt""}, {""rank"": 3, ""similarity"": 0.583, ""customer_message"": ""@SpotifyCares Uh spotify, why did you just log me out then tell me my email doesn't exist when I try to reset my password?\n\n@SpotifyCares Your support team is slower than your programming monkeys - it was fixed by the time you responded."", ""spotify_reply"": ""@313095 Hey there! That's not cool. Can you DM us your account's email address or username? We'll take a look backstage /PB https://t.co/ldFdZRiNAt\n\n@313095 Sorry for the delay, but glad to hear it's working. Let us know if you need anything else. We'd be happy to help /PB""}]",Hey! We'd love to help you get back into your account. Please drop us a DM with your account details and we'll take a closer look /SC https://t.co/ldFdZRiNAt,@378348 @115888 We've just sent you a DM 🙂 /PX,Family Plan membership problems require account-specific help.,
E118,"@115888 love Spotify but so limited what I can with my Alexa I will need to drop it..

@SpotifyCares Spotify loses available devices constantly, can only play playlist from master acct, can't play on all devices at once

@SpotifyCares If Google can overcome these issues I will ditch alexa

@SpotifyCares How do I fix Spotify losing my multiple echos?",Playback & Technical Errors,"[{""rank"": 1, ""similarity"": 0.599, ""customer_message"": ""@115888 wtf is going on with your app? I can’t play most songs\n\n@SpotifyCares When I click certain songs nothing happens. Same thing happened to my friend\n\n@SpotifyCares iPhone 8, and I’m running the most up to date iOS and Spotify\n\n@SpotifyCares Tried both. Neither worked"", ""spotify_reply"": ""@440991 Hi! We're here to help. Just to check, are you getting a specific error message? If so, can you send us a screenshot? We'll take a look /DD\n\n@440991 Hmm. Can you let us know the device, operating system, and Spotify version you're running? We'll see what we can suggest /DD\n\n@440991 Thanks. Does logging out and back in to your account help? If not, can you check if restarting your phone does the trick? /DD\n\n@440991 Thanks for trying! Can you DM us your account's email address or username? We'll have a look under the hood /DD https://t.co/ldFdZRiNAt""}, {""rank"": 2, ""similarity"": 0.562, ""customer_message"": ""@115888 See if you ever want to make an IOS app that works? That’d be great.\n\n@SpotifyCares IOS11 on an iPhone 6s, playing a playlist on shuffle it’ll just stop and won’t play anything else again even if I close and open again.\n\n@SpotifyCares Even tried reinstalling two or three times\n\n@SpotifyCares No none at all, really strange and really frustrating when you’re on the speaker at a party. Not a premium account if that helps at all\n\n@SpotifyCares Seems to be most of the ones I listened to, specifically Eminem relapse and bugzy malone king of the north and it happens on both"", ""spotify_reply"": ""@349085 Hey, help's here! What’s happening exactly? Can you let us know the device, iOS and Spotify version you’re using? /YM\n\n@349085 That's odd. Are you getting any specific error messages? We'll see what we can suggest /YM\n\n@349085 Hmm. Is this happening to all playlists or albums? Also, does the issue occur while on 3G/4G, WiFi, or both? /YM\n\n@349085 Can you send us the links to these albums or playlists via DM? Just tap the three dots &gt; Share &gt; Copy Link. We'll take a look backstage /YM https://t.co/ldFdZRiNAt""}, {""rank"": 3, ""similarity"": 0.545, ""customer_message"": ""@117168 my music stops playing everytime I open Snapchat or get a notification! Using the newest version of Spotify on iPhone X! Help\n\n@SpotifyCares I’m using Spotify version 8.4.28 and ios 11.1.1  thank you!"", ""spotify_reply"": ""@769324 Hey there! The cavalry's here. Could you let us know the exact iOS and Spotify version you're using? We'll see what we can suggest /KB\n\n@769324 Got it! Is this happening on 3G/4G, WiFi, or both? Does restarting your device by holding the Sleep/Wake + Volume Down buttons for 10 seconds make any difference? /KB""}]","Hey! Thanks for reporting this. Could you try restarting your device and testing on a fresh connection? If the issue continues, let us know your Spotify version /SC","@231312 Hey! Sorry to hear that. Can you let us know what's happening exactly? We'd love to help you out /JS

@231312 Got it. We're afraid you can only stream from one device at a time, but rest assured we'll pass on your feedback to the right team. Give us a shout for anything else 🙂 /JS

@231312 Hmm. Could you DM us your account's username or email address? We'll take a look under the hood /JS https://t.co/ldFdZRiNAt","The customer has repeated Alexa/device-connection problems, so account/device investigation is appropriate.",The historical reply partly addressed the one-device limitation but didn't clearly resolve the disappearing-device problem.
E119,"@SpotifyCares, Do offline listens add up to an artist's plays whenever I go back online? 🤔

@SpotifyCares Great! Yes, so I suppose they also count for the end of the year playlist ""Your Top Songs 20##""?",Playlist & Library Management,"[{""rank"": 1, ""similarity"": 0.661, ""customer_message"": ""If you follow someone's Spotify playlist, does the creator get notified? Asking for a friend 😅\n\n@SpotifyCares Thank you!"", ""spotify_reply"": ""@626613 Hey there! We're afraid not, but we can see how this would useful. Suggest it in our Community at  https://t.co/WgY7GXI7jf 💚 /NG\n\n@626613 You're welcome! If there's anything else we can help with, just give us a shout. https://t.co/m4HWSbgHVZ 💚 /NG""}, {""rank"": 2, ""similarity"": 0.604, ""customer_message"": ""Damnit @SpotifyCares make it so we can go back and save a weekly playlist. Sometimes forget to save songs than by Monday they are gone.\n\n@SpotifyCares Ya, those 5 songs I really wanted to save from last week but can’t find now. Ha"", ""spotify_reply"": ""@682353 Hey there! We'll gladly let the right folks know it's something you'd like to see. Let us know if anything else comes up /BH\n\n@682353 We understand! Fingers crossed you'll find them again soon. If you need us again, just give us a shout. We're here around the clock 🙂 /BH""}, {""rank"": 3, ""similarity"": 0.585, ""customer_message"": ""My Mom was all excited about a holiday playlist she made on Spotify, and went to her Roku to play it for us, only to find no playlist support whatsoever... truly disappointing 😕@spotifycares @181080\n\n@SpotifyCares Thanks for the reply. It still doesn't help my Mom, who just wants to play with a streaming kit we got her for Christmas last year (when playlists WORKED). That post is from 8 months ago. No solution yet? I love your service otherwise, work with your customers on this!"", ""spotify_reply"": ""@325108 Hey Carlos! We have some info about the Spotify app on Roku here: https://t.co/titMn0j3Im. Give us a shout if there's anything else /YM\n\n@325108 We hear you. Rest assured, your feedback is being heard while we work with Roku on the best path forwards /YM""}]",Hey! We're here to help with your music collection. Let us know what device you're using and what specifically you'd like to adjust in your playlists! /SC,"@486667 Offline listens are counted and sent to Spotify's server the next time you connect to the Internet. We hope this answers your question 🙂 /KL

@486667 We're afraid we don't have any more info on this. Let us know if you have other questions /KL",Explain how offline plays are counted and clarify what is known about year-end statistics.,
E120,@SpotifyCares why was the Moon Song by Karen O ft Ezra Koenig taken off of spotify,Content Availability & Licensing,"[{""rank"": 1, ""similarity"": 0.47, ""customer_message"": "". @115888 you got me confused. For a split second I wondered why @30368 and @22339 's song was titled Camila Cabello - Havana https://t.co/TYWqjesr45\n\n@SpotifyCares Restarted phone and connections. Still the same. I dont mind tho, just found it funny. https://t.co/UEeFm3cjGF\n\n@SpotifyCares  https://t.co/ERLxIw0uMA\n\n@SpotifyCares 5.1 and I think this is the 2nd time it happened or was aware of\n\n@SpotifyCares Thank you"", ""spotify_reply"": ""@205702 Hi there! Does restarting your device and your connection help? Which Spotify version are you using? /NQ\n\n@205702 Which Android version does your device currently have? Also, is this happening often? /NQ\n\n@205702 Hmm. It's not ideal, but the exact steps here should help out: https://t.co/EqisDMwZAT /NQ\n\n@205702 You're welcome! In case you have other concerns, don't hesitate to get back in touch. We're always... https://t.co/zOXI69QSqg /TM""}, {""rank"": 2, ""similarity"": 0.448, ""customer_message"": ""@SpotifyCares please bring back BTOB's Complete album :-("", ""spotify_reply"": ""@651814 Hey Julia! We’d love to have all of their stuff available, but we have some info about content here: https://t.co/0i8GpimuDa /MQ""}, {""rank"": 3, ""similarity"": 0.439, ""customer_message"": ""Blegh, some of the old Get Scraped Deamau5 tracks got removed from spotify ;(\n\n@SpotifyCares https://t.co/G6J9keroaj #10 'bored of canada' is greyed out, doesn't show up in searches\n\n@SpotifyCares Should be Netherlands"", ""spotify_reply"": ""@731473 Hey there! Can you send us a screenshot of how the album appears on your end? Also, what country is your Spotify account set to? We'll keep an eye out for your reply /LP\n\n@731473 Thanks! What country is your account set to? We'll check backstage /AP\n\n@731473 Got it. Sometimes content gets temporarily removed because of licensing changes. Hopefully we'll have it available again to you soon! Let us know if there's anything else /AP""}]","Hey! We're always working with artists and labels to bring as much music to Spotify as possible, but availability can vary due to licensing. We hope to have it available soon! /SC",@364380 Hey! Sometimes content gets temporarily removed because of licensing changes. Hopefully we'll have it available again soon /RA,Explain that the song may have been removed because of licensing changes.,
E121,"All I want for Christmas is a @115888 “song-in-loop” feature. Thank you please. #musicocd

@SpotifyCares Yay! iPhone 6. Device OS 11.2 Public beta 5. Spotify version 8.4.28.1104. Thanks for caring! 🙌

@SpotifyCares 😮🤦🏻‍♀️Sweeet! Thanks for the help!",Playlist & Library Management,"[{""rank"": 1, ""similarity"": 0.585, ""customer_message"": ""Dear @115888 - it would be super handy if we could edit the order of songs in playlists on phones... https://t.co/ZOLl1uzl0H\n\n@SpotifyCares THANK YOU!!  👏🏻💃🏼👏🏻"", ""spotify_reply"": ""@406580 Hi Amanda! You can sort the songs in your playlists by following our guide here: https://t.co/5hjtm5AdqM /AU\n\n@406580 You're welcome! Let us know if you ever need us again. We'd be... https://t.co/LgAM6ky9Vv 🙂 /AU""}, {""rank"": 2, ""similarity"": 0.571, ""customer_message"": ""@115888 you were the best app ever UNTIL.... you took away where you hold down and you can listen to a little of the song. Now idk what to really add to my playlists.. BRING IT BACK PLEASE!!!!!! #SpotifyMusic"", ""spotify_reply"": ""@760225 Hey! We have more info about this here: https://t.co/pXBCq8GlsI. Give us a shout if you have any questions /AK""}, {""rank"": 3, ""similarity"": 0.532, ""customer_message"": "":'-(\n\n@SpotifyCares let me know when you remove your frustrating 10k song library limit.\n\nhttps://t.co/vANgjQflxL"", ""spotify_reply"": ""@818249 Hey Nick! We don’t have any new info about this, but we’ll remind the team it’s a popular request. You can also show your support for the idea at https://t.co/a9TZL1Dqp6. We're sad to see you go - if you need us, we're just a tweet away /RK""}]",Hey! We're here to help with your music collection. Let us know what device you're using and what specifically you'd like to adjust in your playlists! /SC,"@811592 Hey, help's here! This should be possible right now. Can you let us know the device, operating system, and Spotify version you're using? We'll see what we can suggest /GK

@811592 Thanks. On the screen where the song is being played, you'll see the repeat function shaped like an oval loop to the right of the play button. Press that once to repeat the playlist. Press it twice to repeat just the song that's being played. Hope this info helps /GK

@811592 No worries! Feel free to tweet us if there's anything else. https://t.co/uEkAlnxbzn /GK",Explain that repeat-one is already available and provide simple instructions for using it.,
E122,"Wish Spotify would let you share playlists that u create @115888

@SpotifyCares Wow !! It works..I just tried it.  Thank you so much.  I knew u could share individual songs but not full playlists!! 🤩🤩🤩",Playlist & Library Management,"[{""rank"": 1, ""similarity"": 0.652, ""customer_message"": ""@SpotifyCares I just downloaded the Android app and I cannot figure out how to start a playlist with my own music. Please reply with a link for instructions"", ""spotify_reply"": ""@771096 Hey Mike, the cavalry's here! You can head over at https://t.co/a38Mc2DlCx for useful info about playlists. Hope that helps 🙂 /JE""}, {""rank"": 2, ""similarity"": 0.65, ""customer_message"": ""@115888 you were the best app ever UNTIL.... you took away where you hold down and you can listen to a little of the song. Now idk what to really add to my playlists.. BRING IT BACK PLEASE!!!!!! #SpotifyMusic"", ""spotify_reply"": ""@760225 Hey! We have more info about this here: https://t.co/pXBCq8GlsI. Give us a shout if you have any questions /AK""}, {""rank"": 3, ""similarity"": 0.624, ""customer_message"": ""My Mom was all excited about a holiday playlist she made on Spotify, and went to her Roku to play it for us, only to find no playlist support whatsoever... truly disappointing 😕@spotifycares @181080\n\n@SpotifyCares Thanks for the reply. It still doesn't help my Mom, who just wants to play with a streaming kit we got her for Christmas last year (when playlists WORKED). That post is from 8 months ago. No solution yet? I love your service otherwise, work with your customers on this!"", ""spotify_reply"": ""@325108 Hey Carlos! We have some info about the Spotify app on Roku here: https://t.co/titMn0j3Im. Give us a shout if there's anything else /YM\n\n@325108 We hear you. Rest assured, your feedback is being heard while we work with Roku on the best path forwards /YM""}]",Hey! We're here to help with your music collection. Let us know what device you're using and what specifically you'd like to adjust in your playlists! /SC,"@686482 Hey Carrie! You can share your personally-created playlists with these steps: https://t.co/RT7XNMNEAr. Hope this helps /KB

@686482 Awesome! Give us a shout if you ever need us again. We'd be... https://t.co/LgAM6ky9Vv /KB",Provide steps for sharing a personally created playlist.,
E123,"Hey @115888 Eminem dropped song today. And it’s not on Spotify yet. I hope you see the problem

@SpotifyCares How are you going to give me a link that don’t work",Content Availability & Licensing,"[{""rank"": 1, ""similarity"": 0.61, ""customer_message"": ""@115888 where is 'Reputation'?! https://t.co/fc04Wpbakl\n\n@SpotifyCares I already have heard them.. I want to listen to the album\n\n@SpotifyCares I hope so"", ""spotify_reply"": ""@665442 Taylor Swift's 'Reputation' isn't available to stream just yet – stay tuned! For now, check out the singles: https://t.co/3h0TnPWP0c /DF\n\n@665442 Fingers crossed we'll be able to have it soon! Don't worry, we'll pass your feedback on to the team /KM\n\n@665442 We'll do our best to have it available to you and other listeners. If there's anything else, just let us know! /KM""}, {""rank"": 2, ""similarity"": 0.573, ""customer_message"": ""@SpotifyCares when will #reputation be available on spotify?"", ""spotify_reply"": ""@751328 Hey! We’ll have it available to you as soon as it’s available to us! For now, check out the singles: https://t.co/3h0TnPWP0c /BD""}, {""rank"": 3, ""similarity"": 0.57, ""customer_message"": ""Can't play the album \""年輪说\"" @SpotifyCares\n\n@SpotifyCares I just send u a private massage"", ""spotify_reply"": ""@373190 Hey! Can you DM us your account's email address, as well as the Spotify URI of the album you're referring to? We'll check backstage /AR https://t.co/ldFdZRiNAt\n\n@373190 We've just sent a DM your way. Let's carry on chatting there /ME""}]","Hey! We're always working with artists and labels to bring as much music to Spotify as possible, but availability can vary due to licensing. We hope to have it available soon! /SC","@655855 Hey there! Just to check, is this the track you're looking for: spotify:track:7zLGHiDWd9T1Rxw4PQCb13? Keep us posted /DF

@655855 Well, that's embarrassing! Try this link: https://t.co/u6zrDfI3Yx. Keep rocking 🤘 /DQ",Verify the requested track and provide the correct Spotify link or availability information.,
E124,"@116130 I've been charged the full £9.99 for premium even though I'm on the student plan, can someone please help me with this",Subscription & Billing Issues,"[{""rank"": 1, ""similarity"": 0.588, ""customer_message"": ""@SpotifyCares - I'm trying to update my payment info for premium, but it'll only let me do so for the student discount, and keeps telling me I'm not a student. I know I'm not a student I just want spotify and i lost my old debit card plz help i am gonna die if it goes away\n\n@SpotifyCares Just did! Thanks!"", ""spotify_reply"": ""@203960 Hi Sarah. Don't worry, help's here! Can you DM us your account's email address or username? We'll see what we can do /XF""}, {""rank"": 2, ""similarity"": 0.56, ""customer_message"": ""@SpotifyCares Hi for some strange reason i was charged 14.99 for premium and headspace this month, i havent changed anything and all previous months it has been 4.99 as i am a student. I have changed it back to student now but dont know why it had changed?"", ""spotify_reply"": ""@679173 Hi Owen! That doesn't sound good. Can you DM us your account's username or email address? We'll take a look under the hood /DN https://t.co/ldFdZRiNAt""}, {""rank"": 3, ""similarity"": 0.556, ""customer_message"": ""@SpotifyCares Not sure if I have a student acc or a regular premium acc. But my acc was charged when I should have a month free. https://t.co/0syFLHTDkk"", ""spotify_reply"": ""@584936 Hey Hanna, we're here to help! Can you DM us your account's username or email address? We'll take a look backstage /JP https://t.co/ldFdZRiNAt""}]",Hi there! Sorry for the confusion with your Student discount. Please DM us your account email so we can verify your student status backstage and get your billing sorted /SC https://t.co/ldFdZRiNAt,"@573615 Hey Lauren, help's here! Could you DM us your account's username and email address? We'll take a look backstage 🔍 /DQ https://t.co/ldFdZRiNAt","The customer was charged the full Premium rate despite being on the student plan, so billing needs verification.",
E125,"I....I don....I don't understand, @115888. https://t.co/h6qLR3eyBh

@SpotifyCares @118134 Great, thanks!

@SpotifyCares Oh my god did you just send a song ... that is not available in my Spotify app. I'm sad.",Other / Unclear,"[{""rank"": 1, ""similarity"": 0.63, ""customer_message"": ""@SpotifyCares please help. My username is Austinbullard22 https://t.co/UbhGY64Dub"", ""spotify_reply"": ""@466178 Hey James! Sorry for the delay. We've just sent you a bit more info over DM. We'll carry on helping out there /KB""}, {""rank"": 2, ""similarity"": 0.623, ""customer_message"": ""@SpotifyCares https://t.co/777rIXhISF"", ""spotify_reply"": ""@499051 Hey Cora! Could you send us a DM with your account's email address? We'll take a look backstage /CH https://t.co/ldFdZRiNAt""}, {""rank"": 3, ""similarity"": 0.616, ""customer_message"": ""@SpotifyCares I need help on my Spotify account. I DM’d you guys earlier"", ""spotify_reply"": ""@502630 Hi Anthony! We've replied to your DM. Let's carry on chatting there 🙂 /RI""}]",Hey there! Thanks for reaching out to Spotify Support. How can we help you out today? Feel free to let us know what's on your mind /SC,"@583132 @118134 Hi! This song is included in the series' soundtrack. No worries, we'll make sure to pass your feedback on to the relevant folks /GT

@583132 https://t.co/rkpsuGlCiy! We're always happy to help so just send a tweet our way if you need us again 😉 /GT

@583132 That's odd. Can you DM us your account's email address or username? We'll take a look backstage /PB https://t.co/ldFdZRiNAt","The song's availability differs from what the customer was sent, so the exact account/content situation should be checked.",The historical reply first said the song was available but later moved to an account lookup without clearly explaining the discrepancy.
E126,@115888 I’m tryna listen to the album not no got damn recommended. Killing my whole vibe.,Content Availability & Licensing,"[{""rank"": 1, ""similarity"": 0.673, ""customer_message"": ""3\n@115888 Hello, I really hope u guys put \""Mic Drop Remix\"" by @133324, @134388 &amp; @4985 in one of most popular playlists"", ""spotify_reply"": ""@772945 Hey there! Thanks for the feedback. Our Curation team are independent &amp; use taste, data, research, and trends to create playlists, but we’ll pass on your suggestion /NQ""}, {""rank"": 2, ""similarity"": 0.629, ""customer_message"": ""Yo, I pay for premium and y’all don’t even have this album on here yet. @115888"", ""spotify_reply"": ""@676443 Hey there, we'd love to help! Just to be sure, what album are you looking for? /JN""}, {""rank"": 3, ""similarity"": 0.585, ""customer_message"": ""@115888 where is 'Reputation'?! https://t.co/fc04Wpbakl\n\n@SpotifyCares I already have heard them.. I want to listen to the album\n\n@SpotifyCares I hope so"", ""spotify_reply"": ""@665442 Taylor Swift's 'Reputation' isn't available to stream just yet – stay tuned! For now, check out the singles: https://t.co/3h0TnPWP0c /DF\n\n@665442 Fingers crossed we'll be able to have it soon! Don't worry, we'll pass your feedback on to the team /KM\n\n@665442 We'll do our best to have it available to you and other listeners. If there's anything else, just let us know! /KM""}]","Hey! We're always working with artists and labels to bring as much music to Spotify as possible, but availability can vary due to licensing. We hope to have it available soon! /SC",@461432 Hey there! Can you DM us your account's email address or username? We'll take a look /NS https://t.co/ldFdZRiNAt,Acknowledge the customer's frustration with suggested songs and explain how recommendations work or how they can be managed.,The historical reply immediately requested an account lookup without addressing the recommendation issue.
E127,@SpotifyCares can I upgrade from premium to family and still pay on my phone bill?,Subscription & Billing Issues,"[{""rank"": 1, ""similarity"": 0.782, ""customer_message"": ""Hey @SpotifyCares, is there any way to change a premium account to a family plan?"", ""spotify_reply"": ""@377160 Hey! Can you DM us your account's username and email address? We'll see what we can suggest /JL https://t.co/ldFdZRiNAt""}, {""rank"": 2, ""similarity"": 0.781, ""customer_message"": ""@SpotifyCares If I purchase a Premium subscription can I later change to a family subscription with out issue?\n\n@SpotifyCares I assume the quality of audio is much better on paid subscription?"", ""spotify_reply"": ""@179080 1: You should be able to upgrade anytime. More info about Premium for Family here: https://t.co/bzzki7lPS1.\n\n@179080 2: Also, check out https://t.co/VgOMG9xsiH for details about the audio quality. Let us know if you need anything else /PB""}, {""rank"": 3, ""similarity"": 0.7, ""customer_message"": ""@115888 @117168 @SpotifyCares  my mom is being charged every month for premium service but her account doesn't have premium features. She doesn't want spotify at all and she can't figure out how to quit being charged. Any help?"", ""spotify_reply"": ""@141287 Hey Briar! Can you DM us your mom's username or email address? We'll check on this for you /NH https://t.co/ldFdZRiNAt""}]","Hey there! Thanks for sharing your thoughts on our ads. We always want to provide a great listening experience, so we'll make sure our Ads team receives your feedback /SC",@567659 Hey! It's currently not possible to subscribe to Family via your mobile provider. Could you DM us your account's email/username? /AY https://t.co/ldFdZRiNAt,"Family Plan payment through a mobile provider depends on account/payment eligibility, so support should verify it.",
E128,"After @115888 inexplicably deleting my downloads for the umpteenth time, I am moving on. @116935 let's see what you're made of.

@SpotifyCares Nah. Make Spotify Student work with NUS cards again and we'll talk.",Account Access & Security,"[{""rank"": 1, ""similarity"": 0.576, ""customer_message"": ""Hey @115888 - I still don’t have access to my Spotify account after submitting information 10 months ago... can we fix this?"", ""spotify_reply"": ""@364803 Hi Cheyanne, help's here. Can you DM us your account's email address? We'll check backstage and see what we can suggest /NY https://t.co/ldFdZRiNAt""}, {""rank"": 2, ""similarity"": 0.565, ""customer_message"": ""I'm pissed because someone hacked my @115888 and now all my playlists are gone. #trash"", ""spotify_reply"": ""@653045 Hey! We’re sorry to hear that. Can you DM us your account's email address or username? We'll take a look backstage /KM https://t.co/ldFdZRiNAt""}, {""rank"": 3, ""similarity"": 0.564, ""customer_message"": ""@SpotifyCares You guys deleted all my playlists when I asked you to disconnect all the extra devices that were using all my accounts.. I've been building those for five years. Please fix!\n\n@SpotifyCares and you downgraded my account in the process.. no email response, just completely reset my account.. ridiculous!!!"", ""spotify_reply"": ""@709746 Hey Nathan! Help's here. Could you DM us your account's username or email address? We'll take a look backstage /TM https://t.co/ldFdZRiNAt""}]",Hey! We'd love to help you get back into your account. Please drop us a DM with your account details and we'll take a closer look /SC https://t.co/ldFdZRiNAt,"@580722 Hi. Sorry to hear that! Can you check the steps under “Manage your active offline devices” at https://t.co/38J7tFlIBF? /DN

@580722 We understand. Right now, we don’t have any other info on this, but let us know if you need a hand getting set up with UNiDAYS /DN",Repeated download loss plus a separate Student-plan complaint makes this a case needing support rather than another generic macro.,The historical reply addressed the download issue first but didn't really respond to the customer's separate NUS/student-plan problem.
E129,@115888 you guys have overcharged me i bought the 3 months for 9kr but you guys charged me 99kr for 1 month!!,Content Availability & Licensing,"[{""rank"": 1, ""similarity"": 0.465, ""customer_message"": ""@115888 you mean to tell me I pay 10 dollars a month for you to have only 3 RBD songs? I’m heartbroken https://t.co/siBTlHyYfA"", ""spotify_reply"": ""@152988 We’d love to have all of their stuff available, but we have some info about content here: https://t.co/0i8GpimuDa /DF""}, {""rank"": 2, ""similarity"": 0.454, ""customer_message"": ""When is #reputation coming to @115888? 😭"", ""spotify_reply"": ""@393512 Hi! Taylor Swift's 'Reputation' isn't available to stream just yet – stay tuned! For now, check out the singles: https://t.co/3h0TnPWP0c /NH""}, {""rank"": 3, ""similarity"": 0.452, ""customer_message"": ""Yo, I pay for premium and y’all don’t even have this album on here yet. @115888"", ""spotify_reply"": ""@676443 Hey there, we'd love to help! Just to be sure, what album are you looking for? /JN""}]","Hey! We're always working with artists and labels to bring as much music to Spotify as possible, but availability can vary due to licensing. We hope to have it available soon! /SC",@253499 Hey Günduz! Help's here. Can you DM us your account's email address? We'll take a look backstage /DD https://t.co/ldFdZRiNAt,"The customer was charged a different amount and subscription term than expected, so billing needs investigation.",
E130,@115888 I pay for premium but my app says it’s only the free version? Help please!,Subscription & Billing Issues,"[{""rank"": 1, ""similarity"": 0.61, ""customer_message"": ""@117153 I paid the premium Spotify account using Itunes, and my account is still free."", ""spotify_reply"": ""@562153 Hey Daniel, help's here! Can you DM us your account's username and email address? We'll take a look backstage /MQ https://t.co/ldFdZRiNAt""}, {""rank"": 2, ""similarity"": 0.607, ""customer_message"": ""@SpotifyCares Not sure if I have a student acc or a regular premium acc. But my acc was charged when I should have a month free. https://t.co/0syFLHTDkk"", ""spotify_reply"": ""@584936 Hey Hanna, we're here to help! Can you DM us your account's username or email address? We'll take a look backstage /JP https://t.co/ldFdZRiNAt""}, {""rank"": 3, ""similarity"": 0.588, ""customer_message"": ""Hey @115888 @SpotifyCares i applied for premium but why is this the only thing that's showing? I dont get it https://t.co/g6fWjhMn9G"", ""spotify_reply"": ""@716272 Hey! Help's here. Can you DM us your account's email address? We'll take a look backstage /RA https://t.co/ldFdZRiNAt""}]",Hi! Help's here. Can you DM us your account's email address so we can take a look backstage at your subscription? /SC https://t.co/ldFdZRiNAt,@646227 Hey Dana! Can you DM us your account's email address or username? We'll check backstage /AR https://t.co/ldFdZRiNAt,"The customer pays for Premium but the account shows Free, requiring account and billing verification.",
E131,"Why is @115888 skipping like a CD ? Highly confused 🤔

@SpotifyCares iPhone 6s Plus , iOS 11.0.2, and Spotify version 8.4.20.535",Playback & Technical Errors,"[{""rank"": 1, ""similarity"": 0.67, ""customer_message"": ""@115888 why…!? 🙄😭🙄 https://t.co/W3sptllBh9\n\n@SpotifyCares Yes.\n\n@SpotifyCares An iPhone SE and yes this is the first time I’ve seen this.\n\n@SpotifyCares Yes! Thanks for getting back to me so fast!\n\n@SpotifyCares I did not! Thank you so much for your help!"", ""spotify_reply"": ""@420033 Hey Rachel! Just to make sure we're on the same page, were you trying to listen to the ad for 30 minutes of ad-free music? /TW\n\n@420033 Thanks! What device were you listening on? Is this the first time you've seen this happen? /TW\n\n@420033 Got it. Can you try logging out, restarting the app, then logging back in? Let us know how it goes /SJ\n\n@420033 You're welcome! Do you still experience the issue after restarting the app? /SJ\n\n@420033 You're welcome! Give us a shout if you need anything else. We're... https://t.co/fgy8YvXib9 /SJ""}, {""rank"": 2, ""similarity"": 0.635, ""customer_message"": ""@115888 wtf is going on with your app? I can’t play most songs\n\n@SpotifyCares When I click certain songs nothing happens. Same thing happened to my friend\n\n@SpotifyCares iPhone 8, and I’m running the most up to date iOS and Spotify\n\n@SpotifyCares Tried both. Neither worked"", ""spotify_reply"": ""@440991 Hi! We're here to help. Just to check, are you getting a specific error message? If so, can you send us a screenshot? We'll take a look /DD\n\n@440991 Hmm. Can you let us know the device, operating system, and Spotify version you're running? We'll see what we can suggest /DD\n\n@440991 Thanks. Does logging out and back in to your account help? If not, can you check if restarting your phone does the trick? /DD\n\n@440991 Thanks for trying! Can you DM us your account's email address or username? We'll have a look under the hood /DD https://t.co/ldFdZRiNAt""}, {""rank"": 3, ""similarity"": 0.589, ""customer_message"": ""@115888 @SpotifyCares I tapped on album artwork and now I can’t get back ... iPhone X problems ... please fix / update the app soon #HadToCloseTheApp https://t.co/XjoMWdc5i7\n\n@SpotifyCares Yea that’s exactly what I ended up doing !! :$\n\n@SpotifyCares No, It seems to be working fine today , it must have been a glitch in the IOS or something ! Thanks for the reply :)"", ""spotify_reply"": ""@407803 Hey Hulio! Don't worry, we’re working on it as we speak. In the meantime, can you try closing and reopening the app? Does that help? /CX\n\n@407803 Hey there! Is the issue still happening? Keep us posted /DF\n\n@407803 No worries! If you ever need anything else, just shout and we'll come running 🏃 /DF""}]","Hey! Thanks for reporting this. Could you try restarting your device and testing on a fresh connection? If the issue continues, let us know your Spotify version /SC","@377164 Hi! We're here to help. What device, operating system, and Spotify version are you using? We'll see what we can suggest /RA

@377164 Thanks! Just to confirm, is this happening via WiFi or 3/4G? Also, have you tried logging out and back in? Keep us posted /BH",Start with standard troubleshooting for songs skipping on the iPhone.,
E132,"@125633 Hey, what happened I can not see my artist page, I already have my account verified. But I'm getting request to check again",Content Availability & Licensing,"[{""rank"": 1, ""similarity"": 0.719, ""customer_message"": ""@125633 I got a really though issue our last realease (second) is displayed on a brand new artist page, please we need help"", ""spotify_reply"": ""@433416 Hey, we're sorry to hear this! Could you fill out the form here https://t.co/p1wbtdELHu? The Artist Support team should be able to help /SP https://t.co/ldFdZRiNAt""}, {""rank"": 2, ""similarity"": 0.549, ""customer_message"": ""My artist name is not showing up correctly on Spotify, how can we fix that? @SpotifyCares"", ""spotify_reply"": ""@614812 Hey there! You'll need to reach out to your distributor to get this fixed up. There's some more info here: https://t.co/wljA2WvAjK /SU""}, {""rank"": 3, ""similarity"": 0.547, ""customer_message"": ""@115888 where is perfect velvet\n\n@SpotifyCares u see @15672 they are waiting for u"", ""spotify_reply"": ""@738041 Hey there! Fingers crossed we'll be able to have it soon, but there's info about Spotify content here: https://t.co/0i8GpimuDa /JT""}]","Hey! We're always working with artists and labels to bring as much music to Spotify as possible, but availability can vary due to licensing. We hope to have it available soon! /SC",@569051 Hey there! This sounds like something for our Artist Services friends. You can reach out to them here: https://t.co/3j9HWSEG0s /KP,This is an artist-profile/verification issue that doesn't fit the main customer categories and needs the appropriate specialist team.,The historical response correctly redirected the customer to Artist Services.
E133,@115888 can you add a feature so I can block certain artists from my music feed? Like I never wanna hear the craptastic @3568 @4711  @30403 or @1266 ever again and ive been thumbing them down since signing up. #stopshittymusic,Feature Requests & Device Support,"[{""rank"": 1, ""similarity"": 0.695, ""customer_message"": ""@SpotifyCares  is there a way to block explicit songs from random playlists. I can’t listen to these at work."", ""spotify_reply"": ""@682735 Hey there, we hear you! To help make it happen, we’d recommend showing your support for the idea here: https://t.co/CdI1SY9KZE /KL""}, {""rank"": 2, ""similarity"": 0.685, ""customer_message"": ""@115888 why can't I block explicit songs??"", ""spotify_reply"": ""@563001 Hi! It's not possible right now. To help make it happen, we’d recommend showing your support for the idea here: https://t.co/CdI1SY9KZE /PB""}, {""rank"": 3, ""similarity"": 0.536, ""customer_message"": ""How do I setup @115888 w GoogleHome so after playing a specific song it continues to play songs by that artist.\n\n@SpotifyCares LInk provided does not help. Want others songs to play after requesting a specific song, currently it plays the requested song and stops.\n\n@SpotifyCares It's set up on Google Home. The app is also on my smartphone, but a rarely open it.\n\n@SpotifyCares I have never used another device for playback, just my cluster of Google Homes and Chromecast."", ""spotify_reply"": ""@219902 Hi there! Check out more info about Spotify on Google Home here: https://t.co/6tXVssl5I5. Let us know if you're getting the same issue /JM\n\n@219902 Hmm, that's odd. Could you let us know the device, operating system, and Spotify version you're rocking? We'll see what we can suggest /JM\n\n@219902 Just to check, does the issue only happen when using Google Home and not any other devices? Keep us posted /JM\n\n@219902 Got it. Send us a DM with your account's username or email address. We'll take a look under the hood /JM https://t.co/ldFdZRiNAt""}]","Hey! While there isn't a direct 'block artist' button right now, you can tap 'Don't play this artist' in your Release Radar and Daily Mixes. Thanks for the feedback! /SC","@278994 Hey Jennifer! We don't have any info on this right now, but we'll let the right team know it's something you'd like to see /FR",Acknowledge the request to block artists and pass the feature feedback to the appropriate team.,
E134,@115888 when will #Spotify be available in #SouthAfrica,Feature Requests & Device Support,"[{""rank"": 1, ""similarity"": 0.688, ""customer_message"": ""@115888 Please bring Spotify to #BlackBerry10"", ""spotify_reply"": ""@254216 Hey there! We hear you loud and clear. We can’t make any promises but we’ll pass your feedback onto the right folks /NQ""}, {""rank"": 2, ""similarity"": 0.656, ""customer_message"": ""@115888 When are you coming to India?? #spotifyindia @116618 @15462 ... already arrived. Standing w/open arms, come2india."", ""spotify_reply"": ""@300056 Hi Manish! We're launching in new countries as often as possible. Be sure to add your email at https://t.co/X8DVSX9QgM 🙂 /NY""}, {""rank"": 3, ""similarity"": 0.649, ""customer_message"": ""@115888 When Russia will be the Spotify, you need to open access for Russian users?\n\n@SpotifyCares Well, let's wait and hope that very soon it will appear in Russia. And thanks for the answer)"", ""spotify_reply"": ""@369725 Hey there! We're launching in new countries as often as possible. Be sure to add your email at https://t.co/X8DVSXrr8k /AN\n\n@369725 You're welcome! If you ever need anything else, just shout and we'll come running 🏃 /JX""}]",Hey! We're launching in new countries all the time. Keep an eye on our announcements and sign up at https://t.co/XDwWzj7cLP to be first to know when we launch in your region! /SC,"@721938 Hey! We don't have any info regarding that. Don't you worry, we're launching regularly in countries around the world. Sign up here to be first to hear: https://t.co/XDwWzj7cLP. If you have any other questions, you know where to reach us /DR",Explain Spotify's country-launch process and provide the sign-up notification option.,
E135,All I want is @12899 's Lemonade album on @115888 😩,Content Availability & Licensing,"[{""rank"": 1, ""similarity"": 0.694, ""customer_message"": ""It sucks that #LEMONADE is still not on @115888...guys, c'mon! I need more @12899 in my life."", ""spotify_reply"": ""@551959 Hey Elisabeth! We're working on it, and we hope to have it available soon. There's more info here: https://t.co/WI0fi3V8Cu /RI""}, {""rank"": 2, ""similarity"": 0.559, ""customer_message"": ""@115888 where is perfect velvet\n\n@SpotifyCares u see @15672 they are waiting for u"", ""spotify_reply"": ""@738041 Hey there! Fingers crossed we'll be able to have it soon, but there's info about Spotify content here: https://t.co/0i8GpimuDa /JT""}, {""rank"": 3, ""similarity"": 0.556, ""customer_message"": ""Yo, I pay for premium and y’all don’t even have this album on here yet. @115888"", ""spotify_reply"": ""@676443 Hey there, we'd love to help! Just to be sure, what album are you looking for? /JN""}]","Hey! We'd love to have Beyoncé's Lemonade on Spotify, but music availability depends on agreements with rights holders and artists. We'll let you know if that changes! /SC","@288845 Hey! We're working on it, and we hope to have it available soon. There's more info here: https://t.co/WI0fi3V8Cu /JQ",Explain the current availability of Lemonade and provide relevant content information.,
E136,"@SpotifyCares Hi, I have an invite for family plan, when i tried to accept that invite spotify says ""Oops! Something went wrong, please try again."" I can't use my premium for ~2 weeks.

@SpotifyCares I guess spotify cares for only 1 message, i am still waiting your reply",Account Access & Security,"[{""rank"": 1, ""similarity"": 0.729, ""customer_message"": ""So annoyed at @SpotifyCares. I pay for Spotify premium but it says it's 'unable' to log me in with an email and password I know is correct 😡"", ""spotify_reply"": ""@201245 Hey Charlie! Can you DM us your account's email address and username? We'll take a look backstage /SU https://t.co/ldFdZRiNAt""}, {""rank"": 2, ""similarity"": 0.716, ""customer_message"": ""@SpotifyCares how do I get onto an account that has premium but I have no access to? Or cancel it?"", ""spotify_reply"": ""@777590 Hey Abbie! We've just sent you a bit more info over DM. We'll carry on helping out there /DD""}, {""rank"": 3, ""similarity"": 0.662, ""customer_message"": ""@SpotifyCares Uh spotify, why did you just log me out then tell me my email doesn't exist when I try to reset my password?\n\n@SpotifyCares Your support team is slower than your programming monkeys - it was fixed by the time you responded."", ""spotify_reply"": ""@313095 Hey there! That's not cool. Can you DM us your account's email address or username? We'll take a look backstage /PB https://t.co/ldFdZRiNAt\n\n@313095 Sorry for the delay, but glad to hear it's working. Let us know if you need anything else. We'd be happy to help /PB""}]",Hey! We'd love to help you get back into your account. Please drop us a DM with your account details and we'll take a closer look /SC https://t.co/ldFdZRiNAt,"@708522 Hey, help's here! We just replied to your DM. For your account's security, let's carry on chatting there 🙂 /RR

@708522 Hey, sorry for the delay! We just replied to your DM. Check it out 🔍 /RR","The Family Plan invite is failing and the customer has already been without Premium for two weeks, so the account needs human follow-up.","The customer complained about waiting, and the historical reply mainly told them to check the DM rather than resolving the problem."
E137,"@115888 can you update the iOS version of your app I can’t leave the home screen 😒

@SpotifyCares No it doesn’t I also restarted my phone. Basically it stays on the home part of the app and the bar on the bottom doesn’t come up

@SpotifyCares The bar that says now playing doesn’t go away and I can’t choose the search, browse, library or home option

@SpotifyCares To be fair it could be the horrible iOS update",Playback & Technical Errors,"[{""rank"": 1, ""similarity"": 0.623, ""customer_message"": ""@SpotifyCares When I use spotify on my iphone it doesn's show that I'm playing music on the control center or the lock screen, help\n\n@SpotifyCares iPhone 6S iOS 11.0.3, spotify version 8.4.22.215"", ""spotify_reply"": ""@411581 Hey Brett! Can you let us know your device and the exact operating system and Spotify versions you're running? We'll look into it /GS\n\n@411581 We understand. Our tech folks are aware of this, and they're on the case as we speak. Hopefully we'll have a fix soon! /GS""}, {""rank"": 2, ""similarity"": 0.618, ""customer_message"": ""@115888 @SpotifyCares I tapped on album artwork and now I can’t get back ... iPhone X problems ... please fix / update the app soon #HadToCloseTheApp https://t.co/XjoMWdc5i7\n\n@SpotifyCares Yea that’s exactly what I ended up doing !! :$\n\n@SpotifyCares No, It seems to be working fine today , it must have been a glitch in the IOS or something ! Thanks for the reply :)"", ""spotify_reply"": ""@407803 Hey Hulio! Don't worry, we’re working on it as we speak. In the meantime, can you try closing and reopening the app? Does that help? /CX\n\n@407803 Hey there! Is the issue still happening? Keep us posted /DF\n\n@407803 No worries! If you ever need anything else, just shout and we'll come running 🏃 /DF""}, {""rank"": 3, ""similarity"": 0.591, ""customer_message"": ""How is it that every update to the @115888 android app makes it progressively worse?\n\n@SpotifyCares it's very slow and unresponsive. Takes a while for the app to load. Sony Z2 running Android 5.1.1.\n\n@SpotifyCares i never had any problems with older versions of the app.\n\n@SpotifyCares I appreciate that the phone is 3 years old but the app used to work flawlessly. Each version now seems slower/ worse.\n\n@SpotifyCares 8.4.17.640.... Apparently 😉 https://t.co/alDUpdvlyt\n\n@SpotifyCares No, restarting doesn't help. Tbh i don't think there is much you can do. It's more that i wanted to provide some feedback​."", ""spotify_reply"": ""@392151 Hey! Can you let us know what's happening exactly? We'll keep an eye out for your message /RC\n\n@392151 Can you let us know the Spotify version that you're using? We'll see what we can suggest /RC\n\n@392151 Got it. Does logging out and restarting your device help? Let us know how it goes /RC\n\n@392151 Hmm. We've just released a new version of the app. Could you try if upgrading helps? Just follow the steps here: https://t.co/EqisDMwZAT /RC""}]","Hey! Thanks for reporting this. Could you try restarting your device and testing on a fresh connection? If the issue continues, let us know your Spotify version /SC","@593217 Hey Alyssia! What's happening exactly? Does reinstalling the app with these steps: https://t.co/mu10ot63uW make any difference at all? /KT

@593217 Got it. Could you send us your exact device model, iOS, Spotify version, and a screenshot of the issue? We'll see what we can suggest /KT","The iOS app is stuck on the home screen even after restart/reinstall attempts, so further technical investigation is needed.","The historical reply appropriately asked for device/version details, but more direct investigation was warranted after the failed reinstall."
E138,Really sucks that @115888 has a download limit,Feature Requests & Device Support,"[{""rank"": 1, ""similarity"": 0.478, ""customer_message"": ""@115888 why can't I block explicit songs??"", ""spotify_reply"": ""@563001 Hi! It's not possible right now. To help make it happen, we’d recommend showing your support for the idea here: https://t.co/CdI1SY9KZE /PB""}, {""rank"": 2, ""similarity"": 0.476, ""customer_message"": ""@115888 Please bring Spotify to #BlackBerry10"", ""spotify_reply"": ""@254216 Hey there! We hear you loud and clear. We can’t make any promises but we’ll pass your feedback onto the right folks /NQ""}, {""rank"": 3, ""similarity"": 0.472, ""customer_message"": "".@115888 PLEASE restore the queue in the Web player ;__;"", ""spotify_reply"": ""@363041 Hey there, we hear you! You can show support for the official idea here: https://t.co/sCzA5zGxSn /TB""}]","Hey! The current offline limit is 3,333 songs per device on up to 3 devices. You can add your vote to the request to increase this limit on the Spotify Community Idea Exchange! /SC",@639476 Hey Cody! We hear you. Make sure to show your support for the idea at https://t.co/8OOl8B2i69 to help make it happen /GU,Acknowledge the download-limit complaint and provide the official feedback option.,
E139,"@115888 Dear Spotify, please update your Roku App and add playlists. I would love to enjoy the whole experience in my Roku.",Playlist & Library Management,"[{""rank"": 1, ""similarity"": 0.717, ""customer_message"": ""@115888 you were the best app ever UNTIL.... you took away where you hold down and you can listen to a little of the song. Now idk what to really add to my playlists.. BRING IT BACK PLEASE!!!!!! #SpotifyMusic"", ""spotify_reply"": ""@760225 Hey! We have more info about this here: https://t.co/pXBCq8GlsI. Give us a shout if you have any questions /AK""}, {""rank"": 2, ""similarity"": 0.68, ""customer_message"": ""My Mom was all excited about a holiday playlist she made on Spotify, and went to her Roku to play it for us, only to find no playlist support whatsoever... truly disappointing 😕@spotifycares @181080\n\n@SpotifyCares Thanks for the reply. It still doesn't help my Mom, who just wants to play with a streaming kit we got her for Christmas last year (when playlists WORKED). That post is from 8 months ago. No solution yet? I love your service otherwise, work with your customers on this!"", ""spotify_reply"": ""@325108 Hey Carlos! We have some info about the Spotify app on Roku here: https://t.co/titMn0j3Im. Give us a shout if there's anything else /YM\n\n@325108 We hear you. Rest assured, your feedback is being heard while we work with Roku on the best path forwards /YM""}, {""rank"": 3, ""similarity"": 0.64, ""customer_message"": ""When you want to create a playlist on @115888 and it isn’t working 🙄😫"", ""spotify_reply"": ""@807659 Hi there, thanks for bearing with us. Spotify should be working perfectly again! /JS""}]",Hey! We're here to help with your music collection. Let us know what device you're using and what specifically you'd like to adjust in your playlists! /SC,@542732 Hey Nuri! We have some info about the Spotify app on Roku here: https://t.co/titMn0j3Im. Give us a shout if there's anything else /JX,Explain what the Roku app currently supports and acknowledge the request for more playlist functionality.,The historical reply provided a help link but didn't directly address the request to add playlists.
E140,"@115888 Your copy of David Lee Roth's Eat 'Em and Smile is using the Spanish files for the English album as well.

@SpotifyCares It looks like user error. Since the titles are in English and Spanish for both languages I may have downloaded the wrong version.",Playback & Technical Errors,"[{""rank"": 1, ""similarity"": 0.557, ""customer_message"": ""@SpotifyCares: How can I change the language on Spotify? Somehow it’s Spanish on my phone and English on other devices\n\n@SpotifyCares Thanks. Now I can see that the second language on my phone - after Danish - was Spanish. I’ve changed it to English now 😊"", ""spotify_reply"": ""@758106 Hi Lotte! Help's here. Can you check if the app is set in English? Here's our guide: https://t.co/t2KkkFsxr7. Keep us posted /PB\n\n@758106 Awesome! Let us know if you ever need us again. We'd be... https://t.co/LgAM6ky9Vv 🙂 /AY""}, {""rank"": 2, ""similarity"": 0.519, ""customer_message"": ""@SpotifyCares Can’t play Beck’s new album and some other stuff in my library. Help?\n\n@SpotifyCares iMac (macos 10.12.6), iPhone (iOS 11.03) Spotify (ver 8.4.22.515)\n\n@SpotifyCares This one for sure: https://t.co/WmMIWfggAe\n\n@SpotifyCares Can’t play this artist either: https://t.co/DwDNBnUeDQ\n\n@SpotifyCares Sadly, it did not. Still won’t play."", ""spotify_reply"": ""@429920 Hi, help's arrived! What devices is this happening on? Also, what operating system and version of Spotify do you have? Keep us posted /JQ\n\n@429920 Thanks. Can you send us the Album Link? Have you noticed if it's happening with certain artists/albums/songs? /AY\n\n@429920 Got it. Try logging out &gt; restarting your devices &gt; logging back in. Does that make a difference? /AY\n\n@429920 Hmm. Could you DM us your account's email address or username? We'll take a closer look /AY https://t.co/ldFdZRiNAt""}, {""rank"": 3, ""similarity"": 0.439, ""customer_message"": ""@115888 I️ am a premium member and all of my music is downloaded to my phone. So, why won’t all of my artists show up in my artist file when I️ don’t have service?\n\n@SpotifyCares Yes that is correct.\n\n@SpotifyCares Yes, I️ can get you a pic. I️ have service now thought, so I️ am not having an issue at the moment."", ""spotify_reply"": ""@679181 Hey! Help's here. Just to confirm, are you referring to the artists of the tracks you've downloaded for offline listening? /CP\n\n@679181 Thanks for confirming. Can you send us a screenshot of how this looks like from your end? We'll take a look /CP\n\n@679181 We appreciate the heads up. Once you have the photo available, send it over so we can have a look. We'll keep an eye out for your update /CP""}]","Hey! Thanks for reporting this. Could you try restarting your device and testing on a fresh connection? If the issue continues, let us know your Spotify version /SC","@657957 Hey there! Can you let us know what's happening exactly with the album? We'll look into it /GS

@657957 We understand. To avoid mix-ups, here's the English version: https://t.co/Tt8lRd3C29. Hope this helps /GS",Clarify that the customer may have downloaded the wrong album version and provide the correct version.,
E141,@SpotifyCares Spotify pauses every fucking time I get on snapchat or get an notification from snapchat fix ittt :)),Account Access & Security,"[{""rank"": 1, ""similarity"": 0.79, ""customer_message"": ""@SpotifyCares Hi! I'm having issues with my spotify where it pauses randomly saying its being used elsewhere. Thanks ^^"", ""spotify_reply"": ""@346946 Hey there! Could you DM us your account's username and email address? We'll take a look backstage /DF https://t.co/ldFdZRiNAt""}, {""rank"": 2, ""similarity"": 0.589, ""customer_message"": ""@SpotifyCares ... and when I log into my spotify account on your website, it has a very old e-mail address of mine listed.  Service is running fine, but as stated in 1st tweet... something isn't in sync"", ""spotify_reply"": ""@236883 Hey there! We're here to help. Can you DM us your account's email address? We'll take a look under the hood /AN https://t.co/ldFdZRiNAt""}, {""rank"": 3, ""similarity"": 0.588, ""customer_message"": ""So annoyed at @SpotifyCares. I pay for Spotify premium but it says it's 'unable' to log me in with an email and password I know is correct 😡"", ""spotify_reply"": ""@201245 Hey Charlie! Can you DM us your account's email address and username? We'll take a look backstage /SU https://t.co/ldFdZRiNAt""}]",Hey! We'd love to help you get back into your account. Please drop us a DM with your account details and we'll take a closer look /SC https://t.co/ldFdZRiNAt,"@776956 Hi there! Can you tell us what specific device, operating system, and Spotify version you're using? We'll see what we can suggest /NH",Start with basic troubleshooting for playback pausing when Snapchat notifications occur.,
E142,@SpotifyCares Having trouble connecting my Student Spotify Premium account to Hulu. Think it's an email issue. Any help??,Account Access & Security,"[{""rank"": 1, ""similarity"": 0.777, ""customer_message"": ""So annoyed at @SpotifyCares. I pay for Spotify premium but it says it's 'unable' to log me in with an email and password I know is correct 😡"", ""spotify_reply"": ""@201245 Hey Charlie! Can you DM us your account's email address and username? We'll take a look backstage /SU https://t.co/ldFdZRiNAt""}, {""rank"": 2, ""similarity"": 0.699, ""customer_message"": ""@SpotifyCares I have been unable to login and not receiving email for password reset. PLEASE HELP. Other issues w playback, as well. TY"", ""spotify_reply"": ""@436954 Hi! We've replied to your DM. We'll carry on helping you there 🙂 /BX""}, {""rank"": 3, ""similarity"": 0.689, ""customer_message"": ""@SpotifyCares ... and when I log into my spotify account on your website, it has a very old e-mail address of mine listed.  Service is running fine, but as stated in 1st tweet... something isn't in sync"", ""spotify_reply"": ""@236883 Hey there! We're here to help. Can you DM us your account's email address? We'll take a look under the hood /AN https://t.co/ldFdZRiNAt""}]",Hey! We'd love to help you get back into your account. Please drop us a DM with your account details and we'll take a closer look /SC https://t.co/ldFdZRiNAt,@389698 Hi! Could you DM us your account's email address or username? We'll take a look backstage /AU https://t.co/ldFdZRiNAt,"Linking the Student Premium account to Hulu depends on account details, so support should investigate.",
E143,@115888 this is the 2nd time your app has removed all my downloaded music.. what am I paying for now I have to download everything,Playback & Technical Errors,"[{""rank"": 1, ""similarity"": 0.685, ""customer_message"": ""@115888 why has all of my music no long synced and download on my phone?"", ""spotify_reply"": ""@591755 Hi Abbie, that's not fun! Check out the steps under “Downloads unexpectedly removed” at https://t.co/38J7tFlIBF. Keep us posted /TY""}, {""rank"": 2, ""similarity"": 0.595, ""customer_message"": ""@SpotifyCares Im about to cancel your garbage app. Wont open &amp; when it does takes 4ever to load the song I want IF it even will play. Y$4it?"", ""spotify_reply"": ""@278994 Hi Jennifer. Don't worry, help's here. Can you tell us what device, operating system, and exact app version you're using? /JU""}, {""rank"": 3, ""similarity"": 0.586, ""customer_message"": ""WHY CANT I PLAYBACK A SONG  @115888 IM ALREADY USING A PREMIUM ACCOUNT I PAID MY DUES WHAT MORE DO YOU WANT I CANT TURN OFF THE SHUFFLE PLAY TOO"", ""spotify_reply"": ""@82094 Hi Beeby, the calvary's here! Can you DM us your account's email address or username? We'll take a look under the hood /ME https://t.co/ldFdZRiNAt""}]","Hey! Thanks for reporting this. Could you try restarting your device and testing on a fresh connection? If the issue continues, let us know your Spotify version /SC",@155912 Hey Thomas! Sorry to hear that. We'd suggest to check out the steps under “Downloads unexpectedly removed” at https://t.co/38J7tFlIBF. They should help with this /GN,Provide the established “downloads unexpectedly removed” troubleshooting steps.,
E144,"Hey @115888 and @115940, why did you cancel my Hulu premium student subscription through Spotify? I no longer have access to Hulu through my Spotify account!",Subscription & Billing Issues,"[{""rank"": 1, ""similarity"": 0.799, ""customer_message"": ""Hey @SpotifyCares my student account reverted to a regular premium account. I reauthorized as a student, now I can't access Hulu. Help."", ""spotify_reply"": ""@241231 Hey Lougi! Could you send us a DM with your account's email address or username? We'll take a look backstage /LO https://t.co/ldFdZR1cbT""}, {""rank"": 2, ""similarity"": 0.754, ""customer_message"": ""@SpotifyCares I'm having trouble connecting Spotify Premium for Students with Hulu. \""We’re having trouble authorizing your account with Spotify. Please contact Spotify support to help resolve this issue.\"" https://t.co/9aXqsrhB4l"", ""spotify_reply"": ""@711918 Hey Luke! We've sent a DM your way. We'll carry on helping you there /SJ""}, {""rank"": 3, ""similarity"": 0.666, ""customer_message"": ""@117153 I paid the premium Spotify account using Itunes, and my account is still free."", ""spotify_reply"": ""@562153 Hey Daniel, help's here! Can you DM us your account's username and email address? We'll take a look backstage /MQ https://t.co/ldFdZRiNAt""}]",Hi there! Sorry for the confusion with your Student discount. Please DM us your account email so we can verify your student status backstage and get your billing sorted /SC https://t.co/ldFdZRiNAt,@661807 Hi Jordan! Help's here. Can you DM us your account's username or email address? We'll check things backstage /MU https://t.co/ldFdZRiNAt,Loss of Hulu access through the Spotify student subscription needs account-level investigation.,
E145,@SpotifyCares I can't login to my account linked with Facebook. It keeps giving me an error.,Account Access & Security,"[{""rank"": 1, ""similarity"": 0.768, ""customer_message"": ""So annoyed at @SpotifyCares. I pay for Spotify premium but it says it's 'unable' to log me in with an email and password I know is correct 😡"", ""spotify_reply"": ""@201245 Hey Charlie! Can you DM us your account's email address and username? We'll take a look backstage /SU https://t.co/ldFdZRiNAt""}, {""rank"": 2, ""similarity"": 0.743, ""customer_message"": ""@SpotifyCares I have been unable to login and not receiving email for password reset. PLEASE HELP. Other issues w playback, as well. TY"", ""spotify_reply"": ""@436954 Hi! We've replied to your DM. We'll carry on helping you there 🙂 /BX""}, {""rank"": 3, ""similarity"": 0.712, ""customer_message"": ""@SpotifyCares Uh spotify, why did you just log me out then tell me my email doesn't exist when I try to reset my password?\n\n@SpotifyCares Your support team is slower than your programming monkeys - it was fixed by the time you responded."", ""spotify_reply"": ""@313095 Hey there! That's not cool. Can you DM us your account's email address or username? We'll take a look backstage /PB https://t.co/ldFdZRiNAt\n\n@313095 Sorry for the delay, but glad to hear it's working. Let us know if you need anything else. We'd be happy to help /PB""}]",Hey! We'd love to help you get back into your account. Please drop us a DM with your account details and we'll take a closer look /SC https://t.co/ldFdZRiNAt,"@720725 Hey Zoë! Don't worry, we can help. Could you DM us your account's email address? We'll take a look under the hood /KB https://t.co/ldFdZRiNAt","The Facebook-linked login is failing, so account access support is needed.",
E146,@SpotifyCares Spotify account reverted back to an old version. Lost all playlists and songs I’ve built over the last two months.,Account Access & Security,"[{""rank"": 1, ""similarity"": 0.811, ""customer_message"": ""@SpotifyCares You guys deleted all my playlists when I asked you to disconnect all the extra devices that were using all my accounts.. I've been building those for five years. Please fix!\n\n@SpotifyCares and you downgraded my account in the process.. no email response, just completely reset my account.. ridiculous!!!"", ""spotify_reply"": ""@709746 Hey Nathan! Help's here. Could you DM us your account's username or email address? We'll take a look backstage /TM https://t.co/ldFdZRiNAt""}, {""rank"": 2, ""similarity"": 0.716, ""customer_message"": ""Hey @115888 - I still don’t have access to my Spotify account after submitting information 10 months ago... can we fix this?"", ""spotify_reply"": ""@364803 Hi Cheyanne, help's here. Can you DM us your account's email address? We'll check backstage and see what we can suggest /NY https://t.co/ldFdZRiNAt""}, {""rank"": 3, ""similarity"": 0.714, ""customer_message"": ""@SpotifyCares ... and when I log into my spotify account on your website, it has a very old e-mail address of mine listed.  Service is running fine, but as stated in 1st tweet... something isn't in sync"", ""spotify_reply"": ""@236883 Hey there! We're here to help. Can you DM us your account's email address? We'll take a look under the hood /AN https://t.co/ldFdZRiNAt""}]",Hey! We'd love to help you get back into your account. Please drop us a DM with your account details and we'll take a closer look /SC https://t.co/ldFdZRiNAt,@667854 Hey! Can you DM us your account's email address? We'll see what we can suggest /CB https://t.co/ldFdZRiNAt,"The account lost playlists and saved songs after reverting, so recovery needs account-specific investigation.",
E147,@115888 since last week I've had 5 payments pending in my account. That's 60 dollars you have. When will it get refunded???,Account Access & Security,"[{""rank"": 1, ""similarity"": 0.495, ""customer_message"": ""@115888 hello I believe my account has been compromised"", ""spotify_reply"": ""@233791 Hey Fred, help's here! Could you DM us your account's email address and username? We'll take a look backstage /CG https://t.co/ldFdZRiNAt""}, {""rank"": 2, ""similarity"": 0.465, ""customer_message"": ""@SpotifyCares how do I get onto an account that has premium but I have no access to? Or cancel it?"", ""spotify_reply"": ""@777590 Hey Abbie! We've just sent you a bit more info over DM. We'll carry on helping out there /DD""}, {""rank"": 3, ""similarity"": 0.464, ""customer_message"": ""@115888 someone is hacking my account; Why can't I readily find a support phone # or email to fix it? It's shitty and you know it."", ""spotify_reply"": ""@364275 1: Hi JoAnne! Sorry to hear that. We don't have phone support right now, but we'll be glad to help you via Twitter. You can also get... /AU\n\n@364275 2: in touch with our Email team at https://t.co/XGIC7aZtMa. Let us know how you'd like to proceed /AU""}]",Hey! We'd love to help you get back into your account. Please drop us a DM with your account details and we'll take a closer look /SC https://t.co/ldFdZRiNAt,@798425 Hi! We've just replied to your DM. Let's continue chatting there /JL,Multiple pending payments totaling $60 need billing investigation and refund handling.,
E148,"@115888 My account got hacked fam, help ya boy out. Used same account since 2013, you don't understand how heartbroken I am😢

@115888 @SpotifyCares",Account Access & Security,"[{""rank"": 1, ""similarity"": 0.749, ""customer_message"": ""@115888 hello I believe my account has been compromised"", ""spotify_reply"": ""@233791 Hey Fred, help's here! Could you DM us your account's email address and username? We'll take a look backstage /CG https://t.co/ldFdZRiNAt""}, {""rank"": 2, ""similarity"": 0.738, ""customer_message"": ""id::93__credit_card__:@SpotifyCares My account was hacked/compromised. I’ve regained access and changed my password but I noticed there w"", ""spotify_reply"": ""@224361 Hey there! Looks like your tweet is incomplete. Can you resend that for us? We'll be here waiting /RB""}, {""rank"": 3, ""similarity"": 0.712, ""customer_message"": ""@SpotifyCares my account has been hijacked and they also changed my email. I just reset my password tho and I hope it won’t happen again. I’m a premium user so please take this as a serious matter now that I know some ppl are complaining the same."", ""spotify_reply"": ""@442196 Hey there! We're sorry to hear that. Could you send us your account's username or email address via DM? We'll take a look backstage /LP https://t.co/ldFdZR1cbT""}]",Hey there! We take account security very seriously. Please send us a DM right away with your account's email address or username so our team can help secure and recover your account /SC https://t.co/ldFdZRiNAt,"@378503 Hey, we’re sorry to hear that. Check out https://t.co/QHn3ok8y2n for what to do next /NQ",A hacked account requires secure recovery assistance.,
E149,@SpotifyCares is it common for songs to be removed by you from my playlists? Looks like it’s been removed from your catalogue too,Playlist & Library Management,"[{""rank"": 1, ""similarity"": 0.663, ""customer_message"": ""@115888 you were the best app ever UNTIL.... you took away where you hold down and you can listen to a little of the song. Now idk what to really add to my playlists.. BRING IT BACK PLEASE!!!!!! #SpotifyMusic"", ""spotify_reply"": ""@760225 Hey! We have more info about this here: https://t.co/pXBCq8GlsI. Give us a shout if you have any questions /AK""}, {""rank"": 2, ""similarity"": 0.654, ""customer_message"": ""@117153 - How 2 delete a song from a playlist, when  hearing the playlist.. ?"", ""spotify_reply"": ""@393471 Hi there! You can edit your playlists with ease. We have some more info on this for you here at: https://t.co/a38Mc2DlCx 🙂 /JI""}, {""rank"": 3, ""similarity"": 0.636, ""customer_message"": "":'-(\n\n@SpotifyCares let me know when you remove your frustrating 10k song library limit.\n\nhttps://t.co/vANgjQflxL"", ""spotify_reply"": ""@818249 Hey Nick! We don’t have any new info about this, but we’ll remind the team it’s a popular request. You can also show your support for the idea at https://t.co/a9TZL1Dqp6. We're sad to see you go - if you need us, we're just a tweet away /RK""}]",Hey! We're here to help with your music collection. Let us know what device you're using and what specifically you'd like to adjust in your playlists! /SC,"@552276 Hey there! Sometimes content is temporarily removed due to licensing, but we hope to have it back soon: https://t.co/VMrgnGpB4G /GK",Explain that songs can disappear from playlists when licensing changes affect their catalog availability.,
E150,"@SpotifyCares i️ have a billing question

@SpotifyCares i️ signed up for hulu + spotify student discount. spotify took out $4.99 as agreed but hulu took their full portion out. did i️ miss a step?",Subscription & Billing Issues,"[{""rank"": 1, ""similarity"": 0.741, ""customer_message"": ""Hey @SpotifyCares my student account reverted to a regular premium account. I reauthorized as a student, now I can't access Hulu. Help."", ""spotify_reply"": ""@241231 Hey Lougi! Could you send us a DM with your account's email address or username? We'll take a look backstage /LO https://t.co/ldFdZR1cbT""}, {""rank"": 2, ""similarity"": 0.704, ""customer_message"": ""@SpotifyCares I'm having trouble connecting Spotify Premium for Students with Hulu. \""We’re having trouble authorizing your account with Spotify. Please contact Spotify support to help resolve this issue.\"" https://t.co/9aXqsrhB4l"", ""spotify_reply"": ""@711918 Hey Luke! We've sent a DM your way. We'll carry on helping you there /SJ""}, {""rank"": 3, ""similarity"": 0.694, ""customer_message"": ""@SpotifyCares hi i tried paying for Spotify premium on the 99p offer but some how its disappeared when i went to subscribe"", ""spotify_reply"": ""@252760 Hi there! Can you DM us your account's email address or username? We'll take a look backstage /NQ https://t.co/ldFdZRiNAt""}]",Hi there! Sorry for the confusion with your Student discount. Please DM us your account email so we can verify your student status backstage and get your billing sorted /SC https://t.co/ldFdZRiNAt,"@486619 Hey, fire away! We're here to help /RH

@486619 Can you DM us your account's email address or username? We'll take a look backstage /RH https://t.co/ldFdZRiNAt","The Hulu/Spotify student billing arrangement appears incorrect, so the account and charges need to be checked.",
E151,"@SpotifyCares Someone's been hacking my spotify.  I finally Rick-rolled him... but would be great if there was some punishment for Mahamed Bouchaar (GT-190601)

@SpotifyCares Yup... already did that.  So far, he's gone.  Love you to shut down that dudes account!",Account Access & Security,"[{""rank"": 1, ""similarity"": 0.665, ""customer_message"": ""@SpotifyCares my account has been hijacked and they also changed my email. I just reset my password tho and I hope it won’t happen again. I’m a premium user so please take this as a serious matter now that I know some ppl are complaining the same."", ""spotify_reply"": ""@442196 Hey there! We're sorry to hear that. Could you send us your account's username or email address via DM? We'll take a look backstage /LP https://t.co/ldFdZR1cbT""}, {""rank"": 2, ""similarity"": 0.656, ""customer_message"": ""@SpotifyCares Uh spotify, why did you just log me out then tell me my email doesn't exist when I try to reset my password?\n\n@SpotifyCares Your support team is slower than your programming monkeys - it was fixed by the time you responded."", ""spotify_reply"": ""@313095 Hey there! That's not cool. Can you DM us your account's email address or username? We'll take a look backstage /PB https://t.co/ldFdZRiNAt\n\n@313095 Sorry for the delay, but glad to hear it's working. Let us know if you need anything else. We'd be happy to help /PB""}, {""rank"": 3, ""similarity"": 0.647, ""customer_message"": ""@SpotifyCares I need to cancel my account but my email was hacked and i don't have access to it and I don't want to keep being charged.\n\n@SpotifyCares I have already done that and no one has gotten in touch with me. Like I said, I won't receive emails in the hacked account\n\n@SpotifyCares That is the same contact method as I’ve already done. No one has contacted me back."", ""spotify_reply"": ""@339707 Hi there! We’re sorry to hear that. Check out https://t.co/QHn3ok8y2n for what to do next. Let us know if we can help with anything else /GN\n\n@339707 Thanks for letting us know. We'd suggest contacting our Support team directly at https://t.co/ZgU70TbP8M. Any questions, give us a shout /GN\n\n@339707 Can you DM us the email address you entered on the contact form? We'll take a look backstage /LM https://t.co/ldFdZRiNAt""}]",Hey there! We take account security very seriously. Please send us a DM right away with your account's email address or username so our team can help secure and recover your account /SC https://t.co/ldFdZRiNAt,"@632016 Hey Ky! We’re sorry to hear that. We'd suggest checking out https://t.co/QHn3ok8y2n for what to do next /FR

@632016 1: This is something for our Accounts team. To get in touch with them, just go to our contact form here: https://t.co/EQsHGd5NCy and...

@632016 2: select Logging in &gt; I can't log in to Spotify &gt; I STILL NEED HELP /FR","The account was compromised and the customer wants action against the unauthorized user, so this needs the Accounts team.",
E152,@SpotifyCares why does all of my saved music just un-download sometimes,Playback & Technical Errors,"[{""rank"": 1, ""similarity"": 0.715, ""customer_message"": ""@SpotifyCares #Spotify Im a premium sub and app routinely deletes all music for no reason. 3rd time this month, been happening for years"", ""spotify_reply"": ""@528039 Hey! Can you DM us your account's email address? We'll take a quick look backstage /CB https://t.co/ldFdZRiNAt""}, {""rank"": 2, ""similarity"": 0.709, ""customer_message"": ""@SpotifyCares I have lost all offline tracks (AGAIN) but have 6GB of spotify files stuck on SD Card that won't delete after uninstall. Help\n\n@SpotifyCares Ok thanks, I will give it a go."", ""spotify_reply"": ""@469696 Hey, sorry to hear that. Check out the steps under “Downloads unexpectedly removed” at https://t.co/38J7tFlIBF. They should help out /NY\n\n@469696 Cool! Just keep us in the loop if anything comes your way. We'll be right here waiting /NY""}, {""rank"": 3, ""similarity"": 0.706, ""customer_message"": ""@SpotifyCares I opened up Spotify last night and a bunch of artists/albums I had saved to my Library are completely missing, including ones downloaded to my iPhone 8 Plus. Can someone help me out?\n\n@SpotifyCares It happened to albums that were downloaded and undownloaded. For example, I had every Relient K album saved in my library, but not all of them were downloaded to my phone. When I opened Spotify all but one of their albums were not in my Library anymore\n\n@SpotifyCares Well it looks like they’re all back, but the downloads are still removed.\nThis same thing happened with Israel &amp; New Breed, and 2x4\n\n@SpotifyCares Sure!"", ""spotify_reply"": ""@252768 Hey there! What's happening exactly? Are they greyed out or only undownloaded? If you could send us a screenshot, that'd be super helpful. We'll take a closer look /AP\n\n@252768 Thanks for letting us know. Can you also DM us your account's username or email address? We'll take a look backstage /MS""}]","Hey! Thanks for reporting this. Could you try restarting your device and testing on a fresh connection? If the issue continues, let us know your Spotify version /SC","@748249 Hey Rachel! We're sorry to hear that. Don't worry, following the steps under “Downloads unexpectedly removed” at https://t.co/38J7tFlIBF should help with this. Let us know if you have any questions /KB",Provide the standard troubleshooting steps for unexpectedly removed downloads.,
E153,"@115888 is constantly pausing and/or skipping my songs. 
I am not having fun today.",Playback & Technical Errors,"[{""rank"": 1, ""similarity"": 0.738, ""customer_message"": ""My @115888  is acting up and im just tryna listen to my music in peace"", ""spotify_reply"": ""@823053 Hey, that's not cool! Can you tell us what's happening exactly? We'll see what we can suggest /CH""}, {""rank"": 2, ""similarity"": 0.605, ""customer_message"": ""Is anyone else’s @115888 down??\n\n@SpotifyCares Thank for checking in and responding guys! Really appreciate it!"", ""spotify_reply"": ""@806625 Hey! We were off beat for a second, but we’re back on track now (excuse the puns) /JE\n\n@806625 You're welcome! Let us know if you ever need us again. We'd be... https://t.co/LgAM6ky9Vv 💚 /BP""}, {""rank"": 3, ""similarity"": 0.574, ""customer_message"": ""@115888 why has all of my music no long synced and download on my phone?"", ""spotify_reply"": ""@591755 Hi Abbie, that's not fun! Check out the steps under “Downloads unexpectedly removed” at https://t.co/38J7tFlIBF. Keep us posted /TY""}]","Hey! Thanks for reporting this. Could you try restarting your device and testing on a fresh connection? If the issue continues, let us know your Spotify version /SC","@818537 Hey there! What device, operating system, and Spotify version are you using? We'll see what we can suggest /RB",Start with standard troubleshooting for repeated pausing and skipping.,
E154,"@115888 so sick and tired of waiting on a refund. Over 35 emails, their replies make no sense and they DON’T listen to my ways to solve it!

@SpotifyCares Recommend what exactly? It’s it’s been escalated and I’ve given them a solution and they ignore me. I WANT MY MONEY!

@SpotifyCares I gave them the info they needed over a week ago. I even gave them an alternative solution. Tired of the BS! I NEED MY $80

@SpotifyCares I have got back with them several time lately and I get nothing! This is ridiculous! How hard is it to issue a refund?? This company sucks!!

@SpotifyCares Yeah they got back to me and said I would have to wait another 14 days to get my refund! THIS COMPANY SUCKS!!

@SpotifyCares I’ve tried that and I get nowhere. They don’t address my issues and ignore what I say. You aren’t doing anything to help either.

@SpotifyCares I have heard from them and now they tell me it’s going to take 14 business days to get my refund. This is total bullshit!! U suck!

@SpotifyCares No they aren’t. They don’t care and neither do you",Subscription & Billing Issues,"[{""rank"": 1, ""similarity"": 0.673, ""customer_message"": ""@SpotifyCares My premium subscription offer from Rogers expires today and they can not answer any questions about keeping my account and my music with you\n\n@SpotifyCares I sent several emails to Spotify support on my problem- no response???"", ""spotify_reply"": ""@273120 Hey there! Sorry for the delay. We've just replied to your DM. Let's continue chatting there /JP""}, {""rank"": 2, ""similarity"": 0.63, ""customer_message"": ""@SpotifyCares my premium account has been paused yet you’re still taking money out of my account? Shocking, can this be fixed?!"", ""spotify_reply"": ""@601110 Hey Ellice! We're sorry you feel that way. We've just sent you a bit more info over DM. We'll carry on helping out there /CP""}, {""rank"": 3, ""similarity"": 0.627, ""customer_message"": ""@SpotifyCares for some reason I’ve been charged 3 times this month can you please help ?"", ""spotify_reply"": ""@801263 Hey! Don't worry, we can help. Can you DM us your account's email address? We'll check under the hood /NY https://t.co/ldFdZRiNAt""}]",Hi! We definitely want to make sure you're billed correctly. Please send us a DM with your account email address and we'll check your payment history backstage /SC https://t.co/ldFdZRiNAt,"@381791 Hey Angela! It looks like our Email Support team have sent you a message. We'd recommend getting back to them for more help with this /C

@381791 We understand. It looks like they've asked for some info. Replying with this should get the ball rolling. Let us know how you get on /C

@381791 We're sorry you feel this way. To look into this further, just get back to the team with the info they've requested. They should help /C

@381791 1: We understand your frustration. Rest assured, the team via email will be able to assist. If you've responded to them again...

@381791 2: recently, they'll be in touch again soon to help you resolve this /T

@381791 We're sorry you feel that way. We'd suggest continuing to talk to them via email about this to keep correspondence in one place /T

@381791 1: Rest assured, the team will be happy to help. We recommend replying to the Support team's email about this.

@381791 2: Give us the head's up when you have, and we'll be sure to get this chased up /K

@381791 1: We're sorry for the delay. Rest assured, your refund will be returning to you within 14 business days

@381791 2: We recommend replying to the email the Support team sent you if you have any questions. They're here to help /K","The refund is severely delayed despite repeated contact, so this needs human ownership and follow-up.",The historical replies repeatedly redirected the customer back to email even after they explained that email support was already failing them.
E155,"Why pay for @115888 when it wont let me log on !!!!!!

@SpotifyCares I got logged out and now when i try to log back in, it say i am experiancing problems try later",Account Access & Security,"[{""rank"": 1, ""similarity"": 0.753, ""customer_message"": ""So annoyed at @SpotifyCares. I pay for Spotify premium but it says it's 'unable' to log me in with an email and password I know is correct 😡"", ""spotify_reply"": ""@201245 Hey Charlie! Can you DM us your account's email address and username? We'll take a look backstage /SU https://t.co/ldFdZRiNAt""}, {""rank"": 2, ""similarity"": 0.708, ""customer_message"": ""@SpotifyCares Uh spotify, why did you just log me out then tell me my email doesn't exist when I try to reset my password?\n\n@SpotifyCares Your support team is slower than your programming monkeys - it was fixed by the time you responded."", ""spotify_reply"": ""@313095 Hey there! That's not cool. Can you DM us your account's email address or username? We'll take a look backstage /PB https://t.co/ldFdZRiNAt\n\n@313095 Sorry for the delay, but glad to hear it's working. Let us know if you need anything else. We'd be happy to help /PB""}, {""rank"": 3, ""similarity"": 0.688, ""customer_message"": ""@SpotifyCares I have been unable to login and not receiving email for password reset. PLEASE HELP. Other issues w playback, as well. TY"", ""spotify_reply"": ""@436954 Hi! We've replied to your DM. We'll carry on helping you there 🙂 /BX""}]",Hey! We'd love to help you get back into your account. Please drop us a DM with your account details and we'll take a closer look /SC https://t.co/ldFdZRiNAt,"@604205 Hey Rebecca, help's here! Could you send us some details about what's happening, along with any error messages you're seeing? /MQ

@604205 Hmm, that's odd. Can you DM us your account's email address and username? We'll take a look backstage /MQ https://t.co/ldFdZRiNAt","The customer cannot log back into a paid account, so account recovery and access need human support.",
E156,"I just got 30 minutes of ad free music on @115888 and i listened to 1 song, changed the playlist, AND GOT AN AD. This is the reason i have trust issues

@SpotifyCares No

@SpotifyCares Yes",Account Access & Security,"[{""rank"": 1, ""similarity"": 0.622, ""customer_message"": ""@SpotifyCares ... and when I log into my spotify account on your website, it has a very old e-mail address of mine listed.  Service is running fine, but as stated in 1st tweet... something isn't in sync"", ""spotify_reply"": ""@236883 Hey there! We're here to help. Can you DM us your account's email address? We'll take a look under the hood /AN https://t.co/ldFdZRiNAt""}, {""rank"": 2, ""similarity"": 0.616, ""customer_message"": ""Hey @115888 - I still don’t have access to my Spotify account after submitting information 10 months ago... can we fix this?"", ""spotify_reply"": ""@364803 Hi Cheyanne, help's here. Can you DM us your account's email address? We'll check backstage and see what we can suggest /NY https://t.co/ldFdZRiNAt""}, {""rank"": 3, ""similarity"": 0.601, ""customer_message"": ""So annoyed at @SpotifyCares. I pay for Spotify premium but it says it's 'unable' to log me in with an email and password I know is correct 😡"", ""spotify_reply"": ""@201245 Hey Charlie! Can you DM us your account's email address and username? We'll take a look backstage /SU https://t.co/ldFdZRiNAt""}]",Hey! We'd love to help you get back into your account. Please drop us a DM with your account details and we'll take a closer look /SC https://t.co/ldFdZRiNAt,"@514332 Hi Sarah, that doesn't sound good! Did the app crash at any point during the 30 minutes? That can cause the ad-free time to reset /ME

@514332 Thanks. Just to check, did you watch the video ad that grants you 30 minutes ad-free listening in full after hearing the offer? /ME

@514332 That's strange. We'll get this passed on to our devs so they can look into it. Give us a shout if you need anything else /ME","The 30-minute ad-free period failed despite the customer confirming there was no crash and that the video was watched, so it needs investigation.","The historical reply handled the initial troubleshooting reasonably, but escalation to the developers came only after several checks."
E157,@115888 WHY TF AIN'T TAKE CARE ON SPOTIFY ANYMORE. I WAS JUST LISTENING TO THIS SHIT YESTERDAY,Content Availability & Licensing,"[{""rank"": 1, ""similarity"": 0.679, ""customer_message"": ""@115888 where is 'Reputation'?! https://t.co/fc04Wpbakl\n\n@SpotifyCares I already have heard them.. I want to listen to the album\n\n@SpotifyCares I hope so"", ""spotify_reply"": ""@665442 Taylor Swift's 'Reputation' isn't available to stream just yet – stay tuned! For now, check out the singles: https://t.co/3h0TnPWP0c /DF\n\n@665442 Fingers crossed we'll be able to have it soon! Don't worry, we'll pass your feedback on to the team /KM\n\n@665442 We'll do our best to have it available to you and other listeners. If there's anything else, just let us know! /KM""}, {""rank"": 2, ""similarity"": 0.609, ""customer_message"": ""@115888 It would be great to have Tool's music in Spotify"", ""spotify_reply"": ""@719570 Hey, we'd love to have them on Spotify! Hopefully we will in the future. Check this out: https://t.co/MEjmIRL2eB /AR""}, {""rank"": 3, ""similarity"": 0.609, ""customer_message"": ""@115888 where is perfect velvet\n\n@SpotifyCares u see @15672 they are waiting for u"", ""spotify_reply"": ""@738041 Hey there! Fingers crossed we'll be able to have it soon, but there's info about Spotify content here: https://t.co/0i8GpimuDa /JT""}]","Hey! We're always working with artists and labels to bring as much music to Spotify as possible, but availability can vary due to licensing. We hope to have it available soon! /SC","@729398 Hey there! Not to worry, you can find that Drake album here: https://t.co/vzWbxC013c. Let us know if you have any trouble getting those tunes flowing /TO",Explain that Take Care is available through the provided album link and help the customer access it.,
E158,"@SpotifyCares cannot log into my Spotify account, I’m not even receiving email to reset password so I’m assuming I’ve been hacked",Account Access & Security,"[{""rank"": 1, ""similarity"": 0.862, ""customer_message"": ""So annoyed at @SpotifyCares. I pay for Spotify premium but it says it's 'unable' to log me in with an email and password I know is correct 😡"", ""spotify_reply"": ""@201245 Hey Charlie! Can you DM us your account's email address and username? We'll take a look backstage /SU https://t.co/ldFdZRiNAt""}, {""rank"": 2, ""similarity"": 0.861, ""customer_message"": ""@SpotifyCares my account has been hijacked and they also changed my email. I just reset my password tho and I hope it won’t happen again. I’m a premium user so please take this as a serious matter now that I know some ppl are complaining the same."", ""spotify_reply"": ""@442196 Hey there! We're sorry to hear that. Could you send us your account's username or email address via DM? We'll take a look backstage /LP https://t.co/ldFdZR1cbT""}, {""rank"": 3, ""similarity"": 0.836, ""customer_message"": ""@SpotifyCares I have been unable to login and not receiving email for password reset. PLEASE HELP. Other issues w playback, as well. TY"", ""spotify_reply"": ""@436954 Hi! We've replied to your DM. We'll carry on helping you there 🙂 /BX""}]",Hey there! We take account security very seriously. Please send us a DM right away with your account's email address or username so our team can help secure and recover your account /SC https://t.co/ldFdZRiNAt,"@215681 Hey Darryl, we've come to the rescue! Could you DM us your account's username or email address? We'll check backstage /RE","The customer cannot reset the password and suspects hacking, so secure account recovery is required.",
E159,@SpotifyCares hi there i wanted to take up the new 3month deal for $14.99 but it won't let me even though i haven't had premium for months,Subscription & Billing Issues,"[{""rank"": 1, ""similarity"": 0.756, ""customer_message"": ""@117153 hi, i already paid for 3 months, and i only have one account of spotify. But, why my premium account doesn’t work?, thank you"", ""spotify_reply"": ""@552159 Hey, help's here! Can you DM us your account's email address? We'll take a look backstage /JN https://t.co/ldFdZRiNAt""}, {""rank"": 2, ""similarity"": 0.742, ""customer_message"": ""@SpotifyCares Hi for some strange reason i was charged 14.99 for premium and headspace this month, i havent changed anything and all previous months it has been 4.99 as i am a student. I have changed it back to student now but dont know why it had changed?"", ""spotify_reply"": ""@679173 Hi Owen! That doesn't sound good. Can you DM us your account's username or email address? We'll take a look under the hood /DN https://t.co/ldFdZRiNAt""}, {""rank"": 3, ""similarity"": 0.731, ""customer_message"": ""@SpotifyCares hi i tried paying for Spotify premium on the 99p offer but some how its disappeared when i went to subscribe"", ""spotify_reply"": ""@252760 Hi there! Can you DM us your account's email address or username? We'll take a look backstage /NQ https://t.co/ldFdZRiNAt""}]","Hey there! Thanks for sharing your thoughts on our ads. We always want to provide a great listening experience, so we'll make sure our Ads team receives your feedback /SC","@160407 Hi there! Can you DM us your account's email address or username, along with a screenshot of what you're seeing? We'll take a look backstage /NQ https://t.co/ldFdZRiNAt","The customer cannot take a promotional Premium offer despite being eligible, so account eligibility should be checked.",
E160,"Hi @115888, just letting you know the tracklisting on the Damien Dempsey 'best of' album is incorrect. 😉

@SpotifyCares https://t.co/8Hd3UrnrOW. Yeh the names just don't match up. One example is the song 'Teachers' is actually called 'Serious'.

@SpotifyCares That being said not all names are incorrect...",Content Availability & Licensing,"[{""rank"": 1, ""similarity"": 0.607, ""customer_message"": ""My artist name is not showing up correctly on Spotify, how can we fix that? @SpotifyCares"", ""spotify_reply"": ""@614812 Hey there! You'll need to reach out to your distributor to get this fixed up. There's some more info here: https://t.co/wljA2WvAjK /SU""}, {""rank"": 2, ""similarity"": 0.601, ""customer_message"": ""@115888 Hi all, thought you'd like to correct your bio on @95529 from \""White\"" to 'Wise'\n\n@SpotifyCares It's nothing to do with the platform of which I'm using, you've not put the correct surname for the artist that I've tagged."", ""spotify_reply"": ""@340612 Hey there! What's happening exactly? Could you let us know the device/OS you're using? We'll see what we can suggest /DF\n\n@340612 Thanks. We'll get this reported. Great detective work! https://t.co/LpsmyUtme0 /""}, {""rank"": 3, ""similarity"": 0.471, ""customer_message"": "". @115888 you got me confused. For a split second I wondered why @30368 and @22339 's song was titled Camila Cabello - Havana https://t.co/TYWqjesr45\n\n@SpotifyCares Restarted phone and connections. Still the same. I dont mind tho, just found it funny. https://t.co/UEeFm3cjGF\n\n@SpotifyCares  https://t.co/ERLxIw0uMA\n\n@SpotifyCares 5.1 and I think this is the 2nd time it happened or was aware of\n\n@SpotifyCares Thank you"", ""spotify_reply"": ""@205702 Hi there! Does restarting your device and your connection help? Which Spotify version are you using? /NQ\n\n@205702 Which Android version does your device currently have? Also, is this happening often? /NQ\n\n@205702 Hmm. It's not ideal, but the exact steps here should help out: https://t.co/EqisDMwZAT /NQ\n\n@205702 You're welcome! In case you have other concerns, don't hesitate to get back in touch. We're always... https://t.co/zOXI69QSqg /TM""}]",Hi! Thanks for pointing this out. We'll pass this metadata issue on to our Content Operations team so they can review and correct the track attribution /SC,"@298149 Hey there! What's happening exactly? Can you send us the album's URI or link? We'll take a look backstage /PB

@298149 Thanks. We'll get this reported. Great detective work! https://t.co/LpsmyUtme0 /PB",Acknowledge the incorrect tracklisting and confirm that the metadata problem has been reported.,
E161,"When y'all gonna lift this stupid 3,333 songs download limit? @115888",Feature Requests & Device Support,"[{""rank"": 1, ""similarity"": 0.537, ""customer_message"": ""@115888 why can't I block explicit songs??"", ""spotify_reply"": ""@563001 Hi! It's not possible right now. To help make it happen, we’d recommend showing your support for the idea here: https://t.co/CdI1SY9KZE /PB""}, {""rank"": 2, ""similarity"": 0.456, ""customer_message"": ""@115888 Please bring Spotify to #BlackBerry10"", ""spotify_reply"": ""@254216 Hey there! We hear you loud and clear. We can’t make any promises but we’ll pass your feedback onto the right folks /NQ""}, {""rank"": 3, ""similarity"": 0.454, ""customer_message"": ""@115888 @9743 can you show all of the lyrics with every song?"", ""spotify_reply"": ""@582367 Hey! This isn't currently possible, but we appreciate the feedback. We'll let the right team know it's something you'd like to see /AR""}]","Hey! The current offline limit is 3,333 songs per device on up to 3 devices. You can add your vote to the request to increase this limit on the Spotify Community Idea Exchange! /SC",@397729 Hey Leroy! We can see how that’d be useful! You can vote for the official idea here: https://t.co/Z9OErWpTNz. Stay awesome /ND,Acknowledge the download-limit request and provide the official voting/feedback option.,
E162,"@115888 can you please add a ""mix-button""? So you can mix the songs on you're playlist?

@SpotifyCares I want A ""mix-button"" so the songs mix in your playlist. It's very tuff to change all the song by your shelf. It takes a long time.

@SpotifyCares I mean so places of the songs changes. Do you understand?

@SpotifyCares I mean that all the songs mixes when you press the ""mix-Burton"". It takes A long time to move them around by you Shelf.

@SpotifyCares Button*

@SpotifyCares I want A Button you press and then all the songs on your playlist change places randomly.",Playlist & Library Management,"[{""rank"": 1, ""similarity"": 0.627, ""customer_message"": ""Dear @115888 - it would be super handy if we could edit the order of songs in playlists on phones... https://t.co/ZOLl1uzl0H\n\n@SpotifyCares THANK YOU!!  👏🏻💃🏼👏🏻"", ""spotify_reply"": ""@406580 Hi Amanda! You can sort the songs in your playlists by following our guide here: https://t.co/5hjtm5AdqM /AU\n\n@406580 You're welcome! Let us know if you ever need us again. We'd be... https://t.co/LgAM6ky9Vv 🙂 /AU""}, {""rank"": 2, ""similarity"": 0.572, ""customer_message"": ""@SpotifyCares are you able to rearrange track order within playlists on mobile (Android)?"", ""spotify_reply"": ""@252240 Hey there! We're afraid this isn't possible right now, but we'll let the right team know it's something you'd like to see /NQ""}, {""rank"": 3, ""similarity"": 0.548, ""customer_message"": ""@SpotifyCares why can't i change  the cover/description of my playlists?? it seems like everyone else can but me?? 😔\n\n@SpotifyCares yes!\n\n@SpotifyCares 1.0.20.101"", ""spotify_reply"": ""@296358 Hi there! Just to check, are you using the desktop app to change your playlist cover: https://t.co/aGZZKzSM3w? /RE\n\n@296358 Thanks for the info. Can you let us know the Spotify version you're using? We'll see what we can suggest /RE\n\n@296358 Got it. Could you check if there's any update for your Spotify app: https://t.co/HtMvdO0PgI? Let us know how you get on /RE""}]",Hey! We're here to help with your music collection. Let us know what device you're using and what specifically you'd like to adjust in your playlists! /SC,"@141280 Hey Vincent, help has arrived! Can you tell us exactly what you'd like to do? We'll see what we can suggest /RK

@141280 Got it! If you're on Premium, you can play your awesome tunes randomly by turning on the shuffle button. Check out this link on how to find it, and more ways to play your awesome tunes: https://t.co/Um7DQ7RV6o. Hope this helps /LS

@141280 Sorry for the confusion!  If you want to sort the songs in your playlist, you can find the steps here: https://t.co/5hjtm5AdqM. Is this what you were looking for? /LS

@141280 Hmm. To make sure we're on the same page, do you want to sort your songs in a specific order? /LS

@141280 Thanks! We’d recommend suggesting it in our Community where you can get support from other fans: https://t.co/WgY7GXI7jf. Feel free to send a tweet our way if you ever need any help with anything else 👍 /LS","Clarify what the customer means by a mix button, explain existing shuffle/sort options, and acknowledge the feature request.",The historical conversation was somewhat confusing because support initially misunderstood the requested feature before clarifying it.
E163,"Dear @SpotifyCares - my desktop application is constantly offline despite strong internet connection. How do I connect? @117168

@SpotifyCares Intel Xeon CPU, Windows 7 Enterprise, Spotify 1.0.66.478.g1296534d (not sure where I check version)

@SpotifyCares Nope - nothing helps. I reinstalled and it worked briefly, but no longer.

@SpotifyCares Work, non-public hard line

@SpotifyCares Happy to do this faster off Twitter too - knittelf(at)https://t.co/h2mmwrcQpE",Account Access & Security,"[{""rank"": 1, ""similarity"": 0.577, ""customer_message"": ""@SpotifyCares ... and when I log into my spotify account on your website, it has a very old e-mail address of mine listed.  Service is running fine, but as stated in 1st tweet... something isn't in sync"", ""spotify_reply"": ""@236883 Hey there! We're here to help. Can you DM us your account's email address? We'll take a look under the hood /AN https://t.co/ldFdZRiNAt""}, {""rank"": 2, ""similarity"": 0.551, ""customer_message"": ""@SpotifyCares Hi! I'm having issues with my spotify where it pauses randomly saying its being used elsewhere. Thanks ^^"", ""spotify_reply"": ""@346946 Hey there! Could you DM us your account's username and email address? We'll take a look backstage /DF https://t.co/ldFdZRiNAt""}, {""rank"": 3, ""similarity"": 0.525, ""customer_message"": ""So annoyed at @SpotifyCares. I pay for Spotify premium but it says it's 'unable' to log me in with an email and password I know is correct 😡"", ""spotify_reply"": ""@201245 Hey Charlie! Can you DM us your account's email address and username? We'll take a look backstage /SU https://t.co/ldFdZRiNAt""}]",Hey! We'd love to help you get back into your account. Please drop us a DM with your account details and we'll take a closer look /SC https://t.co/ldFdZRiNAt,"@393346 Hey there! Can you let us know your device's make/model, operating system, and Spotify version? We'll see what we can suggest /GT

@393346 Thanks. Does logging out, restarting your computer, and logging back in help? Keep us posted /GT

@393346 Got it. Are you currently connected to a home or work/public WiFi network? Keep us in the loop /JI

@393346 Hey! For your security, we'd recommend deleting your previous post. Can we have you DM us your username? We'll continue talking there /JI https://t.co/ldFdZRiNAt","The desktop app remains offline after reinstalling and troubleshooting, so it needs deeper technical investigation.",The historical reply used several troubleshooting steps even after the customer said reinstalling only worked briefly.
E164,"@115888 Hello
My account got stolen by changing the email. Origina name: KisuoX e-mail: __email__ Please change it back.",Account Access & Security,"[{""rank"": 1, ""similarity"": 0.704, ""customer_message"": ""@115888 hello I believe my account has been compromised"", ""spotify_reply"": ""@233791 Hey Fred, help's here! Could you DM us your account's email address and username? We'll take a look backstage /CG https://t.co/ldFdZRiNAt""}, {""rank"": 2, ""similarity"": 0.582, ""customer_message"": ""@115888 someone is hacking my account; Why can't I readily find a support phone # or email to fix it? It's shitty and you know it."", ""spotify_reply"": ""@364275 1: Hi JoAnne! Sorry to hear that. We don't have phone support right now, but we'll be glad to help you via Twitter. You can also get... /AU\n\n@364275 2: in touch with our Email team at https://t.co/XGIC7aZtMa. Let us know how you'd like to proceed /AU""}, {""rank"": 3, ""similarity"": 0.556, ""customer_message"": ""@SpotifyCares my account has been hijacked and they also changed my email. I just reset my password tho and I hope it won’t happen again. I’m a premium user so please take this as a serious matter now that I know some ppl are complaining the same."", ""spotify_reply"": ""@442196 Hey there! We're sorry to hear that. Could you send us your account's username or email address via DM? We'll take a look backstage /LP https://t.co/ldFdZR1cbT""}]",Hey there! We take account security very seriously. Please send us a DM right away with your account's email address or username so our team can help secure and recover your account /SC https://t.co/ldFdZRiNAt,@236482 We've just sent a DM your way. Let's carry on chatting there 🙂 /CG,"The account email was changed without authorization, so secure account recovery is required.",
E165,"@115888 @SpotifyCares how am I supposed to read that? (this is my ""daily mix"") https://t.co/LDuwPF4YEw

@115888 @SpotifyCares By the way the songs listed there (the readable part) are not the ones that actually play

@SpotifyCares Other playlists work fine. Is it normal that the ""daily mix"" one behaves differently than ""discover weekly""?

@SpotifyCares Even as I keep listening to the tracks, the ones near the bottom never become more readable, nor do any more songs show up in the list

@SpotifyCares They won't, that is the issue I'm reporting.",Playlist & Library Management,"[{""rank"": 1, ""similarity"": 0.659, ""customer_message"": ""@SpotifyCares why can't i change  the cover/description of my playlists?? it seems like everyone else can but me?? 😔\n\n@SpotifyCares yes!\n\n@SpotifyCares 1.0.20.101"", ""spotify_reply"": ""@296358 Hi there! Just to check, are you using the desktop app to change your playlist cover: https://t.co/aGZZKzSM3w? /RE\n\n@296358 Thanks for the info. Can you let us know the Spotify version you're using? We'll see what we can suggest /RE\n\n@296358 Got it. Could you check if there's any update for your Spotify app: https://t.co/HtMvdO0PgI? Let us know how you get on /RE""}, {""rank"": 2, ""similarity"": 0.658, ""customer_message"": ""@SpotifyCares you fucked up my daily mixes 😩😩😩 its completely ruined now"", ""spotify_reply"": ""@765520 Hi there! Daily Mix is based on your music taste, so we’d love to know how it’s doing. Tap ❤️ or 🚫 to improve your mix /DB""}, {""rank"": 3, ""similarity"": 0.626, ""customer_message"": ""Damnit @SpotifyCares make it so we can go back and save a weekly playlist. Sometimes forget to save songs than by Monday they are gone.\n\n@SpotifyCares Ya, those 5 songs I really wanted to save from last week but can’t find now. Ha"", ""spotify_reply"": ""@682353 Hey there! We'll gladly let the right folks know it's something you'd like to see. Let us know if anything else comes up /BH\n\n@682353 We understand! Fingers crossed you'll find them again soon. If you need us again, just give us a shout. We're here around the clock 🙂 /BH""}]",Hey! Discover Weekly refreshes every Monday and previous weeks aren't archived automatically. A good tip is to save your favorites or use IFTTT to automatically archive each week! /SC,"@171765 What you're seeing is normal. You'd be able to see and play more songs as you listen. Are you able to play tracks from other playlists? /CO

@171765 We understand. Just to clarify, as you approach the bottom of the visible list more suggested songs will be loaded in to your Daily Mix /TY

@171765 We'd like to share a bit more info with you. Do you mind sending us a DM? We'll continue helping out there /NG https://t.co/ldFdZRiNAt","The Daily Mix display and playback behavior remain inconsistent even after explanation, so further investigation is appropriate.",The historical reply initially said the behavior was normal even though the customer clearly described a mismatch between displayed and actual tracks.
E166,@SpotifyCares My account was hacked/compromised. I’ve regained access and changed my password but I noticed there were members added to my family that I do not know. I deleted the members I do not know. Just want to make sure I do not have to do anything else.,Account Access & Security,"[{""rank"": 1, ""similarity"": 0.778, ""customer_message"": ""id::93__credit_card__:@SpotifyCares My account was hacked/compromised. I’ve regained access and changed my password but I noticed there w"", ""spotify_reply"": ""@224361 Hey there! Looks like your tweet is incomplete. Can you resend that for us? We'll be here waiting /RB""}, {""rank"": 2, ""similarity"": 0.736, ""customer_message"": ""@SpotifyCares I need to cancel my account but my email was hacked and i don't have access to it and I don't want to keep being charged.\n\n@SpotifyCares I have already done that and no one has gotten in touch with me. Like I said, I won't receive emails in the hacked account\n\n@SpotifyCares That is the same contact method as I’ve already done. No one has contacted me back."", ""spotify_reply"": ""@339707 Hi there! We’re sorry to hear that. Check out https://t.co/QHn3ok8y2n for what to do next. Let us know if we can help with anything else /GN\n\n@339707 Thanks for letting us know. We'd suggest contacting our Support team directly at https://t.co/ZgU70TbP8M. Any questions, give us a shout /GN\n\n@339707 Can you DM us the email address you entered on the contact form? We'll take a look backstage /LM https://t.co/ldFdZRiNAt""}, {""rank"": 3, ""similarity"": 0.717, ""customer_message"": ""@SpotifyCares my account has been hijacked and they also changed my email. I just reset my password tho and I hope it won’t happen again. I’m a premium user so please take this as a serious matter now that I know some ppl are complaining the same."", ""spotify_reply"": ""@442196 Hey there! We're sorry to hear that. Could you send us your account's username or email address via DM? We'll take a look backstage /LP https://t.co/ldFdZR1cbT""}]",Hey there! We take account security very seriously. Please send us a DM right away with your account's email address or username so our team can help secure and recover your account /SC https://t.co/ldFdZRiNAt,@124507 Hi Chris. That doesn't sound good! Can you DM us your account's email address or username? We'll take a look under the hood /WP https://t.co/ldFdZRiNAt,"The customer recovered the hacked account but found unauthorized Family members, so support should verify that the account is fully secured.",
E167,"@SpotifyCares 45 songs just downloaded over cellular data. Couldn't stop them without airplane mode. Explain yourself.

@SpotifyCares Samsung Galaxy S7
Android 7.0 Nougat
Spotify 8.4.22.857 armV7

@SpotifyCares It was off. I checked when I caught it downloading song 18/45. I switched it on and back off again to see if it would help. It didn't.

@SpotifyCares I also force closed the app, which stopped the download until I reopened the app again.",Playback & Technical Errors,"[{""rank"": 1, ""similarity"": 0.591, ""customer_message"": ""Hey @115888 , I'm getting real tired of not being able to listen to music and have the app crash all the time.  Please fix it. https://t.co/c1kQ9g7Hej\n\n@SpotifyCares It's Spotify version 8.4.22.857 armV7 on a Samsung Galaxy S8+ running Android 7.0\n\n@SpotifyCares Nope. Logged out of Spotify, restated phone, listened to one song on the playlist and it still froze up. https://t.co/OKJuMrXDTC\n\n@SpotifyCares This is the 4th or 5th time I've noticed that this particular song is next in the queue when the app freezes. https://t.co/vRcm1VRcZy\n\n@SpotifyCares Yes, it's on a playlist I follow from you guys. (Viva Latino - Top 50 by Spotify) I don't know if I can remove if the playlist isn't mine."", ""spotify_reply"": ""@170378 Hey, help's here! Can you let us know your device, as well as the Android and Spotify versions? We'll see what we can suggest /JP\n\n@170378 Thanks! Can you try logging out, restarting your phone, and logging back in? Does that make any difference? /JP\n\n@170378 Is this happening on a specific playlist? Can you try removing this track wor a while and see if things will be better? /JP\n\n@170378 Thanks for clarifying. We'd suggest reinstalling the app: https://t.co/46sWVpIvlI. You might need to resync your offline songs after /JP""}, {""rank"": 2, ""similarity"": 0.582, ""customer_message"": ""@115888 wtf is going on with your app? I can’t play most songs\n\n@SpotifyCares When I click certain songs nothing happens. Same thing happened to my friend\n\n@SpotifyCares iPhone 8, and I’m running the most up to date iOS and Spotify\n\n@SpotifyCares Tried both. Neither worked"", ""spotify_reply"": ""@440991 Hi! We're here to help. Just to check, are you getting a specific error message? If so, can you send us a screenshot? We'll take a look /DD\n\n@440991 Hmm. Can you let us know the device, operating system, and Spotify version you're running? We'll see what we can suggest /DD\n\n@440991 Thanks. Does logging out and back in to your account help? If not, can you check if restarting your phone does the trick? /DD\n\n@440991 Thanks for trying! Can you DM us your account's email address or username? We'll have a look under the hood /DD https://t.co/ldFdZRiNAt""}, {""rank"": 3, ""similarity"": 0.578, ""customer_message"": ""@117168 my music stops playing everytime I open Snapchat or get a notification! Using the newest version of Spotify on iPhone X! Help\n\n@SpotifyCares I’m using Spotify version 8.4.28 and ios 11.1.1  thank you!"", ""spotify_reply"": ""@769324 Hey there! The cavalry's here. Could you let us know the exact iOS and Spotify version you're using? We'll see what we can suggest /KB\n\n@769324 Got it! Is this happening on 3G/4G, WiFi, or both? Does restarting your device by holding the Sleep/Wake + Volume Down buttons for 10 seconds make any difference? /KB""}]","Hey! Thanks for reporting this. Could you try restarting your device and testing on a fresh connection? If the issue continues, let us know your Spotify version /SC","@615596 Hi Dewitt! What device (make &amp; model), operating system, and app version are you using? We'll keep an eye out for your reply /LP

@615596 Got it. Can you check if Download using cellular is enabled under Your Library &gt; Settings &gt; Music Quality? We'll be right here waiting /LP

@615596 Hmm. Could you send us your account's username or email address via DM? We'll take a look backstage /LP https://t.co/ldFdZRiNAt","Unexpected cellular downloads continued despite the setting being off and force-closing the app, so the issue needs technical investigation.",The historical response eventually requested account details but did not clearly explain why the app downloaded while cellular downloads were disabled.
E168,"Wow @115888 apparently I've reached the maximum number of downloads. What do I do now 🤔

@SpotifyCares Id say probably around 2500",Playlist & Library Management,"[{""rank"": 1, ""similarity"": 0.701, ""customer_message"": ""@SpotifyCares What's the deal here? Why the cap? https://t.co/4H1k7jlxhf\n\n@SpotifyCares I understand that. Why is there such a small limit?\n\n@SpotifyCares I was waiting for a follow-up, looks like you didn't finish this tweet.\n\n@SpotifyCares That's a canned response. Limit the # of downloads if anything. Don't limit the library size.\n\n@SpotifyCares Thank you, that's what I like to hear! Have a good night!"", ""spotify_reply"": ""@700253 Hey Tanner! There's currently a 10k limit in Your Library (Songs + Albums + Artists). More info here: https://t.co/59ABtm5Ftl /KB\n\n@700253 1: The limit ensures that the app runs smoothly for everyone. By the way, there's no limit to the number of tracks you can...\n\n@700253 2: add to a playlist. You can also vote for the official idea here: https://t.co/8OOl8B2i69 /KB\n\n@700253 We hear you 🎧 Rest assured your feedback's been noted and passed on to the right folks. Any questions, just give us a shout /AN\n\n@700253 You're welcome! Let us know if you ever need us again. We'd be... https://t.co/LgAM6ky9Vv /AN""}, {""rank"": 2, ""similarity"": 0.667, ""customer_message"": "":'-(\n\n@SpotifyCares let me know when you remove your frustrating 10k song library limit.\n\nhttps://t.co/vANgjQflxL"", ""spotify_reply"": ""@818249 Hey Nick! We don’t have any new info about this, but we’ll remind the team it’s a popular request. You can also show your support for the idea at https://t.co/a9TZL1Dqp6. We're sad to see you go - if you need us, we're just a tweet away /RK""}, {""rank"": 3, ""similarity"": 0.619, ""customer_message"": ""@115888 @117168 how and why is #Spotify using 7.1GB with 0 songs downloaded??? 👀 https://t.co/zmn1wYhbKC\n\n@115888 @117168 Give us the ability to clear caches like the android app 🙏"", ""spotify_reply"": ""@379855 1: Hey there! We can’t make any promises but we’ll pass your feedback onto the right folks. Could you DM us your account's...\n\n@379855 2: email address or username? We'll take a look under the hood /RH https://t.co/ldFdZRiNAt""}]",Hey! We're here to help with your music collection. Let us know what device you're using and what specifically you'd like to adjust in your playlists! /SC,"@376423 Hey Elvis! How many tracks would you say you have in Songs (roughly)? e.g. 100, 1000, 5000, or more? /TB

@376423 Got it! There's currently a download limit of 3,333 songs per device, on a maximum of 3 devices. More info here: https://t.co/02nLeSTUV7 /TB","Explain the current 3,333-download limit and how many devices are supported.",
E169,@115888 HeLp my music keeps uninstalling and i dont know why 😩 then i gotta download all of it again and its killing me,Playback & Technical Errors,"[{""rank"": 1, ""similarity"": 0.699, ""customer_message"": ""@115888 why has all of my music no long synced and download on my phone?"", ""spotify_reply"": ""@591755 Hi Abbie, that's not fun! Check out the steps under “Downloads unexpectedly removed” at https://t.co/38J7tFlIBF. Keep us posted /TY""}, {""rank"": 2, ""similarity"": 0.593, ""customer_message"": ""My @115888  is acting up and im just tryna listen to my music in peace"", ""spotify_reply"": ""@823053 Hey, that's not cool! Can you tell us what's happening exactly? We'll see what we can suggest /CH""}, {""rank"": 3, ""similarity"": 0.575, ""customer_message"": ""@SpotifyCares Im about to cancel your garbage app. Wont open &amp; when it does takes 4ever to load the song I want IF it even will play. Y$4it?"", ""spotify_reply"": ""@278994 Hi Jennifer. Don't worry, help's here. Can you tell us what device, operating system, and exact app version you're using? /JU""}]","Hey! Sorry to hear your downloads disappeared. A quick restart or performing a clean reinstall usually helps keep your offline cache stable. If this has happened repeatedly, let us know your device and OS version /SC","@577219 Hey, sorry to hear that! Check out the steps under “Downloads unexpectedly removed” at https://t.co/38J7tFlIBF. This should help /QI",Provide the standard “downloads unexpectedly removed” troubleshooting guidance.,
E170,Never wanted a feature so badly as I want the ability to tag songs for flexible playlists @115888 perty plz,Playlist & Library Management,"[{""rank"": 1, ""similarity"": 0.619, ""customer_message"": ""Dear @115888 - it would be super handy if we could edit the order of songs in playlists on phones... https://t.co/ZOLl1uzl0H\n\n@SpotifyCares THANK YOU!!  👏🏻💃🏼👏🏻"", ""spotify_reply"": ""@406580 Hi Amanda! You can sort the songs in your playlists by following our guide here: https://t.co/5hjtm5AdqM /AU\n\n@406580 You're welcome! Let us know if you ever need us again. We'd be... https://t.co/LgAM6ky9Vv 🙂 /AU""}, {""rank"": 2, ""similarity"": 0.578, ""customer_message"": ""When you want to create a playlist on @115888 and it isn’t working 🙄😫"", ""spotify_reply"": ""@807659 Hi there, thanks for bearing with us. Spotify should be working perfectly again! /JS""}, {""rank"": 3, ""similarity"": 0.564, ""customer_message"": ""@115888 you were the best app ever UNTIL.... you took away where you hold down and you can listen to a little of the song. Now idk what to really add to my playlists.. BRING IT BACK PLEASE!!!!!! #SpotifyMusic"", ""spotify_reply"": ""@760225 Hey! We have more info about this here: https://t.co/pXBCq8GlsI. Give us a shout if you have any questions /AK""}]",Hey! We're here to help with your music collection. Let us know what device you're using and what specifically you'd like to adjust in your playlists! /SC,@270648 Hey there! We can see how that’d be handy. Thanks for taking the time to reach out – your feedback's been noted 📝 /DF,Acknowledge the request for song tagging and note that the feedback has been passed along.,
E171,"Why the fuck dose the Teen Party playlist have so many of that kid Jacobs songs.

6 songs. 
Did someone hack you @SpotifyCares",Feature Requests & Device Support,"[{""rank"": 1, ""similarity"": 0.486, ""customer_message"": ""@SpotifyCares Just signed up and am surprised to find no parental controls for explicit lyrics. Is this right, or am I missing something? Bit odd when you promote a family plan.\n\n@SpotifyCares I've voted for that, as have over 1600 others. The thread has been running for over 5 years! It can't be that hard to implement? Surely protecting children from explicit lyrics should be a priority for spotify rather than an afterthought?"", ""spotify_reply"": ""@740680 Hey Andrew! We can see how that’d be useful. You can vote for the official idea here: https://t.co/3jHA9etigY /LS\n\n@740680 We hear you loud and clear! We can’t make any promises, but we’ll pass your feedback onto the right folks. If you need us for anything else, we're just a tweet away /LS""}, {""rank"": 2, ""similarity"": 0.483, ""customer_message"": ""@SpotifyCares  is there a way to block explicit songs from random playlists. I can’t listen to these at work."", ""spotify_reply"": ""@682735 Hey there, we hear you! To help make it happen, we’d recommend showing your support for the idea here: https://t.co/CdI1SY9KZE /KL""}, {""rank"": 3, ""similarity"": 0.464, ""customer_message"": ""@115888 why can't I block explicit songs??"", ""spotify_reply"": ""@563001 Hi! It's not possible right now. To help make it happen, we’d recommend showing your support for the idea here: https://t.co/CdI1SY9KZE /PB""}]",Hey! Thanks for sharing this suggestion with us. We love hearing your ideas and we'll make sure to pass this feedback along to our product team /SC,"@206142 1: Hey there, thanks for the feedback! Our Curation team are independent &amp; use taste, data, research, and trends to create...

@206142 2: playlists, but we’ll be sure to pass on your comments. Anything else, let us know /NY",Acknowledge the complaint about the Teen Party playlist and explain that playlist curation is handled by the curation team.,
E172,"@115888 Feature Idea: Add a 'Hash-Tag your song Button' =&gt; good for users &amp; good for your ML recommenders &amp; gives  u more info $$

@115888 @115888 I suppose that you are already getting something like this info from semantic analysis of playlist names!? I bet you are!

@115888 If so, please use this added feature in your #ML recommenders. Why do I ask for this? You can improve your #imnotsayingitsucks recommender

@SpotifyCares Thanks! I tried to do that but I have no pathway to publish a question. Do I not have restricted forum permissions, or something like that?

@SpotifyCares I do indeed have a Spotify account and I""m logged in! Perhaps I'm blind, but I cannot find the correct 'click pathway' to be able to submit",Playlist & Library Management,"[{""rank"": 1, ""similarity"": 0.553, ""customer_message"": ""If you follow someone's Spotify playlist, does the creator get notified? Asking for a friend 😅\n\n@SpotifyCares Thank you!"", ""spotify_reply"": ""@626613 Hey there! We're afraid not, but we can see how this would useful. Suggest it in our Community at  https://t.co/WgY7GXI7jf 💚 /NG\n\n@626613 You're welcome! If there's anything else we can help with, just give us a shout. https://t.co/m4HWSbgHVZ 💚 /NG""}, {""rank"": 2, ""similarity"": 0.547, ""customer_message"": ""@115888 you were the best app ever UNTIL.... you took away where you hold down and you can listen to a little of the song. Now idk what to really add to my playlists.. BRING IT BACK PLEASE!!!!!! #SpotifyMusic"", ""spotify_reply"": ""@760225 Hey! We have more info about this here: https://t.co/pXBCq8GlsI. Give us a shout if you have any questions /AK""}, {""rank"": 3, ""similarity"": 0.527, ""customer_message"": ""@SpotifyCares why can't i change  the cover/description of my playlists?? it seems like everyone else can but me?? 😔\n\n@SpotifyCares yes!\n\n@SpotifyCares 1.0.20.101"", ""spotify_reply"": ""@296358 Hi there! Just to check, are you using the desktop app to change your playlist cover: https://t.co/aGZZKzSM3w? /RE\n\n@296358 Thanks for the info. Can you let us know the Spotify version you're using? We'll see what we can suggest /RE\n\n@296358 Got it. Could you check if there's any update for your Spotify app: https://t.co/HtMvdO0PgI? Let us know how you get on /RE""}]",Hey! We're here to help with your music collection. Let us know what device you're using and what specifically you'd like to adjust in your playlists! /SC,"@319328 Hey! If you think this could be useful, suggest it in our Community where you can get support from other fans: https://t.co/WgY7GXI7jf /AR

@319328 We can see how that’d be handy. Thanks for taking the time to reach out – your feedback's been noted 📝 /AR

@319328 1: Just to check, do you already have a Spotify account? If so, you can use your login details to create an account in our Community.

@319328 2: Once you already have one, you can go ahead and post your suggestion /AR

@319328 Can you DM us your account's email address or username? We'll check backstage /AR https://t.co/ldFdZRiNAt",Address both the requested hashtag feature and the customer's problem accessing the community to submit the suggestion.,The historical response handled the feature request reasonably but eventually moved to an account lookup without clearly explaining why the community posting path was unavailable.
E173,@SpotifyCares  someone hacked into my account...,Account Access & Security,"[{""rank"": 1, ""similarity"": 0.838, ""customer_message"": ""id::93__credit_card__:@SpotifyCares My account was hacked/compromised. I’ve regained access and changed my password but I noticed there w"", ""spotify_reply"": ""@224361 Hey there! Looks like your tweet is incomplete. Can you resend that for us? We'll be here waiting /RB""}, {""rank"": 2, ""similarity"": 0.827, ""customer_message"": ""@SpotifyCares my account has been hijacked and they also changed my email. I just reset my password tho and I hope it won’t happen again. I’m a premium user so please take this as a serious matter now that I know some ppl are complaining the same."", ""spotify_reply"": ""@442196 Hey there! We're sorry to hear that. Could you send us your account's username or email address via DM? We'll take a look backstage /LP https://t.co/ldFdZR1cbT""}, {""rank"": 3, ""similarity"": 0.779, ""customer_message"": ""OK, it just happened again and I updated my account , @SpotifyCares can you help? Someone is hijacking my account.\n\n@SpotifyCares OK, I did all those steps, fingers crossed and Thanks!"", ""spotify_reply"": ""@135881 Hi there! We’re sorry to hear that. We'd suggest checking out https://t.co/iVpg60w61i for what to do next. Let us know if we can help with anything else /GN\n\n@135881 No worries! You know where to find us if you'll ever need our help again. We'll be right here for you 💚 /GN""}]",Hey there! We take account security very seriously. Please send us a DM right away with your account's email address or username so our team can help secure and recover your account /SC https://t.co/ldFdZRiNAt,"@807664 Hey there, sorry to hear that! Can you DM us your account's email address and username? We'll take a look backstage /KL https://t.co/ldFdZRiNAt","The account is reported as hacked, so secure account investigation is required.",
E174,"@SpotifyCares Where is Chris Stapleton's ""Sometimes I Cry"" off the Traveller album? @115948 still has it... 👀",Content Availability & Licensing,"[{""rank"": 1, ""similarity"": 0.586, ""customer_message"": ""@SpotifyCares please bring back BTOB's Complete album :-("", ""spotify_reply"": ""@651814 Hey Julia! We’d love to have all of their stuff available, but we have some info about content here: https://t.co/0i8GpimuDa /MQ""}, {""rank"": 2, ""similarity"": 0.555, ""customer_message"": ""Bruh what happened to the Take Care album?! @115888 @6860 https://t.co/MqjrFSM1Tj"", ""spotify_reply"": ""@722554 Hi there! Sometimes content is temporarily removed due to licensing, but we hope to have it back soon: https://t.co/VMrgnGpB4G. Hope this info helps /GK""}, {""rank"": 3, ""similarity"": 0.543, ""customer_message"": ""Blegh, some of the old Get Scraped Deamau5 tracks got removed from spotify ;(\n\n@SpotifyCares https://t.co/G6J9keroaj #10 'bored of canada' is greyed out, doesn't show up in searches\n\n@SpotifyCares Should be Netherlands"", ""spotify_reply"": ""@731473 Hey there! Can you send us a screenshot of how the album appears on your end? Also, what country is your Spotify account set to? We'll keep an eye out for your reply /LP\n\n@731473 Thanks! What country is your account set to? We'll check backstage /AP\n\n@731473 Got it. Sometimes content gets temporarily removed because of licensing changes. Hopefully we'll have it available again to you soon! Let us know if there's anything else /AP""}]","Hey! We're always working with artists and labels to bring as much music to Spotify as possible, but availability can vary due to licensing. We hope to have it available soon! /SC",@583085 Hi Brandon! Sometimes content gets temporarily removed because of licensing changes. Hopefully we'll have it available again soon /PL,Explain that the song may have been removed because of licensing changes.,
E175,"Can’t get phone help with @115888 ? Really, almost enough to make me want to cancel my subscription. That’s ridiculous.",Account Access & Security,"[{""rank"": 1, ""similarity"": 0.636, ""customer_message"": ""@115888 someone is hacking my account; Why can't I readily find a support phone # or email to fix it? It's shitty and you know it."", ""spotify_reply"": ""@364275 1: Hi JoAnne! Sorry to hear that. We don't have phone support right now, but we'll be glad to help you via Twitter. You can also get... /AU\n\n@364275 2: in touch with our Email team at https://t.co/XGIC7aZtMa. Let us know how you'd like to proceed /AU""}, {""rank"": 2, ""similarity"": 0.549, ""customer_message"": ""@SpotifyCares how do I get onto an account that has premium but I have no access to? Or cancel it?"", ""spotify_reply"": ""@777590 Hey Abbie! We've just sent you a bit more info over DM. We'll carry on helping out there /DD""}, {""rank"": 3, ""similarity"": 0.515, ""customer_message"": ""@SpotifyCares I need to cancel my account but my email was hacked and i don't have access to it and I don't want to keep being charged.\n\n@SpotifyCares I have already done that and no one has gotten in touch with me. Like I said, I won't receive emails in the hacked account\n\n@SpotifyCares That is the same contact method as I’ve already done. No one has contacted me back."", ""spotify_reply"": ""@339707 Hi there! We’re sorry to hear that. Check out https://t.co/QHn3ok8y2n for what to do next. Let us know if we can help with anything else /GN\n\n@339707 Thanks for letting us know. We'd suggest contacting our Support team directly at https://t.co/ZgU70TbP8M. Any questions, give us a shout /GN\n\n@339707 Can you DM us the email address you entered on the contact form? We'll take a look backstage /LM https://t.co/ldFdZRiNAt""}]",Hey! We'd love to help you get back into your account. Please drop us a DM with your account details and we'll take a closer look /SC https://t.co/ldFdZRiNAt,"@794174 Hi there! We don't have phone support, but we'd be glad to lend a hand via Twitter. Could you send us a DM with your account's username or email address? We'll take a look backstage 🔍 /DB https://t.co/ldFdZRiNAt",Explain that phone support is unavailable and provide the available Twitter support path.,"The historical reply was appropriate, although it could have more clearly acknowledged the customer's frustration about the lack of phone support."
E176,@115888 Can we get an Apple Watch App or a better way to control songs.,Feature Requests & Device Support,"[{""rank"": 1, ""similarity"": 0.568, ""customer_message"": ""@115888 please tell me you’re going to release an AppleWatch app soon!? Want to run w/o phone!"", ""spotify_reply"": ""@541189 Hey there! Check out the official idea and add your vote to let our devs know it's something you'd like to see: https://t.co/SEK4E3YGDs /DD""}, {""rank"": 2, ""similarity"": 0.5, ""customer_message"": ""@116130 Any chance of an apple tv app anytime soon?"", ""spotify_reply"": ""@520153 Hey Jonathan! We don't have any info on this right now, but we'll let the right team know it's something you'd like to see /GU""}, {""rank"": 3, ""similarity"": 0.499, ""customer_message"": ""You should build a podcast app, @115888"", ""spotify_reply"": ""@228590 We can see how that’d be useful! We’d recommend suggesting it in our Community where you can get support from other fans: https://t.co/D6JsbrPT3P /JN""}]","Hey! We don't have any news on a standalone Apple Watch app right now, but we appreciate the feedback and have logged your interest with our dev team! /SC",@337495 Hey Nelson! Check out the official idea and add your vote to let our devs know it's something you'd like to see: https://t.co/SEK4E4gi22 /SY,Acknowledge the Apple Watch request and provide the official feature-feedback option.,
E177,"Hey @SpotifyCares, you put this EP on the WRONG artist. This EP belong to SCANDAL (from Japan) not Scandal. Thx.
https://t.co/Ko3TppP5Qh",Content Availability & Licensing,"[{""rank"": 1, ""similarity"": 0.428, ""customer_message"": ""@115888 Hi all, thought you'd like to correct your bio on @95529 from \""White\"" to 'Wise'\n\n@SpotifyCares It's nothing to do with the platform of which I'm using, you've not put the correct surname for the artist that I've tagged."", ""spotify_reply"": ""@340612 Hey there! What's happening exactly? Could you let us know the device/OS you're using? We'll see what we can suggest /DF\n\n@340612 Thanks. We'll get this reported. Great detective work! https://t.co/LpsmyUtme0 /""}, {""rank"": 2, ""similarity"": 0.417, ""customer_message"": ""@115888 where is 'Reputation'?! https://t.co/fc04Wpbakl\n\n@SpotifyCares I already have heard them.. I want to listen to the album\n\n@SpotifyCares I hope so"", ""spotify_reply"": ""@665442 Taylor Swift's 'Reputation' isn't available to stream just yet – stay tuned! For now, check out the singles: https://t.co/3h0TnPWP0c /DF\n\n@665442 Fingers crossed we'll be able to have it soon! Don't worry, we'll pass your feedback on to the team /KM\n\n@665442 We'll do our best to have it available to you and other listeners. If there's anything else, just let us know! /KM""}, {""rank"": 3, ""similarity"": 0.388, ""customer_message"": "". @115888 you got me confused. For a split second I wondered why @30368 and @22339 's song was titled Camila Cabello - Havana https://t.co/TYWqjesr45\n\n@SpotifyCares Restarted phone and connections. Still the same. I dont mind tho, just found it funny. https://t.co/UEeFm3cjGF\n\n@SpotifyCares  https://t.co/ERLxIw0uMA\n\n@SpotifyCares 5.1 and I think this is the 2nd time it happened or was aware of\n\n@SpotifyCares Thank you"", ""spotify_reply"": ""@205702 Hi there! Does restarting your device and your connection help? Which Spotify version are you using? /NQ\n\n@205702 Which Android version does your device currently have? Also, is this happening often? /NQ\n\n@205702 Hmm. It's not ideal, but the exact steps here should help out: https://t.co/EqisDMwZAT /NQ\n\n@205702 You're welcome! In case you have other concerns, don't hesitate to get back in touch. We're always... https://t.co/zOXI69QSqg /TM""}]",Hi! Thanks for pointing this out. We'll pass this metadata issue on to our Content Operations team so they can review and correct the track attribution /SC,"@354062 Hi there! Thanks for the heads-up. No worries, we'll get this reported. Great detective work https://t.co/LpsmyUtme0 😉 /NY",Acknowledge the incorrect artist attribution and confirm that it will be reported.,
E178,"@SpotifyCares it seems that my account has been hacked, got an email address change notification and it wasn't me who did it...how do I fix?",Account Access & Security,"[{""rank"": 1, ""similarity"": 0.839, ""customer_message"": ""@SpotifyCares I need to cancel my account but my email was hacked and i don't have access to it and I don't want to keep being charged.\n\n@SpotifyCares I have already done that and no one has gotten in touch with me. Like I said, I won't receive emails in the hacked account\n\n@SpotifyCares That is the same contact method as I’ve already done. No one has contacted me back."", ""spotify_reply"": ""@339707 Hi there! We’re sorry to hear that. Check out https://t.co/QHn3ok8y2n for what to do next. Let us know if we can help with anything else /GN\n\n@339707 Thanks for letting us know. We'd suggest contacting our Support team directly at https://t.co/ZgU70TbP8M. Any questions, give us a shout /GN\n\n@339707 Can you DM us the email address you entered on the contact form? We'll take a look backstage /LM https://t.co/ldFdZRiNAt""}, {""rank"": 2, ""similarity"": 0.835, ""customer_message"": ""@SpotifyCares my account has been hijacked and they also changed my email. I just reset my password tho and I hope it won’t happen again. I’m a premium user so please take this as a serious matter now that I know some ppl are complaining the same."", ""spotify_reply"": ""@442196 Hey there! We're sorry to hear that. Could you send us your account's username or email address via DM? We'll take a look backstage /LP https://t.co/ldFdZR1cbT""}, {""rank"": 3, ""similarity"": 0.799, ""customer_message"": ""id::93__credit_card__:@SpotifyCares My account was hacked/compromised. I’ve regained access and changed my password but I noticed there w"", ""spotify_reply"": ""@224361 Hey there! Looks like your tweet is incomplete. Can you resend that for us? We'll be here waiting /RB""}]",Hey there! We take account security very seriously. Please send us a DM right away with your account's email address or username so our team can help secure and recover your account /SC https://t.co/ldFdZRiNAt,"@577618 Hey, that's not cool! Could you send us a DM with your account's email address or username? We'll take a look backstage /CH https://t.co/ldFdZRiNAt","The customer received an unauthorized email-change notification, so account recovery and security support are needed.",
E179,Anyone know how you play all songs in your library on @115888 ??? #spotifyhelp,Playlist & Library Management,"[{""rank"": 1, ""similarity"": 0.709, ""customer_message"": "":'-(\n\n@SpotifyCares let me know when you remove your frustrating 10k song library limit.\n\nhttps://t.co/vANgjQflxL"", ""spotify_reply"": ""@818249 Hey Nick! We don’t have any new info about this, but we’ll remind the team it’s a popular request. You can also show your support for the idea at https://t.co/a9TZL1Dqp6. We're sad to see you go - if you need us, we're just a tweet away /RK""}, {""rank"": 2, ""similarity"": 0.663, ""customer_message"": ""@115888 you were the best app ever UNTIL.... you took away where you hold down and you can listen to a little of the song. Now idk what to really add to my playlists.. BRING IT BACK PLEASE!!!!!! #SpotifyMusic"", ""spotify_reply"": ""@760225 Hey! We have more info about this here: https://t.co/pXBCq8GlsI. Give us a shout if you have any questions /AK""}, {""rank"": 3, ""similarity"": 0.654, ""customer_message"": ""When you want to create a playlist on @115888 and it isn’t working 🙄😫"", ""spotify_reply"": ""@807659 Hi there, thanks for bearing with us. Spotify should be working perfectly again! /JS""}]",Hey! We're here to help with your music collection. Let us know what device you're using and what specifically you'd like to adjust in your playlists! /SC,@287986 Hi there! You can enjoy all the tracks in Your Library by heading over to Songs and clicking on Play. Let us know how it goes /HR,Give the customer the simple steps to play all songs in their library.,
E180,"@115888 uhm i think ur ad machine is broken b/c i listened to the ad for 30 mins of ad free music and its been 10 mins and theres an ad....

@SpotifyCares nope i was just jammin out and boom - there were no crashes and the app didnt close

@SpotifyCares yep

@SpotifyCares thanks",Account Access & Security,"[{""rank"": 1, ""similarity"": 0.556, ""customer_message"": ""Hey @115888 - I still don’t have access to my Spotify account after submitting information 10 months ago... can we fix this?"", ""spotify_reply"": ""@364803 Hi Cheyanne, help's here. Can you DM us your account's email address? We'll check backstage and see what we can suggest /NY https://t.co/ldFdZRiNAt""}, {""rank"": 2, ""similarity"": 0.549, ""customer_message"": ""@SpotifyCares Uh spotify, why did you just log me out then tell me my email doesn't exist when I try to reset my password?\n\n@SpotifyCares Your support team is slower than your programming monkeys - it was fixed by the time you responded."", ""spotify_reply"": ""@313095 Hey there! That's not cool. Can you DM us your account's email address or username? We'll take a look backstage /PB https://t.co/ldFdZRiNAt\n\n@313095 Sorry for the delay, but glad to hear it's working. Let us know if you need anything else. We'd be happy to help /PB""}, {""rank"": 3, ""similarity"": 0.547, ""customer_message"": ""@SpotifyCares ... and when I log into my spotify account on your website, it has a very old e-mail address of mine listed.  Service is running fine, but as stated in 1st tweet... something isn't in sync"", ""spotify_reply"": ""@236883 Hey there! We're here to help. Can you DM us your account's email address? We'll take a look under the hood /AN https://t.co/ldFdZRiNAt""}]",Hey! We'd love to help you get back into your account. Please drop us a DM with your account details and we'll take a closer look /SC https://t.co/ldFdZRiNAt,"@204738 Hey, that doesn't sound good! Did the app crash at any point during the 30 minutes? That can cause the ad-free time to reset /RA

@204738 Thanks for confirming! Just to check, did you definitely watch the video ad in full after hearing the offer? /RA

@204738 That's strange. We'll get this passed on to our devs so they can look into it. Give us a shout if you need anything else /RA","The ad-free period failed even though the customer did not crash and watched the video, so the issue should be investigated.","The historical reply initially focused on possible crashes and the video ad, but after both were ruled out it appropriately escalated the issue to the development team."
