sample_id,thread_id,original_asker_id,num_unique_customer_authors,multi_author_merge,customer_message,spotify_reply,start_time,end_time
1,20569,738041,1,False,"@115888 where is perfect velvet

@SpotifyCares u see @15672 they are waiting for u","@738041 Hey there! Fingers crossed we'll be able to have it soon, but there's info about Spotify content here: https://t.co/0i8GpimuDa /JT",Fri Nov 17 09:50:00 +0000 2017,Fri Nov 17 10:37:19 +0000 2017
2,12841,128149,1,False,"why cant you change the song on spotify from the lock screen or swipe up menu any more @SpotifyCares

@SpotifyCares iphone 7plus and ive got the newest version of spotify

@SpotifyCares ios version 8.4.25 and ios 11.0.3

@SpotifyCares I’ve tried both of those and neither worked","@128149 Hey Georgie, that doesn't sound right! What device, operating system, and Spotify version are you using? We'll see what we can suggest /JE

@128149 Thanks. We're almost there, but we need the exact iOS and Spotify versions you have installed on your phone. We'll be right here waiting /LP

@128149 Got it. Does logging out and back in help? Restarting your device (hold Sleep/Wake + Volume Down for 10 seconds) is also worth a shot /LP

@128149 Hmm. Could you send us your account's username or email address via DM? We'll take a look backstage /LP https://t.co/ldFdZRiNAt",Wed Nov 01 14:22:13 +0000 2017,Wed Nov 01 18:45:42 +0000 2017
3,14071,479479,1,False,@115888 hey can you guys make an update where i can upload pictures + descriptions on playlists on the app,@479479 Hey Miranda! We'll gladly let the right folks know it's something you'd like to see. Give us a shout if you need us 🙂 /BH,Sat Nov 04 01:09:38 +0000 2017,Sat Nov 04 02:35:48 +0000 2017
4,14252,487884,1,False,"@SpotifyCares My song on Spotify seems to have a few audible glitches, and it only happens on @115888 https://t.co/3jKDyLrMp7

@SpotifyCares 9 seconds to 2:37. Any device. But it's not present on other streaming services","@487884 Hey, help's here! Can you let us know at which point of the track you're getting the glitches? Does this happen with any device? /CO

@487884 Hmm. We'd like to share more info with you in private. Could you send us a DM? /CO https://t.co/ldFdZRiNAt",Sat Nov 04 14:34:47 +0000 2017,Sat Nov 04 17:38:35 +0000 2017
5,15729,529915,1,False,In desperate need of this Spotify iPhone X update,"@529915 We don't have anything to share yet, but we'll be sure to post updates on this. Give us a shout if you need anything else /CO",Tue Nov 07 19:56:19 +0000 2017,Tue Nov 07 20:10:32 +0000 2017
6,18532,679173,1,False,"@SpotifyCares Hi for some strange reason i was charged 14.99 for premium and headspace this month, i havent changed anything and all previous months it has been 4.99 as i am a student. I have changed it back to student now but dont know why it had changed?",@679173 Hi Owen! That doesn't sound good. Can you DM us your account's username or email address? We'll take a look under the hood /DN https://t.co/ldFdZRiNAt,Mon Nov 13 15:06:38 +0000 2017,Mon Nov 13 17:08:38 +0000 2017
7,12899,584936,1,False,@SpotifyCares Not sure if I have a student acc or a regular premium acc. But my acc was charged when I should have a month free. https://t.co/0syFLHTDkk,"@584936 Hey Hanna, we're here to help! Can you DM us your account's username or email address? We'll take a look backstage /JP https://t.co/ldFdZRiNAt",Wed Nov 01 16:05:49 +0000 2017,Wed Nov 01 16:11:07 +0000 2017
8,13699,469696,1,False,"@SpotifyCares I have lost all offline tracks (AGAIN) but have 6GB of spotify files stuck on SD Card that won't delete after uninstall. Help

@SpotifyCares Ok thanks, I will give it a go.","@469696 Hey, sorry to hear that. Check out the steps under “Downloads unexpectedly removed” at https://t.co/38J7tFlIBF. They should help out /NY

@469696 Cool! Just keep us in the loop if anything comes your way. We'll be right here waiting /NY",Fri Nov 03 11:00:31 +0000 2017,Fri Nov 03 13:15:04 +0000 2017
9,5751,170378,1,False,"Hey @115888 , I'm getting real tired of not being able to listen to music and have the app crash all the time.  Please fix it. https://t.co/c1kQ9g7Hej

@SpotifyCares It's Spotify version 8.4.22.857 armV7 on a Samsung Galaxy S8+ running Android 7.0

@SpotifyCares Nope. Logged out of Spotify, restated phone, listened to one song on the playlist and it still froze up. https://t.co/OKJuMrXDTC

@SpotifyCares This is the 4th or 5th time I've noticed that this particular song is next in the queue when the app freezes. https://t.co/vRcm1VRcZy

@SpotifyCares Yes, it's on a playlist I follow from you guys. (Viva Latino - Top 50 by Spotify) I don't know if I can remove if the playlist isn't mine.","@170378 Hey, help's here! Can you let us know your device, as well as the Android and Spotify versions? We'll see what we can suggest /JP

@170378 Thanks! Can you try logging out, restarting your phone, and logging back in? Does that make any difference? /JP

@170378 Is this happening on a specific playlist? Can you try removing this track wor a while and see if things will be better? /JP

@170378 Thanks for clarifying. We'd suggest reinstalling the app: https://t.co/46sWVpIvlI. You might need to resync your offline songs after /JP",Mon Oct 16 16:54:37 +0000 2017,Mon Oct 16 20:17:40 +0000 2017
10,9159,562153,1,False,"@117153 I paid the premium Spotify account using Itunes, and my account is still free.","@562153 Hey Daniel, help's here! Can you DM us your account's username and email address? We'll take a look backstage /MQ https://t.co/ldFdZRiNAt",Mon Oct 23 15:13:32 +0000 2017,Mon Oct 23 17:15:59 +0000 2017
11,17602,407803,1,False,"@115888 @SpotifyCares I tapped on album artwork and now I can’t get back ... iPhone X problems ... please fix / update the app soon #HadToCloseTheApp https://t.co/XjoMWdc5i7

@SpotifyCares Yea that’s exactly what I ended up doing !! :$

@SpotifyCares No, It seems to be working fine today , it must have been a glitch in the IOS or something ! Thanks for the reply :)","@407803 Hey Hulio! Don't worry, we’re working on it as we speak. In the meantime, can you try closing and reopening the app? Does that help? /CX

@407803 Hey there! Is the issue still happening? Keep us posted /DF

@407803 No worries! If you ever need anything else, just shout and we'll come running 🏃 /DF",Sat Nov 11 10:24:32 +0000 2017,Sat Nov 11 23:02:29 +0000 2017
12,16891,646221,1,False,Why isn’t this available on @115888  https://t.co/ydEiX06mxG,@646221 Hey there! Is this the track you're looking for: https://t.co/dba3XqZZ7r? /FR,Fri Nov 10 02:16:42 +0000 2017,Fri Nov 10 04:31:53 +0000 2017
13,22418,157540,1,False,"@SpotifyCares windows Error 17 on trying to install on PC tried all troubleshoot options , not happy , £9.99 a month and it doesn’t work ! Help please

@SpotifyCares It’s windows 7

@SpotifyCares I tried that and it didn’t work but then I tried “Troubleshoot compatibility” and it worked 🙂, I’ve been trying to load this for a long time , felt I was wasting my money , but all seems okay now , thankyou.

@SpotifyCares I spoke too soon , after successfully installing I got an option at the top of Spotify screen to install latest version , stupidly I clicked that option now have a blank screen , Spotify icon has windows shield on it , can you help ?","@157540 Hey Roderick! The cavalry's here. Could you confirm the Windows version you're using? We'll see what we can suggest /KB

@157540 Got it! Let's try to cover all bases first. Can you right-click on the Spotify installer and select ""Run as administrator""? Let us know how it goes /KB

@157540 That's great to hear! Give us a shout if you ever need us again. We'd be... https://t.co/LgAM6ky9Vv /KB",Tue Nov 21 22:23:41 +0000 2017,Tue Nov 21 23:07:56 +0000 2017
14,18410,672209,1,False,@115888 @117153 any news on iPhone X support? Thank you!!,"@672209 Hey Grant. Don't worry, we’re working on it as we speak. Stay tuned! /TC",Mon Nov 13 09:33:58 +0000 2017,Mon Nov 13 11:56:32 +0000 2017
15,3915,364275,1,False,@115888 someone is hacking my account; Why can't I readily find a support phone # or email to fix it? It's shitty and you know it.,"@364275 1: Hi JoAnne! Sorry to hear that. We don't have phone support right now, but we'll be glad to help you via Twitter. You can also get... /AU

@364275 2: in touch with our Email team at https://t.co/XGIC7aZtMa. Let us know how you'd like to proceed /AU",Thu Oct 12 17:31:52 +0000 2017,Thu Oct 12 18:51:37 +0000 2017
16,6421,528039,1,False,"@SpotifyCares #Spotify Im a premium sub and app routinely deletes all music for no reason. 3rd time this month, been happening for years",@528039 Hey! Can you DM us your account's email address? We'll take a quick look backstage /CB https://t.co/ldFdZRiNAt,Tue Oct 17 19:48:21 +0000 2017,Tue Oct 17 21:26:03 +0000 2017
17,22853,274492,1,False,@SpotifyCares thank u for not accepting my credit card :) i even had to make a second account and try again and nothing works. i am so annoyed right now. help.,@274492 Hey there! Can you DM us your account's username and email address? We'll take a look backstage /SY https://t.co/ldFdZRiNAt,Wed Nov 22 19:52:11 +0000 2017,Wed Nov 22 21:25:24 +0000 2017
18,25624,807614,1,False,What happens? @115888 is not working! 🤨,@807614 Hey Erick! Everything should be running smoothly now. Let us know if you're still getting issues /GS,Tue Nov 28 21:08:54 +0000 2017,Wed Nov 29 00:23:52 +0000 2017
19,10316,411962,1,False,.@5795 why https://t.co/cGEKIe2ghU,@411962 Hey Chris! Can you give us more info about your concern? We'll see what we can do /NS,Wed Oct 25 23:43:47 +0000 2017,Wed Oct 25 23:51:09 +0000 2017
20,6393,551353,1,False,@SpotifyCares trying to sign up for premium but it is telling me my postal code (canada) is not valid...It definitely is...help?,"@551353 Hey Luke! Can you send us a screenshot of what you're seeing? Also, can you DM us your account's email address? We'll take a look /SJ https://t.co/ldFdZRiNAt",Tue Oct 17 19:17:02 +0000 2017,Tue Oct 17 20:55:17 +0000 2017
21,6029,117986,1,False,"@SpotifyCares I've noticed I can't play Pearl Jam and The Killers anymore, on my phone and my laptop.

@SpotifyCares I tap on the tracks on my S7, and the songs just won't play, on my laptop, it says, the song isn't avalible.","@117986 Hey Anthony! Are you getting any specific error messages when playing the tracks? If so, can you send us a screenshot of it? /FR

@117986 Does logging out, restarting your device, and logging back in make any difference? Let us know how it goes /FR",Tue Oct 17 03:06:40 +0000 2017,Tue Oct 17 03:32:30 +0000 2017
22,11123,436955,1,False,@SpotifyCares my son has an account with you. He has passed away. How do I cancel his account? Is there a number I can call?,@436955 Hey there. Could you DM us your son's username and email address? We'll take a look /DF https://t.co/ldFdZRiNAt,Fri Oct 27 19:14:43 +0000 2017,Fri Oct 27 20:14:02 +0000 2017
23,19099,697060,1,False,i really would like for @115888 to bring back the ability to message songs to friends,@697060 Hi Nick! We have some info here: https://t.co/xW1fRS96NG. Let us know how things go /HR,Tue Nov 14 18:37:02 +0000 2017,Tue Nov 14 19:52:08 +0000 2017
24,10937,308735,1,False,@115888 sometimes the thumbs up/down are visible sometimes not. So confusing! How can I find them and why aren't they always there??,"@308735 Hey there! Can you let us know what device, OS, and Spotify version you're running? Also, are you listening to a Radio playlist? /LM",Fri Oct 27 12:12:10 +0000 2017,Fri Oct 27 14:22:29 +0000 2017
25,20837,555484,1,False,"this is cool! :o https://t.co/kaADuDNdzv

can't seem to find a way of using my Google Home to control my PC's playback though.

@SpotifyCares, is that a thing you can do?

@SpotifyCares No problem, thank you! Would be a nice feature to have, especially if you're tidying your room (like I am now...) :P

@SpotifyCares Spotify, I love you. :P","@555484 Hey! We're afraid this isn't possible right now, but we'll be sure to pass on your feedback /JP

@555484 No worries at all! Have a... https://t.co/FQulrDtFky /JP",Fri Nov 17 17:27:48 +0000 2017,Fri Nov 17 17:59:51 +0000 2017
26,6608,551959,1,False,"It sucks that #LEMONADE is still not on @115888...guys, c'mon! I need more @12899 in my life.","@551959 Hey Elisabeth! We're working on it, and we hope to have it available soon. There's more info here: https://t.co/WI0fi3V8Cu /RI",Wed Oct 18 04:22:29 +0000 2017,Wed Oct 18 04:25:26 +0000 2017
27,19947,722554,2,True,Bruh what happened to the Take Care album?! @115888 @6860 https://t.co/MqjrFSM1Tj,"@722554 Hi there! Sometimes content is temporarily removed due to licensing, but we hope to have it back soon: https://t.co/VMrgnGpB4G. Hope this info helps /GK",Thu Nov 16 10:24:54 +0000 2017,Thu Nov 16 14:20:14 +0000 2017
28,24388,772945,1,False,"3
@115888 Hello, I really hope u guys put ""Mic Drop Remix"" by @133324, @134388 &amp; @4985 in one of most popular playlists","@772945 Hey there! Thanks for the feedback. Our Curation team are independent &amp; use taste, data, research, and trends to create playlists, but we’ll pass on your suggestion /NQ",Sun Nov 26 17:19:55 +0000 2017,Mon Nov 27 00:27:42 +0000 2017
29,13804,450577,1,False,"No, I dj/produce material for the artiste that has the wrong content on their page! I don’t wanna release songs knowing it not sorted https://t.co/z8tgYE5fgb","@450577 We understand how you feel. Don't worry, we've passed this on to our Content team. Hopefully it gets fixed soon /SY",Fri Nov 03 15:23:30 +0000 2017,Fri Nov 03 22:54:48 +0000 2017
30,7288,651814,1,False,@SpotifyCares please bring back BTOB's Complete album :-(,"@651814 Hey Julia! We’d love to have all of their stuff available, but we have some info about content here: https://t.co/0i8GpimuDa /MQ",Thu Oct 19 15:40:07 +0000 2017,Thu Oct 19 16:37:52 +0000 2017
31,11006,433416,2,True,"@125633 I got a really though issue our last realease (second) is displayed on a brand new artist page, please we need help","@433416 Hey, we're sorry to hear this! Could you fill out the form here https://t.co/p1wbtdELHu? The Artist Support team should be able to help /SP https://t.co/ldFdZRiNAt",Fri Oct 27 15:19:56 +0000 2017,Fri Oct 27 16:24:07 +0000 2017
32,15700,130904,1,False,"@SpotifyCares Are you guys doing a “Top Songs 2017” playlist? I liked the 2016 one you guys did :)

@SpotifyCares Sounds awesome!","@130904 Hey Ben! We don't have any info on this yet. Just keep your eyes peeled for any updates /JP

@130904 Great! For anything else, we're just a tweet away /JP",Tue Nov 07 18:34:34 +0000 2017,Tue Nov 07 19:32:04 +0000 2017
33,26447,823053,1,False,My @115888  is acting up and im just tryna listen to my music in peace,"@823053 Hey, that's not cool! Can you tell us what's happening exactly? We'll see what we can suggest /CH",Thu Nov 30 06:09:59 +0000 2017,Thu Nov 30 06:20:25 +0000 2017
34,20738,740680,1,False,"@SpotifyCares Just signed up and am surprised to find no parental controls for explicit lyrics. Is this right, or am I missing something? Bit odd when you promote a family plan.

@SpotifyCares I've voted for that, as have over 1600 others. The thread has been running for over 5 years! It can't be that hard to implement? Surely protecting children from explicit lyrics should be a priority for spotify rather than an afterthought?","@740680 Hey Andrew! We can see how that’d be useful. You can vote for the official idea here: https://t.co/3jHA9etigY /LS

@740680 We hear you loud and clear! We can’t make any promises, but we’ll pass your feedback onto the right folks. If you need us for anything else, we're just a tweet away /LS",Fri Nov 17 14:47:34 +0000 2017,Fri Nov 17 18:21:06 +0000 2017
35,4516,334448,1,False,"@SpotifyCares Dm

@SpotifyCares Thx 1 more dm 🦄",@334448 Hi! We've replied to your DM. We'll continue helping you there 🙂 /BX,Fri Oct 13 16:31:12 +0000 2017,Fri Oct 13 19:32:22 +0000 2017
36,22487,783425,1,False,"@SpotifyCares I can't get my son signed in our family plan. I filled out the confirmation info, but the submit button does not highlight?",@783425 Hey there! Can you DM us both of your accounts' email addresses? We'll take a look /RB https://t.co/ldFdZRiNAt,Wed Nov 22 02:59:36 +0000 2017,Wed Nov 22 04:59:22 +0000 2017
37,20298,731473,1,False,"Blegh, some of the old Get Scraped Deamau5 tracks got removed from spotify ;(

@SpotifyCares https://t.co/G6J9keroaj #10 'bored of canada' is greyed out, doesn't show up in searches

@SpotifyCares Should be Netherlands","@731473 Hey there! Can you send us a screenshot of how the album appears on your end? Also, what country is your Spotify account set to? We'll keep an eye out for your reply /LP

@731473 Thanks! What country is your account set to? We'll check backstage /AP

@731473 Got it. Sometimes content gets temporarily removed because of licensing changes. Hopefully we'll have it available again to you soon! Let us know if there's anything else /AP",Thu Nov 16 21:36:02 +0000 2017,Thu Nov 16 23:39:59 +0000 2017
38,23668,154725,1,False,"@SpotifyCares how can i change my credit card info from the app?

@SpotifyCares ok, thank you for the info, I'll get it done asap.","@154725 Hi Jay! Right now it's not possible to update your payment info from the Spotify app. If you need to make any changes, head over to https://t.co/71whArJDaT. Hope this helps /WW

@154725 You're welcome! Let us know if you need anything else. We're ... https://t.co/owHzBkyef2 🙂 /WW",Fri Nov 24 18:45:50 +0000 2017,Fri Nov 24 21:53:03 +0000 2017
39,8535,349085,1,False,"@115888 See if you ever want to make an IOS app that works? That’d be great.

@SpotifyCares IOS11 on an iPhone 6s, playing a playlist on shuffle it’ll just stop and won’t play anything else again even if I close and open again.

@SpotifyCares Even tried reinstalling two or three times

@SpotifyCares No none at all, really strange and really frustrating when you’re on the speaker at a party. Not a premium account if that helps at all

@SpotifyCares Seems to be most of the ones I listened to, specifically Eminem relapse and bugzy malone king of the north and it happens on both","@349085 Hey, help's here! What’s happening exactly? Can you let us know the device, iOS and Spotify version you’re using? /YM

@349085 That's odd. Are you getting any specific error messages? We'll see what we can suggest /YM

@349085 Hmm. Is this happening to all playlists or albums? Also, does the issue occur while on 3G/4G, WiFi, or both? /YM

@349085 Can you send us the links to these albums or playlists via DM? Just tap the three dots &gt; Share &gt; Copy Link. We'll take a look backstage /YM https://t.co/ldFdZRiNAt",Sat Oct 21 20:26:31 +0000 2017,Sun Oct 22 00:15:07 +0000 2017
40,26891,224361,1,False,id::93__credit_card__:@SpotifyCares My account was hacked/compromised. I’ve regained access and changed my password but I noticed there w,@224361 Hey there! Looks like your tweet is incomplete. Can you resend that for us? We'll be here waiting /RB,Fri Dec 01 00:55:02 +0000 2017,Fri Dec 01 01:54:39 +0000 2017
41,20542,736695,1,False,.@115888 please explain what's going on. https://t.co/wZ3bCxpGw5,@736695 Hi Anna! Sometimes content gets temporarily removed because of licensing changes. Hopefully we'll have it available again soon /MU,Fri Nov 17 08:40:34 +0000 2017,Fri Nov 17 08:56:05 +0000 2017
42,22683,267249,1,False,@SpotifyCares I just went to pay for premium using PayPal and the page bugged out. Don't wanna attempt again in case I get charged twice. Any help?,"@267249 Hey Yazmin, we're here to help! Could you DM us your account's username and email address? We'll take a look backstage for you /BX https://t.co/ldFdZRiNAt",Wed Nov 22 15:01:13 +0000 2017,Wed Nov 22 17:10:59 +0000 2017
43,11335,282723,1,False,@115888 I don't care about Call of Duty. Stop upsetting my baby with gunshot sounds every other song.,@282723 Hey! Can you DM us your account's email address? We'll check backstage and see what we can suggest /NY https://t.co/ldFdZRiNAt,Sat Oct 28 11:44:38 +0000 2017,Sat Oct 28 14:34:42 +0000 2017
44,10035,406580,1,False,"Dear @115888 - it would be super handy if we could edit the order of songs in playlists on phones... https://t.co/ZOLl1uzl0H

@SpotifyCares THANK YOU!!  👏🏻💃🏼👏🏻","@406580 Hi Amanda! You can sort the songs in your playlists by following our guide here: https://t.co/5hjtm5AdqM /AU

@406580 You're welcome! Let us know if you ever need us again. We'd be... https://t.co/LgAM6ky9Vv 🙂 /AU",Wed Oct 25 14:33:52 +0000 2017,Wed Oct 25 16:07:46 +0000 2017
45,13816,472404,1,False,Why don’t Spotify do a ‘recently added’ like iTunes? Why’s Spotify shuffle so poor? Cmon guys @SpotifyCares,@472404 Hey there! We can see how that’d be handy. Thanks for taking the time to reach out – your feedback's been noted 📝 /MQ,Fri Nov 03 15:48:39 +0000 2017,Fri Nov 03 16:43:31 +0000 2017
46,27041,228590,1,False,"You should build a podcast app, @115888",@228590 We can see how that’d be useful! We’d recommend suggesting it in our Community where you can get support from other fans: https://t.co/D6JsbrPT3P /JN,Fri Dec 01 10:32:44 +0000 2017,Fri Dec 01 12:22:45 +0000 2017
47,27083,229355,1,False,@SpotifyCares Thx spot,"@229355 Hey! We've just sent you a bit more info over DM. We'll carry on helping out there /SP

@229355 No worries, we're always happy to help! Give us a shout if you need us again /SP",Fri Dec 01 13:33:25 +0000 2017,Fri Dec 01 13:50:43 +0000 2017
48,4245,541189,1,False,@115888 please tell me you’re going to release an AppleWatch app soon!? Want to run w/o phone!,@541189 Hey there! Check out the official idea and add your vote to let our devs know it's something you'd like to see: https://t.co/SEK4E3YGDs /DD,Fri Oct 13 05:11:23 +0000 2017,Fri Oct 13 05:22:51 +0000 2017
49,21738,771335,1,False,"@SpotifyCares i downloaded the app to create an account,and it wont let me??i tap the button and nothing is happening,yet i redownloaded the app again and same things happening","@771335 Hey Hannah, help's arrived! Can you let us know your device, operating system, and Spotify version? We'll see what we can suggest /PC",Mon Nov 20 19:34:47 +0000 2017,Mon Nov 20 21:28:37 +0000 2017
50,28075,254216,1,False,@115888 Please bring Spotify to #BlackBerry10,@254216 Hey there! We hear you loud and clear. We can’t make any promises but we’ll pass your feedback onto the right folks /NQ,Sun Dec 03 03:54:03 +0000 2017,Sun Dec 03 04:21:50 +0000 2017
51,16427,634063,1,False,Spotify Premium for students!* *We only count college students so fuck you all,@634063 Hey! We've just sent a DM your way. Let's carry on chatting there /JQ,Thu Nov 09 02:34:08 +0000 2017,Thu Nov 09 03:09:22 +0000 2017
52,7232,217299,1,False,"@SpotifyCares your web player is not working.  Either nothing happens when I click play, or it says ""This song is not available"".

@SpotifyCares I tried everything you suggested, cleared cookies and cache, using incognito browser...

@SpotifyCares Thanks.  

I am using Chrome Version 60.0.3112.113 (Official Build) (64-bit) on Mac Yosemite 10.10.5","@217299 Hey, thanks for keeping us posted. What browsers have you tried? Could you also let us know the operating system you're on? /AY

@217299 Got it. Try logging out &gt; restarting your device &gt; logging back in. Does that make a difference? /AY",Thu Oct 19 13:51:31 +0000 2017,Thu Oct 19 14:52:05 +0000 2017
53,26055,813005,1,False,"Hey, @SpotifyCares love that you added the ability to like or dislike songs in Discover Playlists. Looking forward to seeing how this improves my list in the future.

@SpotifyCares No, I was saying that I noticed that it's now a feature when I play my Discover list and just wanted to let you know I appreciate it!","@813005 Hey, we can see how that’d be useful! We’d recommend suggesting it in our Community where you can get support from other fans: https://t.co/D6JsbrPT3P /JM

@813005 Oops, apologies for the oversight. We're glad that you liked it! Give us a shout if you ever need us again. We'd be... https://t.co/LgAM6ky9Vv 💚 /JM",Wed Nov 29 13:25:07 +0000 2017,Wed Nov 29 14:29:00 +0000 2017
54,11903,713014,1,False,@SpotifyCares I need help! I’m being charge Monthly for an account I made which I forgot the username to.,@713014 Hey Matthew! We've just sent you a bit more info over DM. We'll carry on helping out there /KB,Mon Oct 30 03:36:22 +0000 2017,Mon Oct 30 04:13:35 +0000 2017
55,4240,369725,1,False,"@115888 When Russia will be the Spotify, you need to open access for Russian users?

@SpotifyCares Well, let's wait and hope that very soon it will appear in Russia. And thanks for the answer)","@369725 Hey there! We're launching in new countries as often as possible. Be sure to add your email at https://t.co/X8DVSXrr8k /AN

@369725 You're welcome! If you ever need anything else, just shout and we'll come running 🏃 /JX",Fri Oct 13 04:52:08 +0000 2017,Fri Oct 13 21:05:10 +0000 2017
56,23871,364803,1,False,Hey @115888 - I still don’t have access to my Spotify account after submitting information 10 months ago... can we fix this?,"@364803 Hi Cheyanne, help's here. Can you DM us your account's email address? We'll check backstage and see what we can suggest /NY https://t.co/ldFdZRiNAt",Sat Nov 25 05:50:11 +0000 2017,Sat Nov 25 11:21:26 +0000 2017
57,6456,530160,1,False,"Hey @115888, what happened to Slash Records? A bunch of punk classics are gone. :/","@530160 Hi, sometimes content gets temporarily removed because of licensing changes. Hopefully we'll have it available again soon! /RB",Tue Oct 17 20:59:42 +0000 2017,Tue Oct 17 22:10:59 +0000 2017
58,26618,136355,1,False,"@117153 if a user had a Spotify account through PSN, and they cancelled the PSN account, will that also cancel their premium account with Spotify? I no longer have the premium access, though I paid for it last month.",@136355 Hi there! Can you DM us your account's email address or username? We'll take a look under the hood /XF https://t.co/ldFdZRiNAt,Thu Nov 30 15:35:44 +0000 2017,Thu Nov 30 15:53:39 +0000 2017
59,2034,201245,1,False,So annoyed at @SpotifyCares. I pay for Spotify premium but it says it's 'unable' to log me in with an email and password I know is correct 😡,@201245 Hey Charlie! Can you DM us your account's email address and username? We'll take a look backstage /SU https://t.co/ldFdZRiNAt,Sun Oct 08 14:48:45 +0000 2017,Sun Oct 08 16:40:35 +0000 2017
60,15428,522425,1,False,What happened @SpotifyCares ?? #30daysinsteadof60 https://t.co/vtgwUX5p0m,@522425 Hey Annie! Can you DM us your account's username or email address? We'll take a look backstage /YM https://t.co/ldFdZRiNAt,Tue Nov 07 05:43:09 +0000 2017,Tue Nov 07 06:00:53 +0000 2017
61,2612,327994,1,False,@115888 pls bring back the lyrics feature and create an option to change usernames. some of us created our accounts in 5th grade so...,"@327994 Hey there! Thanks for sharing your thoughts. Both are unavailable at the moment. Rest assured, all feedback are heard /PB",Mon Oct 09 21:00:18 +0000 2017,Mon Oct 09 21:55:11 +0000 2017
62,22340,779544,1,False,"@SpotifyCares Hi. I’m trying to give you guys money, but you have yet to repair the glitch allowing people to update their payment information. How do I resolve?",@779544 Hey there! Can you DM us your account's username and email address? We'll take a look backstage /SY https://t.co/ldFdZRiNAt,Tue Nov 21 19:47:49 +0000 2017,Tue Nov 21 21:05:12 +0000 2017
63,9565,392151,1,False,"How is it that every update to the @115888 android app makes it progressively worse?

@SpotifyCares it's very slow and unresponsive. Takes a while for the app to load. Sony Z2 running Android 5.1.1.

@SpotifyCares i never had any problems with older versions of the app.

@SpotifyCares I appreciate that the phone is 3 years old but the app used to work flawlessly. Each version now seems slower/ worse.

@SpotifyCares 8.4.17.640.... Apparently 😉 https://t.co/alDUpdvlyt

@SpotifyCares No, restarting doesn't help. Tbh i don't think there is much you can do. It's more that i wanted to provide some feedback​.","@392151 Hey! Can you let us know what's happening exactly? We'll keep an eye out for your message /RC

@392151 Can you let us know the Spotify version that you're using? We'll see what we can suggest /RC

@392151 Got it. Does logging out and restarting your device help? Let us know how it goes /RC

@392151 Hmm. We've just released a new version of the app. Could you try if upgrading helps? Just follow the steps here: https://t.co/EqisDMwZAT /RC",Tue Oct 24 14:33:22 +0000 2017,Tue Oct 24 16:26:28 +0000 2017
64,27758,252768,1,False,"@SpotifyCares I opened up Spotify last night and a bunch of artists/albums I had saved to my Library are completely missing, including ones downloaded to my iPhone 8 Plus. Can someone help me out?

@SpotifyCares It happened to albums that were downloaded and undownloaded. For example, I had every Relient K album saved in my library, but not all of them were downloaded to my phone. When I opened Spotify all but one of their albums were not in my Library anymore

@SpotifyCares Well it looks like they’re all back, but the downloads are still removed.
This same thing happened with Israel &amp; New Breed, and 2x4

@SpotifyCares Sure!","@252768 Hey there! What's happening exactly? Are they greyed out or only undownloaded? If you could send us a screenshot, that'd be super helpful. We'll take a closer look /AP

@252768 Thanks for letting us know. Can you also DM us your account's username or email address? We'll take a look backstage /MS",Sat Dec 02 15:33:41 +0000 2017,Sun Dec 03 14:22:47 +0000 2017
65,8495,329940,1,False,"@SpotifyCares hi there

@SpotifyCares Need some help please

@SpotifyCares I'd rather chat in the main room",@329940 Hi Jay. We've just sent a DM your way. Let's carry on chatting there /JU,Sat Oct 21 18:17:18 +0000 2017,Sat Oct 21 22:39:05 +0000 2017
66,4263,318330,1,False,Aight @115888 how about not playing horror movie ads when I’m listening to music to sleep?,"@318330 Hi Jake! Sorry, we didn't mean to scare you. We'll pass your feedback on to our Ads team /AC",Fri Oct 13 05:58:33 +0000 2017,Fri Oct 13 06:07:57 +0000 2017
67,7139,555136,1,False,"@SpotifyCares I'm trying to play @85124 &amp; it keeps saying the song is unavailable, on desktop &amp; mobile - no prob with others. Help?

@SpotifyCares Desktop at work is Windows 7, Spotify version 1.0.65.320.gac7a8e02. Mobile is Samsung S7 edge, so android, using 8.4.23.784 armV7.

@SpotifyCares Already done that, it didn't work :( it's really weird, it only seems to be Banks - everything else I've tried plays fine!

@SpotifyCares  https://t.co/z1EnWzxWM0","@555136 Hi Peter, that doesn't sound good. Could you let us know the operating systems and Spotify versions you're running on both devices? /JO

@555136 Gotcha. Can you try logging out, restarting both devices, and logging back in to see if it makes a difference? /JO

@555136 Can you send us a screenshot of the exact error message? We'd like to take a closer look /KM

@555136 Thanks. Can you DM us your account's email address or username? We'll check backstage /KM https://t.co/ldFdZRiNAt",Thu Oct 19 09:52:11 +0000 2017,Thu Oct 19 12:28:22 +0000 2017
68,3384,537031,1,False,@115888 @116130 why is there no option for a ‘clear all’ in the recently played section? It’s very tedious doing it one by one 😴 #iphone,"@537031 Hey Kirk, the cavalry's arrived! We can see how that’d be useful! You can vote for the official idea here: https://t.co/KKJ7MP4h4F /PX",Wed Oct 11 17:19:14 +0000 2017,Wed Oct 11 17:55:07 +0000 2017
69,27802,252760,1,False,@SpotifyCares hi i tried paying for Spotify premium on the 99p offer but some how its disappeared when i went to subscribe,@252760 Hi there! Can you DM us your account's email address or username? We'll take a look backstage /NQ https://t.co/ldFdZRiNAt,Sat Dec 02 17:03:51 +0000 2017,Sun Dec 03 01:15:58 +0000 2017
70,3282,299854,2,True,"@115888 Any chance you can tell me the presale code to the First Aid Kit concert in Toronto?! Please.

@SpotifyCares No worries. I guessed it and got tickets :)","@299854 Hey Katie! We're afraid we're not offering any pre-sale codes for that specific event. Hope that clears things up /JE

@299854 Awesome! If there's anything else we can help with, feel free to drop us a tweet. https://t.co/uEkAlnxbzn 😁 /JE",Wed Oct 11 13:42:36 +0000 2017,Thu Oct 12 16:14:54 +0000 2017
71,24036,499051,1,False,@SpotifyCares https://t.co/777rIXhISF,@499051 Hey Cora! Could you send us a DM with your account's email address? We'll take a look backstage /CH https://t.co/ldFdZRiNAt,Sat Nov 25 18:16:41 +0000 2017,Sun Nov 26 04:07:28 +0000 2017
72,21764,771096,1,False,@SpotifyCares I just downloaded the Android app and I cannot figure out how to start a playlist with my own music. Please reply with a link for instructions,"@771096 Hey Mike, the cavalry's here! You can head over at https://t.co/a38Mc2DlCx for useful info about playlists. Hope that helps 🙂 /JE",Mon Nov 20 20:41:22 +0000 2017,Mon Nov 20 21:01:20 +0000 2017
73,18543,679181,1,False,"@115888 I️ am a premium member and all of my music is downloaded to my phone. So, why won’t all of my artists show up in my artist file when I️ don’t have service?

@SpotifyCares Yes that is correct.

@SpotifyCares Yes, I️ can get you a pic. I️ have service now thought, so I️ am not having an issue at the moment.","@679181 Hey! Help's here. Just to confirm, are you referring to the artists of the tracks you've downloaded for offline listening? /CP

@679181 Thanks for confirming. Can you send us a screenshot of how this looks like from your end? We'll take a look /CP

@679181 We appreciate the heads up. Once you have the photo available, send it over so we can have a look. We'll keep an eye out for your update /CP",Mon Nov 13 15:36:57 +0000 2017,Mon Nov 13 18:00:52 +0000 2017
74,11225,439865,1,False,@SpotifyCares I'm having trouble linking my bands (https://t.co/NXxFHG5rrq) concerts to tickemaster - https://t.co/lb6cAHfWRG? Can you help?,@439865 Hey there! This is something for our Artist Services team. You can get in touch with them at https://t.co/p1wbtdELHu /MG,Sat Oct 28 00:20:41 +0000 2017,Sat Oct 28 00:58:46 +0000 2017
75,8547,347716,1,False,"@115888 SheerID is unable to verify my studentstatus. Anything you guys can do about this? I'm enrolled in 2 universities :(

@SpotifyCares Not sure how this is supposed to help me, this is the marketing page for the Student subscription. SheerID is not verifying me as a student","@347716 Hey, help's here! Could you try again at https://t.co/PS8Iw4U2Oj on an incognito window? We'd also suggest using a desktop. Any better? /GN

@347716 We've just sent you a bit more info over DM. We'll carry on helping out there /DD",Sat Oct 21 20:58:46 +0000 2017,Sun Oct 22 01:59:57 +0000 2017
76,18665,682353,1,False,"Damnit @SpotifyCares make it so we can go back and save a weekly playlist. Sometimes forget to save songs than by Monday they are gone.

@SpotifyCares Ya, those 5 songs I really wanted to save from last week but can’t find now. Ha","@682353 Hey there! We'll gladly let the right folks know it's something you'd like to see. Let us know if anything else comes up /BH

@682353 We understand! Fingers crossed you'll find them again soon. If you need us again, just give us a shout. We're here around the clock 🙂 /BH",Mon Nov 13 20:44:44 +0000 2017,Mon Nov 13 22:13:53 +0000 2017
77,9451,566887,1,False,"Hey @SpotifyCares, can I be added to a premium family account if we live in different countries?","@566887 Hey there! Currently, all members of a Premium for Family plan must reside at the same physical address. Hope this clears things up /AR",Tue Oct 24 05:02:36 +0000 2017,Tue Oct 24 05:18:09 +0000 2017
78,20185,727606,1,False,@SpotifyCares I'm having issues my family subscription please help asap!,"@727606 Hey there, help's here! Could you DM us exactly what's happening? We'll see what we can suggest /CG https://t.co/ldFdZRiNAt",Thu Nov 16 18:09:07 +0000 2017,Thu Nov 16 18:21:06 +0000 2017
79,5474,545537,1,False,I take too much pride in my music playlists. @115888 hire me already,@545537 Hey Eden! You can check out https://t.co/c1Z94oBFOl for any available positions. Give us a shout if you have any other questions 🙂 /CH,Mon Oct 16 01:50:08 +0000 2017,Mon Oct 16 04:23:31 +0000 2017
80,14312,490196,1,False,@SpotifyCares Is there any possible way to disconnect my cousins facebook from my spotify via xbox or phone?,"@490196 1: Hi Nick! We're afraid you can't do that from your phone or Xbox, but you can disconnect your cousin's Facebook profile using your...

@490196 2: computer. Just follow these steps: https://t.co/uafhOEnKkW. Let us know how it goes 🙂 /RR",Sat Nov 04 18:36:15 +0000 2017,Sat Nov 04 21:23:25 +0000 2017
81,14433,491562,1,False,"@SpotifyCares volume on Spotify has decreased significantly not a recent issue but considering canceling. Seen it on the community forum too

@SpotifyCares iPhone 8 plus but also happened on my 7 plus. iOS 11 for the 8 plus, most recent iOS 10 point version on the 7 plus.

@SpotifyCares This has been happened for I would say the greater part of 2017. Can hear ambient sounds through the loudest setting on my beats headphones

@SpotifyCares Couldn’t say I mostly listen mobile

@SpotifyCares Happens on everything. Soundcloud is noticeably louder. Nope

@SpotifyCares I don’t think the issue is maybe what you’re thinking? This has been an issue for months, across multiple phones/OSes. Have of course

@SpotifyCares Restarted, redownloaded, relogged in during that time

@SpotifyCares Would really rather you just put in a bug report w/ devs. I love Spotify but this volume issue honestly kills it","@491562 Hey there! Can you let us know which device and operating system you're using? We'll see what we can suggest /NQ

@491562 Thanks for letting us know. Does the same thing happen when you're using a different device, such as a desktop computer? /NQ

@491562 Got it. Is this happening via WiFi, 3G/4G, or both? Does restarting your connection make any difference? /NY

@491562 Okay. Can you try logging out of Spotify, restarting your device, and logging back in to see if that helps? Keep us posted /NY

@491562 Could you DM us your username or email address so we can take a closer look? /JU https://t.co/ldFdZR1cbT",Sun Nov 05 02:38:18 +0000 2017,Mon Nov 06 05:59:21 +0000 2017
82,10426,414431,1,False,This is hella annoying!!  @115888 https://t.co/5T9nLSKGkm,"@414431 Hi Francisco! We'd love to have them on Spotify! Hopefully, we will in the future. Check this out: https://t.co/MEjmIRL2eB /HC",Thu Oct 26 06:51:54 +0000 2017,Thu Oct 26 07:01:21 +0000 2017
83,24902,795213,1,False,"@115888 App won't load on my Galaxy S8+. Bit naughty considering I pay for premium.

@SpotifyCares Already tried with no success

@SpotifyCares App doesn't load, only this black screen, and then press anything (library for example) and this message pops up https://t.co/CYVq3xXLTj

@SpotifyCares Yes I have tried both. Also reinstalled over WiFi and 4g

@SpotifyCares I only have this device. Are you going to try and fix the problem or carry on asking me stupid questions?","@795213 Hey there! Could you try uninstalling and reinstalling the app? Let us know how it goes /DF

@795213 Got it! Could you send us a screenshot of the issue you're having? Keep us posted /DF

@795213 Is this happening while connected to WiFi, 3G/4G or both? /DF

@795213 Got it! Does this happen on multiple devices? Keep us posted /DF

@795213 We understand. Can you DM us your account's email address or username? We'll take a look backstage /SF https://t.co/ldFdZRiNAt",Mon Nov 27 20:17:36 +0000 2017,Tue Nov 28 01:29:43 +0000 2017
84,1968,199557,1,False,"By the looks of it this is very common and no one has found a solution? https://t.co/PaLfaUg6A0 @115888 @116130

@SpotifyCares Turns out it's my crappy @115858 headphones causing the problem. Nevermind!

@SpotifyCares Well, I tried using the headphones with iTunes and the same thing happened. Headphones are toast. Sad times. @115858

@SpotifyCares Lol k thanks for you recommendation.","@199557 Hi Andrea, help's here. Can you let us know the iOS and Spotify versions you're running? We'll see what we can suggest /NY

@199557 Got it. Just to be sure, are the tracks no longer skipping when you use a different set of headphones? Keep us posted /NY

@199557 Okay. For now, we'd recommend using a different headset. Let us know if you need anything else. We'd be... https://t.co/LgAM6ky9Vv /NY

@199557 Anytime! We'll be here if you need us 😁 /JI",Sun Oct 08 10:11:18 +0000 2017,Mon Oct 09 17:38:38 +0000 2017
85,9787,379855,1,False,"@115888 @117168 how and why is #Spotify using 7.1GB with 0 songs downloaded??? 👀 https://t.co/zmn1wYhbKC

@115888 @117168 Give us the ability to clear caches like the android app 🙏","@379855 1: Hey there! We can’t make any promises but we’ll pass your feedback onto the right folks. Could you DM us your account's...

@379855 2: email address or username? We'll take a look under the hood /RH https://t.co/ldFdZRiNAt",Tue Oct 24 22:58:23 +0000 2017,Tue Oct 24 23:43:53 +0000 2017
86,1803,196641,1,False,@SpotifyCares Hey guys - been paying for Premium but iPhone says Free.  Uninstalled &amp; still the same.  Works on desktop.  Running Sonos.,@196641 We've just sent you a DM 🙂 /SU,Sat Oct 07 21:30:51 +0000 2017,Sat Oct 07 22:27:40 +0000 2017
87,6788,603559,1,False,Also.... WTH? @SpotifyCares https://t.co/ZrXcentOEe,"@603559 Hey! There's more info here: https://t.co/pXBCq8GlsI. Also, It's best to try a reinstall: https://t.co/3FU57oyTNJ. Keep us in the loop /KL",Wed Oct 18 16:17:37 +0000 2017,Wed Oct 18 16:49:31 +0000 2017
88,17705,785667,1,False,"@115888 I signed up for Premium for Family. Sent an invitation to my son. When he clicks on the ""accept invitation"" button in his email it DOES NOT REDIRECT TO THE REDEEM PAGE - there is no where to insert the token. We are going to cancel if we don't get the redeem page. HELP!","@785667 Hey Emily, help's arrived. Can you DM us the email addresses or usernames on your and your son's accounts? We'll check backstage /LP https://t.co/ldFdZRiNAt",Sat Nov 11 16:26:21 +0000 2017,Sat Nov 11 18:34:58 +0000 2017
89,27765,252240,1,False,@SpotifyCares are you able to rearrange track order within playlists on mobile (Android)?,"@252240 Hey there! We're afraid this isn't possible right now, but we'll let the right team know it's something you'd like to see /NQ",Sat Dec 02 15:45:51 +0000 2017,Sun Dec 03 00:13:06 +0000 2017
90,2384,207311,1,False,&gt; @115888 : Never thought about adding new songs at the top of the list ?? bottom is too far #SaveMyFinger by #UX @83467 @83468 https://t.co/8xzqxhKKGD,"@207311 Hey, thanks for the feedback. For now, you can follow the steps here: https://t.co/5hjtm5AdqM. Hope this helps /NY",Mon Oct 09 11:02:19 +0000 2017,Mon Oct 09 12:25:46 +0000 2017
91,24164,137677,1,False,@SpotifyCares how do i cancel 30 day free trial,"@137677 Hey! To cancel your subscription, head to https://t.co/xmAXUGNEqM. If you have other questions, just give us a shout /RA",Sun Nov 26 01:20:45 +0000 2017,Sun Nov 26 05:21:10 +0000 2017
92,20667,250955,1,False,"@SpotifyCares any news on @118062 's new album, I'm sure i read it would be streaming today

@SpotifyCares hi how do i stop spotify starting up on my computer automatically?

@SpotifyCares ok thank you","@250955 Hi there. Taylor Swift's 'Reputation' isn't available to stream just yet – stay tuned! For now, check out the singles: https://t.co/3h0TnPWP0c /NH

@250955 Hey Amanda! You can change this by opening up the Settings Menu in the top-right corner and click on Advanced Settings. Under 'Startup and Window Behavior', you can choose to have Spotify open, minimized or neither upon startup. Hope this helps /JX

@250955 You're welcome! If you ever need anything else, just shout and we'll come running 🏃 /JX",Fri Nov 17 13:08:19 +0000 2017,Fri Nov 17 18:33:17 +0000 2017
93,10296,411581,1,False,"@SpotifyCares When I use spotify on my iphone it doesn's show that I'm playing music on the control center or the lock screen, help

@SpotifyCares iPhone 6S iOS 11.0.3, spotify version 8.4.22.215","@411581 Hey Brett! Can you let us know your device and the exact operating system and Spotify versions you're running? We'll look into it /GS

@411581 We understand. Our tech folks are aware of this, and they're on the case as we speak. Hopefully we'll have a fix soon! /GS",Wed Oct 25 22:56:43 +0000 2017,Wed Oct 25 23:03:01 +0000 2017
94,20832,742524,1,False,"@SpotifyCares I contacted you because my service kept getting shut down because someone else is supposedly using it, you locked down my account and your chat system booted me when I tried to upload am attachment as you requested. Contact me!","@742524 Hi Kyle! That doesn't sound good. Can you DM us your account's username or email address? We'll see what we can suggest /DN

@742524 Thanks. We'd recommend deleting the last tweet as it contains your private info. Can you send us a DM instead? /DN https://t.co/ldFdZRiNAt",Fri Nov 17 17:23:19 +0000 2017,Fri Nov 17 17:33:14 +0000 2017
95,23631,152988,1,False,@115888 you mean to tell me I pay 10 dollars a month for you to have only 3 RBD songs? I’m heartbroken https://t.co/siBTlHyYfA,"@152988 We’d love to have all of their stuff available, but we have some info about content here: https://t.co/0i8GpimuDa /DF",Fri Nov 24 16:37:14 +0000 2017,Fri Nov 24 18:28:00 +0000 2017
96,3251,296358,1,False,"@SpotifyCares why can't i change  the cover/description of my playlists?? it seems like everyone else can but me?? 😔

@SpotifyCares yes!

@SpotifyCares 1.0.20.101","@296358 Hi there! Just to check, are you using the desktop app to change your playlist cover: https://t.co/aGZZKzSM3w? /RE

@296358 Thanks for the info. Can you let us know the Spotify version you're using? We'll see what we can suggest /RE

@296358 Got it. Could you check if there's any update for your Spotify app: https://t.co/HtMvdO0PgI? Let us know how you get on /RE",Wed Oct 11 11:37:29 +0000 2017,Wed Oct 11 14:02:47 +0000 2017
97,22601,267077,1,False,"Hey @115888.

Cool new slick thing you're doing with the tiny player, but imagine how much cooler if it would be if I could actually see whose track I'm playing and what the track is called... 

Just a suggestion from somebody who likes music.",@267077 Hi there! Thanks for the feedback. We'll be sure to pass it onto the right team. Let us know if there's anything else we can do to help /DV,Wed Nov 22 10:44:13 +0000 2017,Wed Nov 22 14:42:34 +0000 2017
98,15641,530692,1,False,"@SpotifyCares Hey there. Currently getting skipping during songs. Playing on Macbook Pro OS 10.12.6. Any suggestions? Have latest Spotify.

@SpotifyCares Hey thanks for getting back! A laptop restart seems to have fixed it and turns out it was all my audio not just Spotify. 🤗","@530692 Hey Cormac, help's here! Could you confirm the exact app version? Does it happen during all songs? We'll see what we can suggest /T

@530692 Ahh, good news! We'll be right here if you need anything else. Happy listening 🙂 /T",Tue Nov 07 16:15:08 +0000 2017,Tue Nov 07 21:13:55 +0000 2017
99,23444,145915,1,False,@7443 could you possibly get Bus That back on @115888 @SpotifyCares,"@145915 Hey there! Sometimes content is temporarily removed due to licensing, but we hope to have it back soon: https://t.co/VMrgnGpB4G. Hope this clears things up /GK",Fri Nov 24 06:08:53 +0000 2017,Fri Nov 24 08:06:22 +0000 2017
100,21304,758106,1,False,"@SpotifyCares: How can I change the language on Spotify? Somehow it’s Spanish on my phone and English on other devices

@SpotifyCares Thanks. Now I can see that the second language on my phone - after Danish - was Spanish. I’ve changed it to English now 😊","@758106 Hi Lotte! Help's here. Can you check if the app is set in English? Here's our guide: https://t.co/t2KkkFsxr7. Keep us posted /PB

@758106 Awesome! Let us know if you ever need us again. We'd be... https://t.co/LgAM6ky9Vv 🙂 /AY",Sun Nov 19 15:57:48 +0000 2017,Mon Nov 20 13:27:38 +0000 2017
101,9015,366456,1,False,@115888 when are you guys gonna put in a sleep timer on the app?,@366456 Hey there! A sleep timer is a great idea. Help make it happen by adding support here: https://t.co/pMmX7wXq24 /RS,Mon Oct 23 07:38:34 +0000 2017,Mon Oct 23 09:04:28 +0000 2017
102,25445,806625,1,False,"Is anyone else’s @115888 down??

@SpotifyCares Thank for checking in and responding guys! Really appreciate it!","@806625 Hey! We were off beat for a second, but we’re back on track now (excuse the puns) /JE

@806625 You're welcome! Let us know if you ever need us again. We'd be... https://t.co/LgAM6ky9Vv 💚 /BP",Tue Nov 28 20:41:05 +0000 2017,Wed Nov 29 05:24:14 +0000 2017
103,13986,477790,1,False,Having a crisis about whether to start streaming rather than downloading music. Can u guys tell me what the perks of @115888 premium are?,@477790 Hi there! We have more info about this here: https://t.co/08kG2GBNp5. Let us know if you have any other questions /DN,Fri Nov 03 21:29:55 +0000 2017,Fri Nov 03 22:58:27 +0000 2017
104,6740,571693,1,False,"@spotifycares web player stuck on advertisement but wont play it. Greyed out. Rebooted and logged in and out already. Thank you!

@SpotifyCares That was fast! Im using windows 7 professional. It is an hp desktop. Web player

@SpotifyCares Better! Thank you!","@571693 Hey there! What device and operating system are you using? We'll lend a hand /SY

@571693 Thanks! Can you try logging out, restarting your desktop, and getting back in after a few minutes? Any better? /GN

@571693 No worries! Just give us a shout if anything else comes up. We're... https://t.co/zOXI69QSqg 🙂 /GN",Wed Oct 18 14:45:31 +0000 2017,Wed Oct 18 15:40:18 +0000 2017
105,5544,545655,1,False,"that time of the night folks https://t.co/0Phpj0SjPZ

you are the coffin came on and spotify crashed. why do you hate depressed people @115888","@545655 Hey there! Can you let us know the device, operating system, and Spotify version you're using? We'll see what we can suggest /GK",Mon Oct 16 05:37:06 +0000 2017,Mon Oct 16 06:48:58 +0000 2017
106,17843,665442,1,False,"@115888 where is 'Reputation'?! https://t.co/fc04Wpbakl

@SpotifyCares I already have heard them.. I want to listen to the album

@SpotifyCares I hope so","@665442 Taylor Swift's 'Reputation' isn't available to stream just yet – stay tuned! For now, check out the singles: https://t.co/3h0TnPWP0c /DF

@665442 Fingers crossed we'll be able to have it soon! Don't worry, we'll pass your feedback on to the team /KM

@665442 We'll do our best to have it available to you and other listeners. If there's anything else, just let us know! /KM",Sat Nov 11 21:50:06 +0000 2017,Sun Nov 12 10:52:43 +0000 2017
107,21979,325108,1,False,"My Mom was all excited about a holiday playlist she made on Spotify, and went to her Roku to play it for us, only to find no playlist support whatsoever... truly disappointing 😕@spotifycares @181080

@SpotifyCares Thanks for the reply. It still doesn't help my Mom, who just wants to play with a streaming kit we got her for Christmas last year (when playlists WORKED). That post is from 8 months ago. No solution yet? I love your service otherwise, work with your customers on this!","@325108 Hey Carlos! We have some info about the Spotify app on Roku here: https://t.co/titMn0j3Im. Give us a shout if there's anything else /YM

@325108 We hear you. Rest assured, your feedback is being heard while we work with Roku on the best path forwards /YM",Tue Nov 21 05:35:50 +0000 2017,Tue Nov 21 06:20:42 +0000 2017
108,22726,273120,1,False,"@SpotifyCares My premium subscription offer from Rogers expires today and they can not answer any questions about keeping my account and my music with you

@SpotifyCares I sent several emails to Spotify support on my problem- no response???",@273120 Hey there! Sorry for the delay. We've just replied to your DM. Let's continue chatting there /JP,Wed Nov 22 16:18:00 +0000 2017,Wed Nov 22 18:19:44 +0000 2017
109,9485,564646,1,False,"@125633 I sent you several emails these last months, and I still have no answer...",@564646 Hey Juanito! We'll get these chased up for you. Can you DM us the email address you reached out from? /J https://t.co/ldFdZRiNAt,Tue Oct 24 08:11:05 +0000 2017,Tue Oct 24 08:29:04 +0000 2017
110,27622,248469,1,False,@SpotifyCares need to speak to someone about a payment query. Have spent 30 minutes trying to find an email address or message on FB as I don't use twitter. But to no avail. Help?,@248469 Hey Paula! You can contact us through email at https://t.co/zu6tKiIYUg. We'd love to help here as well; just DM us your account's username or email address. Let us know how you'd like to proceed /LP https://t.co/ldFdZRiNAt,Sat Dec 02 08:47:59 +0000 2017,Sat Dec 02 19:20:23 +0000 2017
111,13946,591755,1,False,@115888 why has all of my music no long synced and download on my phone?,"@591755 Hi Abbie, that's not fun! Check out the steps under “Downloads unexpectedly removed” at https://t.co/38J7tFlIBF. Keep us posted /TY",Fri Nov 03 19:55:56 +0000 2017,Fri Nov 03 20:31:15 +0000 2017
112,11764,709204,1,False,"@SpotifyCares Could you guys help me? Format my computer and then tried reinstalling Spotify. But I keep getting error code 50 https://t.co/OQjWhTjfK1

@SpotifyCares Already deactivated my antivirus AND firewall while I also tried downloading it on a different browser. Everything else works though..

@SpotifyCares Just trying to download the current version from the Spotify site. I have Windows 8.1.

@SpotifyCares Downloaded Spotify on the Softonic website, which was an older version. After using it today, it magically updated to the latest version. :)

@SpotifyCares So it's working now. Thanks for the responses NS. :)","@709204 Hey there! Can you let us know what Windows and Spotify versions you're running? We'll see what we can suggest /NS

@709204 Got it. Could you try installing the app in Safe Mode? Let us know how it goes /NS

@709204 No worries, glad to hear everything is working as it should! If you ever need us again, just shout 🙂 /MQ",Sun Oct 29 19:25:04 +0000 2017,Mon Oct 30 14:36:07 +0000 2017
113,25579,807659,1,False,When you want to create a playlist on @115888 and it isn’t working 🙄😫,"@807659 Hi there, thanks for bearing with us. Spotify should be working perfectly again! /JS",Tue Nov 28 21:02:36 +0000 2017,Wed Nov 29 00:12:43 +0000 2017
114,5963,472109,1,False,".@SpotifyCares: Web player does not work anymore. Unable to play anything and yes, I tried it on different web browsers and clear cache. :(

@SpotifyCares No error message at all. Just this. https://t.co/rhOFARxYak

@SpotifyCares Tried that already. :( Happens at other locations.

@SpotifyCares Yes.","@472109 Hey Monica! That doesn't sound good. Just to check, are you getting any error messages? We'll be waiting for your reply /RK

@472109 Got it. Could you try rebooting your PC and router? Let us know how it goes /RK

@472109 Hmm. Have you tried logging in to your account using a different desktop/laptop? If so, did the same thing happen? /RK

@472109 We'd like to share more info with you. Could you send us a DM? /RK https://t.co/ldFdZRiNAt",Tue Oct 17 00:05:00 +0000 2017,Tue Oct 17 01:39:58 +0000 2017
115,11131,436954,1,False,"@SpotifyCares I have been unable to login and not receiving email for password reset. PLEASE HELP. Other issues w playback, as well. TY",@436954 Hi! We've replied to your DM. We'll carry on helping you there 🙂 /BX,Fri Oct 27 19:32:53 +0000 2017,Fri Oct 27 20:14:07 +0000 2017
116,26695,138412,1,False,"@117153 @115888 My playlists won't start on any browser, even after clearing cookies. Having some issues today?",@138412 Hey there! Could you DM us your account's username and email address? We'll take a look backstage /DF https://t.co/ldFdZRiNAt,Thu Nov 30 17:49:17 +0000 2017,Thu Nov 30 17:57:22 +0000 2017
117,10486,571208,1,False,"Dear @115888, I was interested in that book the first 10 ads I heard.
Now I'm can't stand it already. https://t.co/DlTQkTGNBE","@571208 Hey Claudio, thanks for your feedback - we'll pass it on. For now, check out https://t.co/zgnxs5kPEu if you haven't tried Premium yet /AY",Thu Oct 26 11:14:40 +0000 2017,Thu Oct 26 12:04:43 +0000 2017
118,14747,502630,1,False,@SpotifyCares I need help on my Spotify account. I DM’d you guys earlier,@502630 Hi Anthony! We've replied to your DM. Let's carry on chatting there 🙂 /RI,Mon Nov 06 00:33:35 +0000 2017,Mon Nov 06 01:26:54 +0000 2017
119,13919,474442,1,False,"@125633 just wanted to extend a huge thank you for your guys service 🤘🏻🙏🏻

@SpotifyCares LOL. props for the creativity, thanks guys !","@474442 Hey, thanks! That's great to hear. We're glad to have you with us. We appreciate https://t.co/YJdH7xU3LU you do 😁 /SP

@474442 We're always here for you! Have a great weekend 🙂 /SP",Fri Nov 03 18:55:38 +0000 2017,Fri Nov 03 19:49:46 +0000 2017
120,6626,500616,1,False,"@115888 dunno who this is, but this person is changing the songs i play and adding stuff to my playlist. I dont have other devices online. https://t.co/n165KsC7ZD","@500616 We understand how you feel about it. If you could DM us your account's email address or username, that'd be great /AY https://t.co/ldFdZRiNAt",Wed Oct 18 05:47:23 +0000 2017,Wed Oct 18 05:50:56 +0000 2017
121,2014,179080,1,False,"@SpotifyCares If I purchase a Premium subscription can I later change to a family subscription with out issue?

@SpotifyCares I assume the quality of audio is much better on paid subscription?","@179080 1: You should be able to upgrade anytime. More info about Premium for Family here: https://t.co/bzzki7lPS1.

@179080 2: Also, check out https://t.co/VgOMG9xsiH for details about the audio quality. Let us know if you need anything else /PB",Sun Oct 08 13:49:09 +0000 2017,Sun Oct 08 15:06:03 +0000 2017
122,26801,222238,1,False,@SpotifyCares Hi. I accidently subsribed via Student plan. Money was taken out of my card but i cancelled the verification proccess. Can you help ?,"@222238 Hey there, we've just sent you a DM 🙂 /VK",Thu Nov 30 21:30:46 +0000 2017,Thu Nov 30 22:06:39 +0000 2017
123,8109,330179,1,False,"@115888 my library is filled up and I'm tired of hearing ""Epic collection my friend"" so when are you going to give people more space?",@330179 Hey there! We hear you 🎧 You can vote for the official idea at https://t.co/8OOl8B2i69 to help make it happen /AG,Fri Oct 20 19:17:00 +0000 2017,Fri Oct 20 22:32:56 +0000 2017
124,27442,241231,1,False,"Hey @SpotifyCares my student account reverted to a regular premium account. I reauthorized as a student, now I can't access Hulu. Help.",@241231 Hey Lougi! Could you send us a DM with your account's email address or username? We'll take a look backstage /LO https://t.co/ldFdZR1cbT,Fri Dec 01 23:39:31 +0000 2017,Sat Dec 02 05:13:51 +0000 2017
125,10318,411959,1,False,"@115888: 4x Today, while listening to @328645 Flicker, I’ve been interrupted by Spanish trad songs. What’s up with your algorithm?",@411959 Hey there! Can you DM us your account's email address or username? We'll take a look /NS https://t.co/ldFdZRiNAt,Wed Oct 25 23:47:49 +0000 2017,Wed Oct 25 23:55:00 +0000 2017
126,15850,451866,1,False,"@115888 please put the lyrics back in the desktop app i need it

@SpotifyCares ITS BEEN OVER A YEAR AGO COME ON

@SpotifyCares thanks bae","@451866 Hi, we hear you! Any updates will be posted at https://t.co/osebD49Qxe. We'd recommend voting to support the idea, too /RB

@451866 We understand how you feel. Don't worry, we'll let the right team know it's something you'd like to see /RB

@451866 You're welcome! Let us know if you ever need us again. We'd be... https://t.co/LgAM6ky9Vv /RB",Wed Nov 08 01:09:35 +0000 2017,Wed Nov 08 02:36:34 +0000 2017
127,5115,377160,1,False,"Hey @SpotifyCares, is there any way to change a premium account to a family plan?",@377160 Hey! Can you DM us your account's username and email address? We'll see what we can suggest /JL https://t.co/ldFdZRiNAt,Sun Oct 15 01:40:00 +0000 2017,Sun Oct 15 03:39:50 +0000 2017
128,11098,520153,1,False,@116130 Any chance of an apple tv app anytime soon?,"@520153 Hey Jonathan! We don't have any info on this right now, but we'll let the right team know it's something you'd like to see /GU",Fri Oct 27 18:26:35 +0000 2017,Fri Oct 27 19:20:22 +0000 2017
129,3412,143150,1,False,I really wish the @115888 app for Xbox One had visualizations instead of just displaying the albums.,"@143150 Hey, that'd be cool! We'll let the right team know it's something you'd like. Be sure to support the idea at https://t.co/mUP55foYB3 /MC",Wed Oct 11 18:22:05 +0000 2017,Wed Oct 11 20:10:09 +0000 2017
130,17888,280370,1,False,Why isn’t #reputation on @115888 or @116380 yet? Like Come on! It released 2 days ago and it still isn’t there 😭😭,"@280370 Hi! Taylor Swift's 'Reputation' isn't available to stream just yet – stay tuned! For now, check out the singles: https://t.co/3h0TnPWP0c /JU",Sun Nov 12 00:13:30 +0000 2017,Sun Nov 12 01:01:49 +0000 2017
131,11221,440991,1,False,"@115888 wtf is going on with your app? I can’t play most songs

@SpotifyCares When I click certain songs nothing happens. Same thing happened to my friend

@SpotifyCares iPhone 8, and I’m running the most up to date iOS and Spotify

@SpotifyCares Tried both. Neither worked","@440991 Hi! We're here to help. Just to check, are you getting a specific error message? If so, can you send us a screenshot? We'll take a look /DD

@440991 Hmm. Can you let us know the device, operating system, and Spotify version you're running? We'll see what we can suggest /DD

@440991 Thanks. Does logging out and back in to your account help? If not, can you check if restarting your phone does the trick? /DD

@440991 Thanks for trying! Can you DM us your account's email address or username? We'll have a look under the hood /DD https://t.co/ldFdZRiNAt",Sat Oct 28 00:04:19 +0000 2017,Sat Oct 28 04:45:12 +0000 2017
132,5584,424078,1,False,"It was there on time! And I love you for it, @115888 thx for serving us kpop fans out here in the European wilderness ^^ 💕🙏🏻 https://t.co/Jnaq3KYscw

@115888 #TAEMIN_Move album dropped and you helped me catch it^^ I’m a happy camper!","@424078 No worries! If you need us again, you know where to find us. https://t.co/uQiQuWow27 🙂 /NY",Mon Oct 16 09:33:10 +0000 2017,Mon Oct 16 09:37:35 +0000 2017
133,26160,815348,1,False,"Just ended my 4 year old sub. and switched to Apple Music after you fucked with the sound levels we can't even hear music anymore in public. Good luck. @SpotifyCares

@SpotifyCares Yes, I have tried everything. Using an American iPad helps but I cannot carry an iPad just to listen some music. European devices already have lower dynamics, but recently Spotify took it to a whole new level. BTW I'm using 32 Ohm headphones.","@815348 Hey there, we're sorry to hear that. Have you tried adjusting the audio settings: https://t.co/wdzQFcg4zJ? Let us know how it goes /AL

@815348 We understand your frustration. Thanks for the feedback – we appreciate it! We’ll get this passed onto the right team. If you need anything else, we're here /AL",Wed Nov 29 17:29:38 +0000 2017,Wed Nov 29 19:25:41 +0000 2017
134,9617,393722,1,False,@SpotifyCares I started seeing Polish playlists on home screen. It's probably because I'm based in PL but is there a way to switch it off?,@393722 Hey Piotr! Can you DM us your account's email address and username? We'll take a look backstage /KL https://t.co/ldFdZRiNAt,Tue Oct 24 16:15:10 +0000 2017,Tue Oct 24 17:04:38 +0000 2017
135,26189,818249,1,False,":'-(

@SpotifyCares let me know when you remove your frustrating 10k song library limit.

https://t.co/vANgjQflxL","@818249 Hey Nick! We don’t have any new info about this, but we’ll remind the team it’s a popular request. You can also show your support for the idea at https://t.co/a9TZL1Dqp6. We're sad to see you go - if you need us, we're just a tweet away /RK",Wed Nov 29 18:27:47 +0000 2017,Wed Nov 29 22:31:23 +0000 2017
136,27337,236883,1,False,"@SpotifyCares ... and when I log into my spotify account on your website, it has a very old e-mail address of mine listed.  Service is running fine, but as stated in 1st tweet... something isn't in sync",@236883 Hey there! We're here to help. Can you DM us your account's email address? We'll take a look under the hood /AN https://t.co/ldFdZRiNAt,Fri Dec 01 20:03:44 +0000 2017,Fri Dec 01 21:59:34 +0000 2017
137,17654,363041,1,False,.@115888 PLEASE restore the queue in the Web player ;__;,"@363041 Hey there, we hear you! You can show support for the official idea here: https://t.co/sCzA5zGxSn /TB",Sat Nov 11 14:32:39 +0000 2017,Sat Nov 11 16:22:16 +0000 2017
138,10998,433213,1,False,"Hi @115888 I was wondering why Shawn mendes “Handwritten (Deluxe)” and “Shawn Mendes EP” isn’t on here, is there a way to fix the problem? https://t.co/m6Bi0hsiEb","@433213 Fingers crossed we'll be able to have it soon, but there's info about Spotify content here: https://t.co/0i8GpimuDa /DF",Fri Oct 27 15:07:44 +0000 2017,Fri Oct 27 16:13:00 +0000 2017
139,27626,235213,1,False,@SpotifyCares hi. I’ve forgetting which email I set up my account with and can’t remember my password. Can you help please???,"@235213 Hey Ellie! Sure, we can help. Can you DM us your username? We'll see what we can do /KT https://t.co/ldFdZR1cbT",Sat Dec 02 09:05:45 +0000 2017,Sat Dec 02 09:17:49 +0000 2017
140,6556,540512,1,False,Hopefully @SpotifyCares recognizes me 🙌🏻,@540512 Hey there! We'd love to help out. Can you tell us what's happening exactly? /LO,Wed Oct 18 01:00:15 +0000 2017,Wed Oct 18 01:03:41 +0000 2017
141,5234,547032,1,False,@115888 Please add DNA by @133324 on Spotify‘s Playlist Pop Brandneu,"@547032 Hey! Our Curation team are independent &amp; use taste, data, research, and trends to create playlists, but we’ll pass on your suggestion /RV",Sun Oct 15 12:46:50 +0000 2017,Sun Oct 15 17:38:55 +0000 2017
142,3171,278994,1,False,@SpotifyCares Im about to cancel your garbage app. Wont open &amp; when it does takes 4ever to load the song I want IF it even will play. Y$4it?,"@278994 Hi Jennifer. Don't worry, help's here. Can you tell us what device, operating system, and exact app version you're using? /JU",Wed Oct 11 05:11:19 +0000 2017,Wed Oct 11 05:13:42 +0000 2017
143,14443,315434,1,False,@SpotifyCares hi why does my Student account say it's going to double in price next month? Just wondering!,@315434 Hi there! Can you DM us your account's email address or username? We'll take a look backstage /NQ https://t.co/ldFdZRiNAt,Sun Nov 05 03:06:45 +0000 2017,Sun Nov 05 04:49:58 +0000 2017
144,8468,346946,1,False,@SpotifyCares Hi! I'm having issues with my spotify where it pauses randomly saying its being used elsewhere. Thanks ^^,@346946 Hey there! Could you DM us your account's username and email address? We'll take a look backstage /DF https://t.co/ldFdZRiNAt,Sat Oct 21 16:44:51 +0000 2017,Sat Oct 21 21:55:38 +0000 2017
145,8324,336718,1,False,"@115888 please stop playing creepy Halloween movie ads while I’m in the gym by myself at 1am thanks

@SpotifyCares Thank you! 😌","@336718 Sorry, we didn't mean to scare you! We'll pass your feedback on to our Ads team. For anything else, you know where to reach us /DR

@336718 You're welcome! Let us know if you ever need us again. We'd be... https://t.co/LgAM6ky9Vv /DR",Sat Oct 21 06:14:16 +0000 2017,Sat Oct 21 07:35:42 +0000 2017
146,16178,626613,1,False,"If you follow someone's Spotify playlist, does the creator get notified? Asking for a friend 😅

@SpotifyCares Thank you!","@626613 Hey there! We're afraid not, but we can see how this would useful. Suggest it in our Community at  https://t.co/WgY7GXI7jf 💚 /NG

@626613 You're welcome! If there's anything else we can help with, just give us a shout. https://t.co/m4HWSbgHVZ 💚 /NG",Wed Nov 08 17:09:03 +0000 2017,Wed Nov 08 18:54:18 +0000 2017
147,11413,543551,1,False,"@118266 ngeliat ada artis screen capture ini, ini kok warna spotify nya beda sih? Apa ada white theme atau gmn? https://t.co/mZw5zD6pME

@SpotifyCares I wanna know what app this person using? Why the looks of spotify seems so different? Is there any other white themes or what? Thanks.","@543551 Hi there! We can help out in English via Twitter, but we also have Indonesian support via email at https://t.co/ZgU70TbP8M /NJ

@543551 1: The Spotify account has been accessed through a third-party app which is why the interface and colors are different. We're afraid we...

@543551 2: don't have any more info about the app. Let us know if you have other questions /JU",Sat Oct 28 17:26:15 +0000 2017,Sun Oct 29 06:05:59 +0000 2017
148,25463,806603,1,False,Has @SpotifyCares been DDOSD or something what the fuck,@806603 Hey there! Everything should be running smoothly now. Let us know if this is still happening /LP,Tue Nov 28 20:43:29 +0000 2017,Tue Nov 28 22:52:45 +0000 2017
149,19483,707889,1,False,Hey @115888 when’re you releasing the #iPhoneX version of your app?,"@707889 Hey, we’re working on it as we speak. Stay tuned! /MA",Wed Nov 15 13:32:37 +0000 2017,Wed Nov 15 13:55:24 +0000 2017
150,19496,707878,1,False,@SpotifyCares where is the israel top on the global charts?  thanks,"@707878 Hey there! We're afraid we haven't launched in Israel yet, so we're unable to put together a Top 50 for it on the Charts. Don't worry - we're launching in new countries as often as possible. We'll make sure to pass your feedback on to the relevant folks /SY",Wed Nov 15 13:52:08 +0000 2017,Wed Nov 15 14:08:14 +0000 2017
151,2954,219902,1,False,"How do I setup @115888 w GoogleHome so after playing a specific song it continues to play songs by that artist.

@SpotifyCares LInk provided does not help. Want others songs to play after requesting a specific song, currently it plays the requested song and stops.

@SpotifyCares It's set up on Google Home. The app is also on my smartphone, but a rarely open it.

@SpotifyCares I have never used another device for playback, just my cluster of Google Homes and Chromecast.","@219902 Hi there! Check out more info about Spotify on Google Home here: https://t.co/6tXVssl5I5. Let us know if you're getting the same issue /JM

@219902 Hmm, that's odd. Could you let us know the device, operating system, and Spotify version you're rocking? We'll see what we can suggest /JM

@219902 Just to check, does the issue only happen when using Google Home and not any other devices? Keep us posted /JM

@219902 Got it. Send us a DM with your account's username or email address. We'll take a look under the hood /JM https://t.co/ldFdZRiNAt",Tue Oct 10 17:23:02 +0000 2017,Tue Oct 10 18:40:33 +0000 2017
152,10384,413338,1,False,"@SpotifyCares Its about time you launched spotify in India competition is growing even amazon prime music is launching next week,just saying",@413338 Hey! We're launching regularly in countries around the world. Sign up here to be first to hear: https://t.co/XDwWzj7cLP /RH,Thu Oct 26 03:49:36 +0000 2017,Thu Oct 26 04:06:26 +0000 2017
153,21816,769323,1,False,"Spotify should let you view song rankings at an album level. Popular section is awesome but 10 songs is not enough for artists with careers that span decades.

Like what's the best song from The Cure - Bloodflowers @115888? Tell me.","@769323 Hey Daniel, we can see how that’d be useful! We’d recommend suggesting it in our Community where you can get support from other fans: https://t.co/WgY7GXI7jf /NS",Mon Nov 20 22:44:21 +0000 2017,Mon Nov 20 22:51:29 +0000 2017
154,18563,679165,1,False,"@115888 Having a 'thumbs up/ thumbs down' button on #DiscoveryWeekly playlist may help you refine the weekly selection, even more, for the user. #JustAThought",@679165 We can see how that’d be handy. Thanks for taking the time to reach out – your feedback's been noted 📝 /DF,Mon Nov 13 16:12:55 +0000 2017,Mon Nov 13 17:19:25 +0000 2017
155,24056,507667,1,False,"@SpotifyCares I bought a 6 month voucher in June as gift I’d like to renew/ extend the gift subscription- can’t work out how, pls help!!",@507667 Hi there! Can you DM us your account's email address or username? We'll take a look backstage /NQ https://t.co/ldFdZRiNAt,Sat Nov 25 19:00:52 +0000 2017,Sun Nov 26 04:58:30 +0000 2017
156,13547,250589,1,False,@SpotifyCares why is it so hard to connect my phone and my computer,"@250589 Hey there! Can you let us know the devices, operating systems, and Spotify versions you're using? We'll see what we can suggest /MT",Fri Nov 03 00:34:29 +0000 2017,Fri Nov 03 02:25:11 +0000 2017
157,13506,462956,1,False,"@SpotifyCares i just wanna be able to listen to christmas music at a reasonable rate is that too much to ask

@SpotifyCares im a high school student i wish tho m8","@462956 Hey there! Check out affordable Premium options at https://t.co/xnmO341aEm and https://t.co/epR5Xjw8U3. Hope this helps /AR

@462956 1: We're afraid the student discount isn't currently available for high school students. We'd suggest adding your vote for the idea...

@462956 2: here: https://t.co/B79Dww7rFK /AR",Thu Nov 02 22:44:38 +0000 2017,Thu Nov 02 23:03:04 +0000 2017
158,4691,540295,1,False,@117153 I own premium but not getting all of the benifits that come with it. HELP,"@540295 Hey Drew, help's here! Could you DM us your account's email address and username? We'll take a look backstage 🙂 /CG https://t.co/ldFdZR1cbT",Fri Oct 13 22:49:26 +0000 2017,Fri Oct 13 23:56:06 +0000 2017
159,24013,466178,1,False,@SpotifyCares please help. My username is Austinbullard22 https://t.co/UbhGY64Dub,@466178 Hey James! Sorry for the delay. We've just sent you a bit more info over DM. We'll carry on helping out there /KB,Sat Nov 25 17:11:24 +0000 2017,Sun Nov 26 02:09:06 +0000 2017
160,10735,423124,1,False,@SpotifyCares i dont use my email anymore from my spotify pre account and now i cant make a new password because i forgotten it. Pls help me,@423124 Hi! We've just sent a DM your way. Let's carry on chatting there /RA,Thu Oct 26 21:49:44 +0000 2017,Thu Oct 26 22:05:16 +0000 2017
161,19847,719570,1,False,@115888 It would be great to have Tool's music in Spotify,"@719570 Hey, we'd love to have them on Spotify! Hopefully we will in the future. Check this out: https://t.co/MEjmIRL2eB /AR",Thu Nov 16 03:44:35 +0000 2017,Thu Nov 16 04:26:47 +0000 2017
162,16186,628139,1,False,"BRING BACK BTOB'S  ""COMPLETE"" AND ""I MEAN"" ALBUM, @115888 PLEASE! https://t.co/NUE7zX7u8Y","@628139 Hey, we hear you! Sometimes content gets temporarily removed due to licensing changes. Hopefully we'll have it available again soon 🙂 /TR",Wed Nov 08 17:18:56 +0000 2017,Wed Nov 08 17:39:14 +0000 2017
163,19624,711918,1,False,"@SpotifyCares I'm having trouble connecting Spotify Premium for Students with Hulu. ""We’re having trouble authorizing your account with Spotify. Please contact Spotify support to help resolve this issue."" https://t.co/9aXqsrhB4l",@711918 Hey Luke! We've sent a DM your way. We'll carry on helping you there /SJ,Wed Nov 15 18:18:44 +0000 2017,Wed Nov 15 18:40:51 +0000 2017
164,10701,422193,1,False,hey @115888 can you friggin turn down the volume on your damn commercials? -3db &gt; 0db #noisewars and don't give me that crap about premium!,"@422193 Hi there. We're sorry you feel that way. We appreciate your feedback, and we'll be sure to pass it on to our Ads team /LM",Thu Oct 26 20:17:53 +0000 2017,Thu Oct 26 20:57:13 +0000 2017
165,395,603946,1,False,WHY CANT I PLAYBACK A SONG  @115888 IM ALREADY USING A PREMIUM ACCOUNT I PAID MY DUES WHAT MORE DO YOU WANT I CANT TURN OFF THE SHUFFLE PLAY TOO,"@82094 Hi Beeby, the calvary's here! Can you DM us your account's email address or username? We'll take a look under the hood /ME https://t.co/ldFdZRiNAt",Wed Oct 04 15:21:05 +0000 2017,Wed Oct 04 15:30:13 +0000 2017
166,14746,496721,1,False,"@SpotifyCares i already email my account’s problem and thank you but your reply isn’t helping at all, i’ve been reading FAQ and no solution

@SpotifyCares Or at least you can tell me that my account is being blocked because i didn’t verification my spotify family",@496721 Got it! Could you DM us your account's username and email address? We'll take a look backstage /DF https://t.co/ldFdZRiNAt,Mon Nov 06 00:32:32 +0000 2017,Mon Nov 06 00:39:58 +0000 2017
167,21603,765012,1,False,@115888 the MOS stripped album on the app is not the acoustic version of the songs????,@765012 Hi! We make content available in whatever form it’s given to us. Where possible we have both versions available. More info here: https://t.co/uKBxlsmKqi /SV,Mon Nov 20 13:00:06 +0000 2017,Mon Nov 20 14:08:10 +0000 2017
168,26980,225891,1,False,"IT'S 12 O CLOCK ONA DAH!! let's go @115888 https://t.co/4AeLsi2o3B

@SpotifyCares oh no it was there at 12 y'all did great &lt;3","@225891 @115888 Got it. We can’t make any promises but we’ll pass your feedback onto the right folks. Thanks for sharing your thoughts! /RH

@225891 Thanks for the kind words! If there's anything else, just give us a shout 🙂 /RH",Fri Dec 01 05:00:09 +0000 2017,Fri Dec 01 05:42:32 +0000 2017
169,13162,451530,1,False,"@115888 I'm trying to update my country on my account from SE to the USA and there seems to be a bug, please help!",@451530 Hey there! Can you DM us your account's email address? We'll take a look backstage /RB https://t.co/ldFdZRiNAt,Thu Nov 02 04:52:48 +0000 2017,Thu Nov 02 05:23:21 +0000 2017
170,2603,615562,1,False,"@115888 why is my credit card getting charged for you guys, yet I keep getting emails saying I haven’t 🙄🙄","@615562 Hey Emma, help's here! Could you DM us your account's username and email? We'll do some digging 🔍 /DQ https://t.co/ldFdZRiNAt",Mon Oct 09 20:44:39 +0000 2017,Mon Oct 09 23:45:52 +0000 2017
171,17208,393512,1,False,When is #reputation coming to @115888? 😭,"@393512 Hi! Taylor Swift's 'Reputation' isn't available to stream just yet – stay tuned! For now, check out the singles: https://t.co/3h0TnPWP0c /NH",Fri Nov 10 15:59:20 +0000 2017,Fri Nov 10 16:57:29 +0000 2017
172,9926,275016,1,False,@117168 why was Jersey Devil by Ducktails removed?,@275016 Hey! Licensing agreements can affect music availability. There's info about Spotify content here: https://t.co/YlV1IAXwsi /RC,Wed Oct 25 09:33:48 +0000 2017,Wed Oct 25 10:37:08 +0000 2017
173,22162,400732,1,False,@SpotifyCares I take back what I said about switching to Apple Music just want to know why my account has reverted to a free one x https://t.co/veEdr7JwpM,@400732 Hey Harry. Can you DM us your account's username and email address? We'll take a look backstage /TF,Tue Nov 21 15:55:09 +0000 2017,Tue Nov 21 16:39:48 +0000 2017
174,27519,243845,1,False,"@SpotifyCares Hello there, I'm running Spotify free at the moment. I want to avail your promo $0.99/premium by the time i need to register my account,it always pop up saying enter your valid postal code.could you please help me to fix this issue..thank you",@243845 Hey! We've just replied to your DM. We'll carry on helping out there /MU,Sat Dec 02 02:58:00 +0000 2017,Sat Dec 02 12:24:26 +0000 2017
175,1963,199523,1,False,@SpotifyCares Fun fact: Neotropic’s song La Centinela is longer than 40 seconds. https://t.co/nxan3zw0Z9 vs https://t.co/rwXqo6wZi9,"@199523 Hey, thanks for the heads-up. No worries, we'll get this reported. Great detective work! https://t.co/LpsmyUtme0 😉 /NY",Sun Oct 08 10:00:19 +0000 2017,Sun Oct 08 11:04:44 +0000 2017
176,11463,520665,1,False,"My @115888 ads are in Dutch now, but I’d recognize the ad free music option anywhere.

@SpotifyCares I am living abroad in the Netherlands for a year, so I’m assuming it’s because I’m using the internet here. Only my ads have changed.","@520665 Hey Megan, help's here! Can you give us more info about what's happening? We'll be waiting for your reply /MG

@520665 Thanks for the info. Can you DM us your account's email address? We'll check under the hood /NY https://t.co/ldFdZRiNAt",Sat Oct 28 20:43:15 +0000 2017,Sun Oct 29 12:21:57 +0000 2017
177,3821,313095,1,False,"@SpotifyCares Uh spotify, why did you just log me out then tell me my email doesn't exist when I try to reset my password?

@SpotifyCares Your support team is slower than your programming monkeys - it was fixed by the time you responded.","@313095 Hey there! That's not cool. Can you DM us your account's email address or username? We'll take a look backstage /PB https://t.co/ldFdZRiNAt

@313095 Sorry for the delay, but glad to hear it's working. Let us know if you need anything else. We'd be happy to help /PB",Thu Oct 12 15:49:14 +0000 2017,Thu Oct 12 19:01:30 +0000 2017
178,4113,316324,1,False,I wish there was a @115888 or @129941 filter so I could exclude any abusers from my otherwise lit station.,"@316324 Hey Shady, we can see how that’d be useful! You can vote for the official idea here: https://t.co/hlXvRg5Zog /TF",Thu Oct 12 23:41:57 +0000 2017,Fri Oct 13 00:00:11 +0000 2017
179,18709,682735,1,False,@SpotifyCares  is there a way to block explicit songs from random playlists. I can’t listen to these at work.,"@682735 Hey there, we hear you! To help make it happen, we’d recommend showing your support for the idea here: https://t.co/CdI1SY9KZE /KL",Mon Nov 13 22:02:05 +0000 2017,Mon Nov 13 22:08:37 +0000 2017
180,4511,542459,1,False,@125633 hi. where can i inquire about outstanding SfA access requests? still waiting on my whole label's roster. tvym,"@542459 Hey Adam, help's here! Could you DM us the email you used to register to Spotify for Artists with? We'll reach out to the right team /T https://t.co/ldFdZRiNAt",Fri Oct 13 16:22:23 +0000 2017,Fri Oct 13 19:35:01 +0000 2017
181,9345,380213,1,False,the fact that i can't stream this on @115888 makes me very upset https://t.co/DAGKCfLUwm,"@380213 Hi! Fingers crossed we'll be able to have it soon, but there's info about Spotify content here: https://t.co/0i8GpimuDa /RB",Mon Oct 23 22:25:27 +0000 2017,Mon Oct 23 23:29:28 +0000 2017
182,4656,379442,1,False,Why is not playing trivium in spotify?@115888 @41273,@379442 Hey there! What exactly is going on with your Spotify? We'll see what we can suggest /BH,Fri Oct 13 21:00:58 +0000 2017,Fri Oct 13 22:42:21 +0000 2017
183,2307,205918,1,False,"When is @115888 going to put a sleep timer in their settings? 
Because I could use that right now.",@205918 Hey Lauren! A sleep timer is a great idea. Help make it happen by adding support here: https://t.co/pMmX7wXq24 /RA,Mon Oct 09 05:35:23 +0000 2017,Mon Oct 09 05:46:37 +0000 2017
184,20140,501639,1,False,@115888 how long until you fix the “connect to Facebook” button? Been getting an error for days...,"@501639 Hey there, help's here! Could you DM us your account's email address? We'll take a look backstage /CG https://t.co/ldFdZRiNAt",Thu Nov 16 17:17:06 +0000 2017,Thu Nov 16 17:24:54 +0000 2017
185,11332,496732,1,False,@115888 you should have frequencies of radio stations,@496732 We can see how that’d be useful! Suggest it in our Community where you can get support from other fans: https://t.co/WgY7GXI7jf /JN,Sat Oct 28 11:23:22 +0000 2017,Sat Oct 28 12:11:35 +0000 2017
186,24784,793818,1,False,"@SpotifyCares whenever I’m on twitter and open a GIF, the music pauses. I’m on the iOS 11.2 public beta.

@SpotifyCares Hey hey! It unfortunately does not. It could be a bug within Twitter, Spotify or even iOS itself. It’s not a big deal, just wanted to let y’all know.","@793818 Hey there, help's here! Does logging out &gt; restarting the device &gt; logging back in help? Keep us posted /AL

@793818 Thanks for letting us know, we appreciate it! We’ll get this feedback passed onto the right team. If you ever need anything else, just shout and we'll come running 🏃 /AL",Mon Nov 27 15:43:27 +0000 2017,Mon Nov 27 22:37:39 +0000 2017
187,23292,141287,1,False,@115888 @117168 @SpotifyCares  my mom is being charged every month for premium service but her account doesn't have premium features. She doesn't want spotify at all and she can't figure out how to quit being charged. Any help?,@141287 Hey Briar! Can you DM us your mom's username or email address? We'll check on this for you /NH https://t.co/ldFdZRiNAt,Thu Nov 23 20:12:06 +0000 2017,Thu Nov 23 20:49:19 +0000 2017
188,21811,769324,1,False,"@117168 my music stops playing everytime I open Snapchat or get a notification! Using the newest version of Spotify on iPhone X! Help

@SpotifyCares I’m using Spotify version 8.4.28 and ios 11.1.1  thank you!","@769324 Hey there! The cavalry's here. Could you let us know the exact iOS and Spotify version you're using? We'll see what we can suggest /KB

@769324 Got it! Is this happening on 3G/4G, WiFi, or both? Does restarting your device by holding the Sleep/Wake + Volume Down buttons for 10 seconds make any difference? /KB",Mon Nov 20 22:34:57 +0000 2017,Mon Nov 20 22:50:50 +0000 2017
189,15864,532715,1,False,@SpotifyCares can we have a save button on the ios lockscreen widget?,"@532715 We hear you! To help make it happen, we’d recommend showing your support for the idea here: https://t.co/iej5KTSVRI /LO",Wed Nov 08 01:38:14 +0000 2017,Wed Nov 08 01:47:49 +0000 2017
190,19396,704738,1,False,"What does this mean @115888
🧐🧐🧐 https://t.co/ZaxIVbZ85p",@704738 Hey Daniela! The Stranger Things Mode is an easter egg feature that adds some visual effects to your app. Hope this info helps /GK,Wed Nov 15 07:38:43 +0000 2017,Wed Nov 15 07:44:21 +0000 2017
191,19324,703401,1,False,When is @115888 going to be updated for the iPhone X? It’s about time.,@703401 Hey Cibelly! We understand - we’re working on it as we speak. Stay tuned 🎶 /FR,Wed Nov 15 03:26:45 +0000 2017,Wed Nov 15 04:11:26 +0000 2017
192,10630,420033,1,False,"@115888 why…!? 🙄😭🙄 https://t.co/W3sptllBh9

@SpotifyCares Yes.

@SpotifyCares An iPhone SE and yes this is the first time I’ve seen this.

@SpotifyCares Yes! Thanks for getting back to me so fast!

@SpotifyCares I did not! Thank you so much for your help!","@420033 Hey Rachel! Just to make sure we're on the same page, were you trying to listen to the ad for 30 minutes of ad-free music? /TW

@420033 Thanks! What device were you listening on? Is this the first time you've seen this happen? /TW

@420033 Got it. Can you try logging out, restarting the app, then logging back in? Let us know how it goes /SJ

@420033 You're welcome! Do you still experience the issue after restarting the app? /SJ

@420033 You're welcome! Give us a shout if you need anything else. We're... https://t.co/fgy8YvXib9 /SJ",Thu Oct 26 16:58:54 +0000 2017,Thu Oct 26 19:25:38 +0000 2017
193,17691,662183,1,False,@SpotifyCares any plans to support iPhone X display with the app anytime soon?,"@662183 Hey Eric, great question! We’re working on it as we speak. Stay tuned, we'll be keeping everyone in the loop /TB",Sat Nov 11 16:05:32 +0000 2017,Sat Nov 11 17:43:23 +0000 2017
194,1516,300056,1,False,"@115888 When are you coming to India?? #spotifyindia @116618 @15462 ... already arrived. Standing w/open arms, come2india.",@300056 Hi Manish! We're launching in new countries as often as possible. Be sure to add your email at https://t.co/X8DVSX9QgM 🙂 /NY,Sat Oct 07 03:58:21 +0000 2017,Sat Oct 07 04:26:06 +0000 2017
195,11214,439537,1,False,@SpotifyCares Is there any way you can lock the daily mixes I have right now? Cause they’re amazing #dailyfiremixes,"@439537 1: Hey! Glad to hear you're digging your Daily Mix. Although it's not possible to lock the tracks that you have right not, you can...

@439537 2: save those to a separate playlist. Let us know if you need a hand with anything else 🙂 /MG",Fri Oct 27 23:34:19 +0000 2017,Sat Oct 28 00:07:55 +0000 2017
196,4883,363423,1,False,"@115888 @123765 why doesn't it allow me to preview songs off my timeline? The song shows that its loading but nothing plays

@SpotifyCares Samsung 7 edge

@SpotifyCares No it did not

@SpotifyCares No error message, it just doesn't load... I'll send  a pic

@SpotifyCares  https://t.co/Q6FcGeawVg

@SpotifyCares It happens with every track i try to preview

@SpotifyCares And reinstalling it did nothing

@SpotifyCares For spotify or twitter?","@363423 Hey! Don’t worry, we can help. Can you let us know the device/OS you’re using? We'll see what we can suggest /CO

@363423 Thanks. Have you tried logging out &gt; restarting your device &gt; then logging back in? Does that help at all? /CO

@363423 Hmm. Are you getting any error messages? Can you send us a screenshot or a clip of what happens when you select a track to play? /CO

@363423 Got it. Does this happen with any track? It's not ideal, but the exact steps here should help out: https://t.co/EqisDMwZAT /CO

@363423 Alright, thanks for trying that. Could you send us a DM with your account's email address or username? We'll take a look backstage /CO https://t.co/ldFdZRiNAt

@363423 Oops! Our apologies for the confusion. We're asking for your Spotify account details. We'll be waiting /CO https://t.co/ldFdZRiNAt",Sat Oct 14 14:02:35 +0000 2017,Sat Oct 14 19:46:49 +0000 2017
197,14489,594799,1,False,@SpotifyCares why are there random songs on my spotify account that cant be played? ive played them a bunch of times before,@594799 Hi! Are you getting an error message? Sending us your device's make/model and the versions of its OS and the app would be great too /CX,Sun Nov 05 08:20:05 +0000 2017,Sun Nov 05 09:06:55 +0000 2017
198,9875,402108,1,False,"@SpotifyCares hello when will my time capsule update/refresh ?

@SpotifyCares Is it a one time thing, or will it ever update?","@402108 Hey Will! We're afraid that Your Time Capsule doesn't update like your Discover Weekly. We hope this clears things up /CH

@402108 Yes! It's a once off playlist consisting of personalized content algorithmically created based on your previous listening history 🙂 /CH",Wed Oct 25 05:25:44 +0000 2017,Wed Oct 25 05:47:07 +0000 2017
199,25140,801263,1,False,@SpotifyCares for some reason I’ve been charged 3 times this month can you please help ?,"@801263 Hey! Don't worry, we can help. Can you DM us your account's email address? We'll check under the hood /NY https://t.co/ldFdZRiNAt",Tue Nov 28 11:25:38 +0000 2017,Tue Nov 28 14:22:35 +0000 2017
200,2491,614812,1,False,"My artist name is not showing up correctly on Spotify, how can we fix that? @SpotifyCares",@614812 Hey there! You'll need to reach out to your distributor to get this fixed up. There's some more info here: https://t.co/wljA2WvAjK /SU,Mon Oct 09 16:14:02 +0000 2017,Mon Oct 09 17:06:12 +0000 2017
201,12757,122390,1,False,@SpotifyCares my friends invited me on spotify family through email. But every time i fill the address its always said somethings went wrong,@122390 Hey Andre! Can you DM us your account's username or email address? We'll take a look under the hood /RS https://t.co/ldFdZRiNAt,Wed Nov 01 09:18:32 +0000 2017,Wed Nov 01 11:00:29 +0000 2017
202,6577,429920,1,False,"@SpotifyCares Can’t play Beck’s new album and some other stuff in my library. Help?

@SpotifyCares iMac (macos 10.12.6), iPhone (iOS 11.03) Spotify (ver 8.4.22.515)

@SpotifyCares This one for sure: https://t.co/WmMIWfggAe

@SpotifyCares Can’t play this artist either: https://t.co/DwDNBnUeDQ

@SpotifyCares Sadly, it did not. Still won’t play.","@429920 Hi, help's arrived! What devices is this happening on? Also, what operating system and version of Spotify do you have? Keep us posted /JQ

@429920 Thanks. Can you send us the Album Link? Have you noticed if it's happening with certain artists/albums/songs? /AY

@429920 Got it. Try logging out &gt; restarting your devices &gt; logging back in. Does that make a difference? /AY

@429920 Hmm. Could you DM us your account's email address or username? We'll take a closer look /AY https://t.co/ldFdZRiNAt",Wed Oct 18 02:10:00 +0000 2017,Wed Oct 18 11:25:33 +0000 2017
203,9883,567430,1,False,Why isn't there @50463 The Island Kid on @115888 ): #ph1 #theislandkid #h1ghrmusic #aomg,"@567430 Hey there! We’d love to have all of their stuff available, but we have some info about content here: https://t.co/0i8GpimuDa /NS",Wed Oct 25 06:41:45 +0000 2017,Wed Oct 25 06:49:01 +0000 2017
204,28077,258471,1,False,"""Colors"" by @3270 why are you not on @115888 ?😕
-concerned fan","@258471 Hi Magali! Fingers crossed we'll be able to have it soon, but there's info about Spotify content here: https://t.co/1dgftcFtzc /DV",Sun Dec 03 03:56:31 +0000 2017,Sun Dec 03 15:04:30 +0000 2017
205,23520,149487,1,False,@115888 Whhhhaattt ? My library isn't unlimited ?? https://t.co/AgjVsgpfZi,@149487 Hi Michelle! There's currently a 10k limit in Your Music (Songs + Albums + Artists). More info here: https://t.co/59ABtm5Ftl /AU,Fri Nov 24 10:14:43 +0000 2017,Fri Nov 24 14:31:24 +0000 2017
206,11676,340612,1,False,"@115888 Hi all, thought you'd like to correct your bio on @95529 from ""White"" to 'Wise'

@SpotifyCares It's nothing to do with the platform of which I'm using, you've not put the correct surname for the artist that I've tagged.","@340612 Hey there! What's happening exactly? Could you let us know the device/OS you're using? We'll see what we can suggest /DF

@340612 Thanks. We'll get this reported. Great detective work! https://t.co/LpsmyUtme0 /",Sun Oct 29 15:14:41 +0000 2017,Sun Oct 29 18:49:20 +0000 2017
207,19848,351734,1,False,@181186 i want to work with you guys. Is it possible? I have a degree in computer information,"@351734 Hey Nasi! For more info on job vacancies, click here: https://t.co/c1Z94oBFOl. Hope that helps. If you have questions, let us know /RA",Thu Nov 16 03:49:57 +0000 2017,Thu Nov 16 04:23:56 +0000 2017
208,23976,716272,1,False,Hey @115888 @SpotifyCares i applied for premium but why is this the only thing that's showing? I dont get it https://t.co/g6fWjhMn9G,@716272 Hey! Help's here. Can you DM us your account's email address? We'll take a look backstage /RA https://t.co/ldFdZRiNAt,Sat Nov 25 14:54:48 +0000 2017,Sat Nov 25 22:58:47 +0000 2017
209,19306,700253,2,True,"@SpotifyCares What's the deal here? Why the cap? https://t.co/4H1k7jlxhf

@SpotifyCares I understand that. Why is there such a small limit?

@SpotifyCares I was waiting for a follow-up, looks like you didn't finish this tweet.

@SpotifyCares That's a canned response. Limit the # of downloads if anything. Don't limit the library size.

@SpotifyCares Thank you, that's what I like to hear! Have a good night!","@700253 Hey Tanner! There's currently a 10k limit in Your Library (Songs + Albums + Artists). More info here: https://t.co/59ABtm5Ftl /KB

@700253 1: The limit ensures that the app runs smoothly for everyone. By the way, there's no limit to the number of tracks you can...

@700253 2: add to a playlist. You can also vote for the official idea here: https://t.co/8OOl8B2i69 /KB

@700253 We hear you 🎧 Rest assured your feedback's been noted and passed on to the right folks. Any questions, just give us a shout /AN

@700253 You're welcome! Let us know if you ever need us again. We'd be... https://t.co/LgAM6ky9Vv /AN",Wed Nov 15 02:35:59 +0000 2017,Thu Nov 16 03:16:07 +0000 2017
210,6630,552159,1,False,"@117153 hi, i already paid for 3 months, and i only have one account of spotify. But, why my premium account doesn’t work?, thank you","@552159 Hey, help's here! Can you DM us your account's email address? We'll take a look backstage /JN https://t.co/ldFdZRiNAt",Wed Oct 18 06:09:40 +0000 2017,Wed Oct 18 06:44:50 +0000 2017
211,3903,363148,1,False,"Hi @SpotifyCares I love you but your CarPlay app is AWFUL. Are you working on making it better? @115948 is looking tempting 🤒🤒🤒🤒

@SpotifyCares Hi! DM’d!",@363148 Hi Tommy! The cavalry's here. Can you send us a bit more info on what's happening? We'll see what we can do /AU,Thu Oct 12 17:14:11 +0000 2017,Thu Oct 12 17:36:56 +0000 2017
212,7250,646927,1,False,"@SpotifyCares Just a FYI, not sure may workplaces will appreciate this advertising.... https://t.co/qf8Eo9ujwF",@646927 Hey Leo! Thanks for the feedback. We'll make sure to pass it on to the right team /AY,Thu Oct 19 14:31:15 +0000 2017,Thu Oct 19 15:02:27 +0000 2017
213,11931,641612,1,False,"@115888 I'm tryna buy premium for a year that shit possible? If so how much woe?

@SpotifyCares Thank you @115888 for satisfying another customer  this is why you'll always be better than @115948","@641612 Hey! Sure we do. Just select 'See more offers' on the Payments page. This should bring up the option to pay yearly /NQ

@641612 Woohoo, that's what we like to hear! Give us a shout if you need us again, otherwise... https://t.co/SkdXv2BhCb /DR",Mon Oct 30 06:10:33 +0000 2017,Mon Oct 30 06:26:44 +0000 2017
214,4001,314615,1,False,"@115888 Artist servers are down. Cant access.

@SpotifyCares Nevrmind you guys fixed it.","@314615 Hey! Can you send us a screenshot of what you're seeing? Also, does this happen even when using an incognito window/other web browser? /SJ

@314615 You're welcome! Give us a shout if you need anything else. We're... https://t.co/fgy8YvXib9 /SJ",Thu Oct 12 19:55:03 +0000 2017,Thu Oct 12 20:51:49 +0000 2017
215,10509,417031,1,False,"@SpotifyCares 
Just trying to pay for a subscription using iTunes credits and it’s not giving me that option it just sends me to the website can you help please? Please respond to my DM",@417031 Hi! We've just sent you a DM 🙂 /GK,Thu Oct 26 12:37:30 +0000 2017,Thu Oct 26 13:33:08 +0000 2017
216,12599,814824,1,False,"Hey, Spotify, I want my money back https://t.co/Z50MJjB7x9",@814824 Hey Leor! Sorry to hear that. Could you DM us with what's happening? We'll be glad to help /Q https://t.co/ldFdZRiNAt,Tue Oct 31 19:38:27 +0000 2017,Tue Oct 31 19:59:06 +0000 2017
217,27219,233791,1,False,@115888 hello I believe my account has been compromised,"@233791 Hey Fred, help's here! Could you DM us your account's email address and username? We'll take a look backstage /CG https://t.co/ldFdZRiNAt",Fri Dec 01 16:58:17 +0000 2017,Fri Dec 01 18:43:18 +0000 2017
218,17158,653045,1,False,I'm pissed because someone hacked my @115888 and now all my playlists are gone. #trash,@653045 Hey! We’re sorry to hear that. Can you DM us your account's email address or username? We'll take a look backstage /KM https://t.co/ldFdZRiNAt,Fri Nov 10 14:01:54 +0000 2017,Fri Nov 10 15:01:18 +0000 2017
219,9105,563001,1,False,@115888 why can't I block explicit songs??,"@563001 Hi! It's not possible right now. To help make it happen, we’d recommend showing your support for the idea here: https://t.co/CdI1SY9KZE /PB",Mon Oct 23 13:21:52 +0000 2017,Mon Oct 23 15:18:40 +0000 2017
220,26609,135881,1,False,"OK, it just happened again and I updated my account , @SpotifyCares can you help? Someone is hijacking my account.

@SpotifyCares OK, I did all those steps, fingers crossed and Thanks!","@135881 Hi there! We’re sorry to hear that. We'd suggest checking out https://t.co/iVpg60w61i for what to do next. Let us know if we can help with anything else /GN

@135881 No worries! You know where to find us if you'll ever need our help again. We'll be right here for you 💚 /GN",Thu Nov 30 15:07:34 +0000 2017,Thu Nov 30 15:46:48 +0000 2017
221,17263,393471,1,False,"@117153 - How 2 delete a song from a playlist, when  hearing the playlist.. ?",@393471 Hi there! You can edit your playlists with ease. We have some more info on this for you here at: https://t.co/a38Mc2DlCx 🙂 /JI,Fri Nov 10 17:39:26 +0000 2017,Fri Nov 10 18:06:28 +0000 2017
222,3043,536851,1,False,"When will @115888 allow you to put your songs in alphabetical order 🙄

@115888 Am I idiot figured it out https://t.co/2Fea5P5GxQ","@536851 Hi Melissa, help's here! You can sort and filter your Spotify playlist with ease. We have some more info here: https://t.co/xI3OJnGhP6 🙂 /JI",Tue Oct 10 21:00:12 +0000 2017,Wed Oct 11 16:48:44 +0000 2017
223,8377,561101,1,False,"@115888 when I search for an album and then select Shuffle Play, why does it play other songs by random artists instead?
#Annoying #NotCool",@561101 @115888 Hi there! Can you DM us your account's email address or username? We'll take a look backstage /GT https://t.co/ldFdZRiNAt,Sat Oct 21 11:52:05 +0000 2017,Sat Oct 21 14:39:56 +0000 2017
224,17760,665820,1,False,"@SpotifyCares i am paying for the premium service, but its not working, i cannot shuffle or forward more than 6 times, can you help please",@665820 Hi there. Can you DM us your account's email address? We'll take a look backstage /LM https://t.co/ldFdZRiNAt,Sat Nov 11 18:51:57 +0000 2017,Sat Nov 11 22:13:22 +0000 2017
225,15603,601110,1,False,"@SpotifyCares my premium account has been paused yet you’re still taking money out of my account? Shocking, can this be fixed?!",@601110 Hey Ellice! We're sorry you feel that way. We've just sent you a bit more info over DM. We'll carry on helping out there /CP,Tue Nov 07 15:27:21 +0000 2017,Tue Nov 07 16:23:00 +0000 2017
226,16065,624399,1,False,"Michael Buble is not big band music, get him the heck off these playlists @115888","@624399 Hey there! Thanks for the feedback. Our Curation team are independent, but we’ll make sure to pass on your suggestion /TM",Wed Nov 08 13:51:16 +0000 2017,Wed Nov 08 14:33:49 +0000 2017
227,12330,582367,1,False,@115888 @9743 can you show all of the lyrics with every song?,"@582367 Hey! This isn't currently possible, but we appreciate the feedback. We'll let the right team know it's something you'd like to see /AR",Tue Oct 31 04:22:20 +0000 2017,Tue Oct 31 04:43:36 +0000 2017
228,708,285882,1,False,"Here's what you can do, @115888 :  If having a huge saved library is problematic, say that and give power users better tools to edit them.","@285882 Hi Matthew, that's not cool! In any case, you can find more details that could help you out on that here: https://t.co/38J7tF47d5 /GK",Thu Oct 05 07:20:41 +0000 2017,Thu Oct 05 07:36:01 +0000 2017
229,2284,205702,1,False,". @115888 you got me confused. For a split second I wondered why @30368 and @22339 's song was titled Camila Cabello - Havana https://t.co/TYWqjesr45

@SpotifyCares Restarted phone and connections. Still the same. I dont mind tho, just found it funny. https://t.co/UEeFm3cjGF

@SpotifyCares  https://t.co/ERLxIw0uMA

@SpotifyCares 5.1 and I think this is the 2nd time it happened or was aware of

@SpotifyCares Thank you","@205702 Hi there! Does restarting your device and your connection help? Which Spotify version are you using? /NQ

@205702 Which Android version does your device currently have? Also, is this happening often? /NQ

@205702 Hmm. It's not ideal, but the exact steps here should help out: https://t.co/EqisDMwZAT /NQ

@205702 You're welcome! In case you have other concerns, don't hesitate to get back in touch. We're always... https://t.co/zOXI69QSqg /TM",Mon Oct 09 04:02:56 +0000 2017,Tue Oct 10 14:48:35 +0000 2017
230,7873,339707,1,False,"@SpotifyCares I need to cancel my account but my email was hacked and i don't have access to it and I don't want to keep being charged.

@SpotifyCares I have already done that and no one has gotten in touch with me. Like I said, I won't receive emails in the hacked account

@SpotifyCares That is the same contact method as I’ve already done. No one has contacted me back.","@339707 Hi there! We’re sorry to hear that. Check out https://t.co/QHn3ok8y2n for what to do next. Let us know if we can help with anything else /GN

@339707 Thanks for letting us know. We'd suggest contacting our Support team directly at https://t.co/ZgU70TbP8M. Any questions, give us a shout /GN

@339707 Can you DM us the email address you entered on the contact form? We'll take a look backstage /LM https://t.co/ldFdZRiNAt",Fri Oct 20 13:04:09 +0000 2017,Sat Oct 21 14:28:50 +0000 2017
231,1733,305513,1,False,"@SpotifyCares sent a reply in dm, can we fix the issue so I can stream soon? ☹️","@305513 Hey Tony, we've just sent a DM your way. Let's carry on chatting there 🙂 /DH",Sat Oct 07 17:18:28 +0000 2017,Sat Oct 07 19:05:45 +0000 2017
232,22125,203960,1,False,"@SpotifyCares - I'm trying to update my payment info for premium, but it'll only let me do so for the student discount, and keeps telling me I'm not a student. I know I'm not a student I just want spotify and i lost my old debit card plz help i am gonna die if it goes away

@SpotifyCares Just did! Thanks!","@203960 Hi Sarah. Don't worry, help's here! Can you DM us your account's email address or username? We'll see what we can do /XF",Tue Nov 21 14:40:28 +0000 2017,Tue Nov 21 23:05:15 +0000 2017
233,24909,795223,1,False,spotify on xbox is literally the shittiest app ive ever used. fix your fucking shit. @115888,@795223 Hey there! Could you tell us what's happening exactly? We'll see what we can suggest /DF,Mon Nov 27 20:24:26 +0000 2017,Mon Nov 27 23:13:16 +0000 2017
234,24331,777590,1,False,@SpotifyCares how do I get onto an account that has premium but I have no access to? Or cancel it?,@777590 Hey Abbie! We've just sent you a bit more info over DM. We'll carry on helping out there /DD,Sun Nov 26 14:03:52 +0000 2017,Mon Nov 27 00:49:59 +0000 2017
235,21938,714774,2,True,"Does @115888 have a feature for steaming what you’re currently listening to? @SpotifyCares

@SpotifyCares WELL YOU’VE BLOODY WELL GOT MY VOTE SPOTIFY. YOU TAKE CARE NOW.","@714774 Hey Danny! This isn't possible right now, but we can see how that’d be useful. You can vote for the official idea here: https://t.co/t64lsvMKm2 /KB

@714774 Awesome! If you need help with anything else, just give us a shout. Otherwise, have a... https://t.co/FQulrDtFky 😉 /GU",Tue Nov 21 03:40:08 +0000 2017,Tue Nov 21 15:32:52 +0000 2017
236,18292,402078,1,False,"@SpotifyCares Why aren't all the artists that I'm following, being displayed on the Artists page? https://t.co/2TjTx7WUi9

@SpotifyCares Thanks for that. Just sent you a dm",@402078 Hey there! Can you DM us your account's email address? We'll take a look backstage /MG https://t.co/ldFdZRiNAt,Mon Nov 13 02:25:27 +0000 2017,Mon Nov 13 03:59:39 +0000 2017
237,8928,373190,1,False,"Can't play the album ""年輪说"" @SpotifyCares

@SpotifyCares I just send u a private massage","@373190 Hey! Can you DM us your account's email address, as well as the Spotify URI of the album you're referring to? We'll check backstage /AR https://t.co/ldFdZRiNAt

@373190 We've just sent a DM your way. Let's carry on chatting there /ME",Sun Oct 22 23:46:02 +0000 2017,Mon Oct 23 16:25:52 +0000 2017
238,19547,709746,1,False,"@SpotifyCares You guys deleted all my playlists when I asked you to disconnect all the extra devices that were using all my accounts.. I've been building those for five years. Please fix!

@SpotifyCares and you downgraded my account in the process.. no email response, just completely reset my account.. ridiculous!!!",@709746 Hey Nathan! Help's here. Could you DM us your account's username or email address? We'll take a look backstage /TM https://t.co/ldFdZRiNAt,Wed Nov 15 15:37:05 +0000 2017,Wed Nov 15 15:40:52 +0000 2017
239,6258,513295,1,False,Excuse me @115888 why is Carly Simon you belong to me gone? Do you hate me?,@513295 Hi Alexandra! This may be down due to licensing matters and could be temporary. More info here: https://t.co/VMrgnGpB4G /NJ,Tue Oct 17 15:27:57 +0000 2017,Tue Oct 17 16:59:09 +0000 2017
240,9296,189197,1,False,"@SpotifyCares Hey there. I just moved my collection from Groove, and I upgraded a free account in the process. Why didn't I get 60 days free","@189197 Hey Phil, help's here! Can you DM us the account you're trying to upgrade's email address and username? We'll take a look backstage /ND https://t.co/ldFdZRiNAt",Mon Oct 23 20:28:04 +0000 2017,Mon Oct 23 22:39:51 +0000 2017
241,21222,751328,1,False,@SpotifyCares when will #reputation be available on spotify?,"@751328 Hey! We’ll have it available to you as soon as it’s available to us! For now, check out the singles: https://t.co/3h0TnPWP0c /BD",Sun Nov 19 09:10:24 +0000 2017,Sun Nov 19 09:16:26 +0000 2017
242,7779,517764,1,False,"@SpotifyCares please help me see if my account has made a premium transaction after my 30days trial because I'm sure I did cancel it

@SpotifyCares Done dm",@517764 Hey Mary! Could you send us a DM with your account's email address or username? We'll take a look backstage /MA https://t.co/ldFdZRiNAt,Fri Oct 20 08:40:14 +0000 2017,Fri Oct 20 12:20:13 +0000 2017
243,7707,676443,1,False,"Yo, I pay for premium and y’all don’t even have this album on here yet. @115888","@676443 Hey there, we'd love to help! Just to be sure, what album are you looking for? /JN",Fri Oct 20 04:43:26 +0000 2017,Fri Oct 20 06:12:51 +0000 2017
244,18371,473135,1,False,"do i play christmas songs on my drive to work this morning? or will i want a bop? or will i want an all out disney sing along sesh? or to cry to bob dylan? aka why doesn’t @115888 have a shuffle all playlists option.  that is all.

@SpotifyCares Cheers spotify",@473135 Hi Holly! You can add a vote for this idea here: https://t.co/tkblbYaJLE to help make it happen. Let us know if you need anything else /NY,Mon Nov 13 06:56:53 +0000 2017,Mon Nov 13 18:20:34 +0000 2017
245,23946,442196,1,False,@SpotifyCares my account has been hijacked and they also changed my email. I just reset my password tho and I hope it won’t happen again. I’m a premium user so please take this as a serious matter now that I know some ppl are complaining the same.,@442196 Hey there! We're sorry to hear that. Could you send us your account's username or email address via DM? We'll take a look backstage /LP https://t.co/ldFdZR1cbT,Sat Nov 25 12:11:43 +0000 2017,Sat Nov 25 21:37:33 +0000 2017
246,21404,760225,1,False,@115888 you were the best app ever UNTIL.... you took away where you hold down and you can listen to a little of the song. Now idk what to really add to my playlists.. BRING IT BACK PLEASE!!!!!! #SpotifyMusic,@760225 Hey! We have more info about this here: https://t.co/pXBCq8GlsI. Give us a shout if you have any questions /AK,Sun Nov 19 21:17:10 +0000 2017,Sun Nov 19 23:42:38 +0000 2017
247,21635,765520,1,False,@SpotifyCares you fucked up my daily mixes 😩😩😩 its completely ruined now,"@765520 Hi there! Daily Mix is based on your music taste, so we’d love to know how it’s doing. Tap ❤️ or 🚫 to improve your mix /DB",Mon Nov 20 15:01:50 +0000 2017,Mon Nov 20 15:06:30 +0000 2017
248,6804,551014,1,False,"@SpotifyCares attempting to listen to ""In Flames"". Says the song is not available. For all songs. rebooted device. all other bands work.

@SpotifyCares Desktop pc W10 10.0.15063 and spotify 1.0.65.320.gac7a8e02. Also iphone 6s OS 11.0.3.

@SpotifyCares the spotify version on the iphone is 8.4.22.515","@551014 Hey there, help's here! Can you let us know the device, OS, and Spotify version you're using? We'll see what we can suggest /RV

@551014 Got it, thanks! Could you send us a DM with your account's email address and username? We'll take a look backstage /RV https://t.co/ldFdZRiNAt",Wed Oct 18 16:47:13 +0000 2017,Wed Oct 18 18:39:03 +0000 2017
249,9418,383489,1,False,"@SpotifyCares trying to convert my account to the student bundle, but I get an error when clicking “get started”.",@383489 Hey there! Can you DM us your account's email address or username? We'll take a look /NS https://t.co/ldFdZRiNAt,Tue Oct 24 02:54:55 +0000 2017,Tue Oct 24 04:02:57 +0000 2017
250,14737,501411,1,False,@SpotifyCares cant send invitesfor my family https://t.co/aNYWfVaQ8r charged me quickly.Getting pissed.Clicked the family and nothing appear,@501411 Hey Patrick! Can you DM us your account's email address or username? We'll check backstage /AR https://t.co/ldFdZRiNAt,Mon Nov 06 00:10:51 +0000 2017,Mon Nov 06 02:33:18 +0000 2017
